Workbook

Sheet data
A1: Title prefix:
A2: Pool | B2: Player Name | C2: Player Dojo | D2: Display Name | E2: Player Number | F2: Metadata
A3: Pool A | B3: Oliver Walker | C3: Team Epsilon | D3: WALKER | E3: K1
A4: Pool A | B4: Fyodor Dostoevsky | C4: Team Zeta | D4: DOSTOEVSKY | E4: K2
A5: Pool A | B5: Samwise Gamgee | C5: Team Tau | D5: GAMGEE | E5: K3
A6: Pool B | B6: Michael Lewis | C6: Team Gamma | D6: LEWIS | E6: K4
A7: Pool B | B7: Bram Stoker | C7: Team Beta | D7: STOKER | E7: K5
A8: Pool B | B8: Kaden Martin | C8: Team Alpha | D8: MARTIN | E8: K6
A9: Pool C | B9: Isaac White | C9: Team Iota | D9: WHITE | E9: K7
A10: Pool C | B10: Nolan Clark | C10: Team Delta | D10: CLARK | E10: K8
A11: Pool C | B11: Petyr Baelish | C11: Team Pi | D11: BAELISH | E11: K9
A12: Pool D | B12: Gabriel Thomas | C12: Team Eta | D12: THOMAS | E12: K10
A13: Pool D | B13: Kevin Clark | C13: Team Alpha | D13: CLARK | E13: K11
A14: Pool D | B14: Tyrion Lannister | C14: Team Upsilon | D14: LANNISTER | E14: K12
... A93: Pool AE | B93: Thomas Hardy | C93: Team Upsilon | D93: HARDY | E93: K91

Sheet Time Estimator
A1: Number of pools | B1: Team size | C1: Matches per pool | D1: Time per match | E1: Total time for matches | F1: Padding time for rotation | G1: Time for breaks | H1: Total Time
A2: 31 | B2: 1 | C2: 89 | D2: 0.0020833333 | E2: =(A2*B2*C2*D2) | F2: 0.00034722222 | G2: 0.020833333 | H2: =C2*I2+J2
A3: 0 | B3: 0 | C3: 0 | D3: 0.0020833333 | E3: =(A3*B3*C3*D3) | F3: 0.00034722222 | G3: 0.020833333 | H3: =E3+(A3*C3*F3)+G3
A7: Number of Elimination Matches | B7: Team size | D7: Time per match | E7: Total time for matches | F7: Padding time for rotation | G7: Time for breaks | H7: Total Time
A8: 61 | B8: 1 | D8: 0.0027777778 | E8: =(A8*B8*D8) | F8: 0.00034722222 | G8: 0.020833333 | H8: =E8+(A8*F8)+G8
E13: Tournament Summary
A14: 2 | E14: Total Pool Time | H14: =H2
E15: Total Elimination Time | H15: =H8
E16: Grand Total (Sequential) | H16: =H14+H15
E17: Grand Total (Parallel across Courts) | H17: =H16/A14
E18: Start Time: | H18: 0.375
E19: Estimated Finish Time | H19: =H18+H17

Sheet Pool Draw
B2: =IF(data!$B$1="","Tournament Pools",data!$B$1&" - Tournament Pools")
B5: ='data'!$A$5 | D5: ='data'!$A$38 | F5: ='data'!$A$67
B6: =data!$E$3&" "&data!$B$3 | D6: =data!$E$36&" "&data!$B$36 | F6: =data!$E$65&" "&data!$B$65
B7: =data!$E$4&" "&data!$B$4 | D7: =data!$E$37&" "&data!$B$37 | F7: =data!$E$66&" "&data!$B$66
B8: =data!$E$5&" "&data!$B$5 | D8: =data!$E$38&" "&data!$B$38 | F8: =data!$E$67&" "&data!$B$67
B11: ='data'!$A$8 | D11: ='data'!$A$41 | F11: ='data'!$A$70
B12: =data!$E$6&" "&data!$B$6 | D12: =data!$E$39&" "&data!$B$39 | F12: =data!$E$68&" "&data!$B$68
B13: =data!$E$7&" "&data!$B$7 | D13: =data!$E$40&" "&data!$B$40 | F13: =data!$E$69&" "&data!$B$69
B14: =data!$E$8&" "&data!$B$8 | D14: =data!$E$41&" "&data!$B$41 | F14: =data!$E$70&" "&data!$B$70
B17: ='data'!$A$11 | D17: ='data'!$A$44 | F17: ='data'!$A$73
B18: =data!$E$9&" "&data!$B$9 | D18: =data!$E$42&" "&data!$B$42 | F18: =data!$E$71&" "&data!$B$71
B19: =data!$E$10&" "&data!$B$10 | D19: =data!$E$43&" "&data!$B$43 | F19: =data!$E$72&" "&data!$B$72
B20: =data!$E$11&" "&data!$B$11 | D20: =data!$E$44&" "&data!$B$44 | F20: =data!$E$73&" "&data!$B$73
B23: ='data'!$A$14 | D23: ='data'!$A$47 | F23: ='data'!$A$76
B24: =data!$E$12&" "&data!$B$12 | D24: =data!$E$45&" "&data!$B$45 | F24: =data!$E$74&" "&data!$B$74
B25: =data!$E$13&" "&data!$B$13 | D25: =data!$E$46&" "&data!$B$46 | F25: =data!$E$75&" "&data!$B$75
B26: =data!$E$14&" "&data!$B$14 | D26: =data!$E$47&" "&data!$B$47 | F26: =data!$E$76&" "&data!$B$76
B29: ='data'!$A$17 | D29: ='data'!$A$49 | F29: ='data'!$A$79
B30: =data!$E$15&" "&data!$B$15 | D30: =data!$E$48&" "&data!$B$48 | F30: =data!$E$77&" "&data!$B$77
B31: =data!$E$16&" "&data!$B$16 | D31: =data!$E$49&" "&data!$B$49 | F31: =data!$E$78&" "&data!$B$78
B32: =data!$E$17&" "&data!$B$17 | F32: =data!$E$79&" "&data!$B$79
D34: ='data'!$A$52
B35: ='data'!$A$20 | D35: =data!$E$50&" "&data!$B$50 | F35: ='data'!$A$82
B36: =data!$E$18&" "&data!$B$18 | D36: =data!$E$51&" "&data!$B$51 | F36: =data!$E$80&" "&data!$B$80
B37: =data!$E$19&" "&data!$B$19 | D37: =data!$E$52&" "&data!$B$52 | F37: =data!$E$81&" "&data!$B$81
B38: =data!$E$20&" "&data!$B$20 | F38: =data!$E$82&" "&data!$B$82
D40: ='data'!$A$55
B41: ='data'!$A$23 | D41: =data!$E$53&" "&data!$B$53 | F41: ='data'!$A$85
B42: =data!$E$21&" "&data!$B$21 | D42: =data!$E$54&" "&data!$B$54 | F42: =data!$E$83&" "&data!$B$83
B43: =data!$E$22&" "&data!$B$22 | D43: =data!$E$55&" "&data!$B$55 | F43: =data!$E$84&" "&data!$B$84
B44: =data!$E$23&" "&data!$B$23 | F44: =data!$E$85&" "&data!$B$85
D46: ='data'!$A$58
B47: ='data'!$A$26 | D47: =data!$E$56&" "&data!$B$56 | F47: ='data'!$A$88
B48: =data!$E$24&" "&data!$B$24 | D48: =data!$E$57&" "&data!$B$57 | F48: =data!$E$86&" "&data!$B$86
B49: =data!$E$25&" "&data!$B$25 | D49: =data!$E$58&" "&data!$B$58 | F49: =data!$E$87&" "&data!$B$87
B50: =data!$E$26&" "&data!$B$26 | F50: =data!$E$88&" "&data!$B$88
D52: ='data'!$A$61
B53: ='data'!$A$29 | D53: =data!$E$59&" "&data!$B$59 | F53: ='data'!$A$91
B54: =data!$E$27&" "&data!$B$27 | D54: =data!$E$60&" "&data!$B$60 | F54: =data!$E$89&" "&data!$B$89
B55: =data!$E$28&" "&data!$B$28 | D55: =data!$E$61&" "&data!$B$61 | F55: =data!$E$90&" "&data!$B$90
B56: =data!$E$29&" "&data!$B$29 | F56: =data!$E$91&" "&data!$B$91
D58: ='data'!$A$64
B59: ='data'!$A$32 | D59: =data!$E$62&" "&data!$B$62 | F59: ='data'!$A$93
B60: =data!$E$30&" "&data!$B$30 | D60: =data!$E$63&" "&data!$B$63 | F60: =data!$E$92&" "&data!$B$92
B61: =data!$E$31&" "&data!$B$31 | D61: =data!$E$64&" "&data!$B$64 | F61: =data!$E$93&" "&data!$B$93
B62: =data!$E$32&" "&data!$B$32
B65: ='data'!$A$35
B66: =data!$E$33&" "&data!$B$33
B67: =data!$E$34&" "&data!$B$34
B68: =data!$E$35&" "&data!$B$35

Sheet Pool Matches
A1: Shiaijo A | I1: Shiaijo B
A2: ='data'!$A$5 | I2: ='data'!$A$52
A3: White | D3: vs | G3: Red | I3: White | L3: vs | O3: Red
A4: =data!$E$4&" "&data!$B$4 | G4: =data!$E$3&" "&data!$B$3 | I4: =data!$E$51&" "&data!$B$51 | O4: =data!$E$50&" "&data!$B$50
A5: =data!$E$5&" "&data!$B$5 | G5: =data!$E$3&" "&data!$B$3 | I5: =data!$E$52&" "&data!$B$52 | O5: =data!$E$50&" "&data!$B$50
A6: =data!$E$5&" "&data!$B$5 | G6: =data!$E$4&" "&data!$B$4 | I6: =data!$E$52&" "&data!$B$52 | O6: =data!$E$51&" "&data!$B$51
A8: Results | B8: W | C8: L | D8: T | E8: PW | F8: PL | G8: Rank | I8: Results | J8: W | K8: L | L8: T | M8: PW | N8: PL | O8: Rank
A9: =data!$E$3&" "&data!$B$3 | B9: =IF(OR(COUNTA(B4,C4,E4,F4)>0,OR(D4="X",D4="x")),IF(OR(D4="X",D4="x",AND(OR(COUNTA(B4,C4,E4,F4)>0,OR(D4="X",D4="x")),(LEN(SUBSTITUTE(SUBSTITUTE(SUBSTITUTE(B4," ",""),"0",""),"-",""))+LEN(SUBSTITUTE(SUBSTITUTE(SUBSTITUTE(C4," ",""),"0",""),"-","")))=(LEN(SUBSTITUTE(SUBSTITUTE(SUBSTITUTE(E4," ",""),"0",""),"-",""))+LEN(SUBSTITUTE(SUBSTITUTE(SUBSTITUTE(F4," ",""),"0",""),"-",""))))),0,(LEN(SUBSTITUTE(SUBSTITUTE(SUBSTITUTE(E4," ",""),"0",""),"-",""))+LEN(SUBSTITUTE(SUBSTITUTE(SUBSTITUTE(F4," ",""),"0",""),"-",""))>LEN(SUBSTITUTE(SUBSTITUTE(SUBSTITUTE(B4," ",""),"0",""),"-",""))+LEN(SUBSTITUTE(SUBSTITUTE(SUBSTITUTE(C4," ",""),"0",""),"-","")))*1),0)+IF(OR(COUNTA(B5,C5,E5,F5)>0,OR(D5="X",D5="x")),IF(OR(D5="X",D5="x",AND(OR(COUNTA(B5,C5,E5,F5)>0,OR(D5="X",D5="x")),(LEN(SUBSTITUTE(SUBSTITUTE(SUBSTITUTE(B5," ",""),"0",""),"-",""))+LEN(SUBSTITUTE(SUBSTITUTE(SUBSTITUTE(C5," ",""),"0",""),"-","")))=(LEN(SUBSTITUTE(SUBSTITUTE(SUBSTITUTE(E5," ",""),"0",""),"-",""))+LEN(SUBSTITUTE(SUBSTITUTE(SUBSTITUTE(F5," ",""),"0",""),"-",""))))),0,(LEN(SUBSTITUTE(SUBSTITUTE(SUBSTITUTE(E5," ",""),"0",""),"-",""))+LEN(SUBSTITUTE(SUBSTITUTE(SUBSTITUTE(F5," ",""),"0",""),"-",""))>LEN(SUBSTITUTE(SUBSTITUTE(SUBSTITUTE(B5," ",""),"0",""),"-",""))+LEN(SUBSTITUTE(SUBSTITUTE(SUBSTITUTE(C5," ",""),"0",""),"-","")))*1),0) | C9: =IF(OR(COUNTA(B4,C4,E4,F4)>0,OR(D4="X",D4="x")),IF(OR(D4="X",D4="x",AND(OR(COUNTA(B4,C4,E4,F4)>0,OR(D4="X",D4="x")),(LEN(SUBSTITUTE(SUBSTITUTE(SUBSTITUTE(B4," ",""),"0",""),"-",""))+LEN(SUBSTITUTE(SUBSTITUTE(SUBSTITUTE(C4," ",""),"0",""),"-","")))=(LEN(SUBSTITUTE(SUBSTITUTE(SUBSTITUTE(E4," ",""),"0",""),"-",""))+LEN(SUBSTITUTE(SUBSTITUTE(SUBSTITUTE(F4," ",""),"0",""),"-",""))))),0,(LEN(SUBSTITUTE(SUBSTITUTE(SUBSTITUTE(E4," ",""),"0",""),"-",""))+LEN(SUBSTITUTE(SUBSTITUTE(SUBSTITUTE(F4," ",""),"0",""),"-",""))<LEN(SUBSTITUTE(SUBSTITUTE(SUBSTITUTE(B4," ",""),"0",""),"-",""))+LEN(SUBSTITUTE(SUBSTITUTE(SUBSTITUTE(C4," ",""),"0",""),"-","")))*1),0)+IF(OR(COUNTA(B5,C5,E5,F5)>0,OR(D5="X",D5="x")),IF(OR(D5="X",D5="x",AND(OR(COUNTA(B5,C5,E5,F5)>0,OR(D5="X",D5="x")),(LEN(SUBSTITUTE(SUBSTITUTE(SUBSTITUTE(B5," ",""),"0",""),"-",""))+LEN(SUBSTITUTE(SUBSTITUTE(SUBSTITUTE(C5," ",""),"0",""),"-","")))=(LEN(SUBSTITUTE(SUBSTITUTE(SUBSTITUTE(E5," ",""),"0",""),"-",""))+LEN(SUBSTITUTE(SUBSTITUTE(SUBSTITUTE(F5," ",""),"0",""),"-",""))))),0,(LEN(SUBSTITUTE(SUBSTITUTE(SUBSTITUTE(E5," ",""),"0",""),"-",""))+LEN(SUBSTITUTE(SUBSTITUTE(SUBSTITUTE(F5," ",""),"0",""),"-",""))<LEN(SUBSTITUTE(SUBSTITUTE(SUBSTITUTE(B5," ",""),"0",""),"-",""))+LEN(SUBSTITUTE(SUBSTITUTE(SUBSTITUTE(C5," ",""),"0",""),"-","")))*1),0) | D9: =IF(OR(COUNTA(B4,C4,E4,F4)>0,OR(D4="X",D4="x")),IF(OR(D4="X",D4="x",AND(OR(COUNTA(B4,C4,E4,F4)>0,OR(D4="X",D4="x")),(LEN(SUBSTITUTE(SUBSTITUTE(SUBSTITUTE(B4," ",""),"0",""),"-",""))+LEN(SUBSTITUTE(SUBSTITUTE(SUBSTITUTE(C4," ",""),"0",""),"-","")))=(LEN(SUBSTITUTE(SUBSTITUTE(SUBSTITUTE(E4," ",""),"0",""),"-",""))+LEN(SUBSTITUTE(SUBSTITUTE(SUBSTITUTE(F4," ",""),"0",""),"-",""))))),1,0),0)+IF(OR(COUNTA(B5,C5,E5,F5)>0,OR(D5="X",D5="x")),IF(OR(D5="X",D5="x",AND(OR(COUNTA(B5,C5,E5,F5)>0,OR(D5="X",D5="x")),(LEN(SUBSTITUTE(SUBSTITUTE(SUBSTITUTE(B5," ",""),"0",""),"-",""))+LEN(SUBSTITUTE(SUBSTITUTE(SUBSTITUTE(C5," ",""),"0",""),"-","")))=(LEN(SUBSTITUTE(SUBSTITUTE(SUBSTITUTE(E5," ",""),"0",""),"-",""))+LEN(SUBSTITUTE(SUBSTITUTE(SUBSTITUTE(F5," ",""),"0",""),"-",""))))),1,0),0) | E9: =LEN(SUBSTITUTE(SUBSTITUTE(SUBSTITUTE(E4," ",""),"0",""),"-",""))+LEN(SUBSTITUTE(SUBSTITUTE(SUBSTITUTE(F4," ",""),"0",""),"-",""))+LEN(SUBSTITUTE(SUBSTITUTE(SUBSTITUTE(E5," ",""),"0",""),"-",""))+LEN(SUBSTITUTE(SUBSTITUTE(SUBSTITUTE(F5," ",""),"0",""),"-","")) | F9: =LEN(SUBSTITUTE(SUBSTITUTE(SUBSTITUTE(B4," ",""),"0",""),"-",""))+LEN(SUBSTITUTE(SUBSTITUTE(SUBSTITUTE(C4," ",""),"0",""),"-",""))+LEN(SUBSTITUTE(SUBSTITUTE(SUBSTITUTE(B5," ",""),"0",""),"-",""))+LEN(SUBSTITUTE(SUBSTITUTE(SUBSTITUTE(C5," ",""),"0",""),"-","")) | G9: =RANK(U9,$U$9:$U$11)+COUNTIF($U$8:U8,U9) | I9: =data!$E$50&" "&data!$B$50 | J9: =IF(OR(COUNTA(J4,K4,M4,N4)>0,OR(L4="X",L4="x")),IF(OR(L4="X",L4="x",AND(OR(COUNTA(J4,K4,M4,N4)>0,OR(L4="X",L4="x")),(LEN(SUBSTITUTE(SUBSTITUTE(SUBSTITUTE(J4," ",""),"0",""),"-",""))+LEN(SUBSTITUTE(SUBSTITUTE(SUBSTITUTE(K4," ",""),"0",""),"-","")))=(LEN(SUBSTITUTE(SUBSTITUTE(SUBSTITUTE(M4," ",""),"0",""),"-",""))+LEN(SUBSTITUTE(SUBSTITUTE(SUBSTITUTE(N4," ",""),"0",""),"-",""))))),0,(LEN(SUBSTITUTE(SUBSTITUTE(SUBSTITUTE(M4," ",""),"0",""),"-",""))+LEN(SUBSTITUTE(SUBSTITUTE(SUBSTITUTE(N4," ",""),"0",""),"-",""))>LEN(SUBSTITUTE(SUBSTITUTE(SUBSTITUTE(J4," ",""),"0",""),"-",""))+LEN(SUBSTITUTE(SUBSTITUTE(SUBSTITUTE(K4," ",""),"0",""),"-","")))*1),0)+IF(OR(COUNTA(J5,K5,M5,N5)>0,OR(L5="X",L5="x")),IF(OR(L5="X",L5="x",AND(OR(COUNTA(J5,K5,M5,N5)>0,OR(L5="X",L5="x")),(LEN(SUBSTITUTE(SUBSTITUTE(SUBSTITUTE(J5," ",""),"0",""),"-",""))+LEN(SUBSTITUTE(SUBSTITUTE(SUBSTITUTE(K5," ",""),"0",""),"-","")))=(LEN(SUBSTITUTE(SUBSTITUTE(SUBSTITUTE(M5," ",""),"0",""),"-",""))+LEN(SUBSTITUTE(SUBSTITUTE(SUBSTITUTE(N5," ",""),"0",""),"-",""))))),0,(LEN(SUBSTITUTE(SUBSTITUTE(SUBSTITUTE(M5," ",""),"0",""),"-",""))+LEN(SUBSTITUTE(SUBSTITUTE(SUBSTITUTE(N5," ",""),"0",""),"-",""))>LEN(SUBSTITUTE(SUBSTITUTE(SUBSTITUTE(J5," ",""),"0",""),"-",""))+LEN(SUBSTITUTE(SUBSTITUTE(SUBSTITUTE(K5," ",""),"0",""),"-","")))*1),0) | K9: =IF(OR(COUNTA(J4,K4,M4,N4)>0,OR(L4="X",L4="x")),IF(OR(L4="X",L4="x",AND(OR(COUNTA(J4,K4,M4,N4)>0,OR(L4="X",L4="x")),(LEN(SUBSTITUTE(SUBSTITUTE(SUBSTITUTE(J4," ",""),"0",""),"-",""))+LEN(SUBSTITUTE(SUBSTITUTE(SUBSTITUTE(K4," ",""),"0",""),"-","")))=(LEN(SUBSTITUTE(SUBSTITUTE(SUBSTITUTE(M4," ",""),"0",""),"-",""))+LEN(SUBSTITUTE(SUBSTITUTE(SUBSTITUTE(N4," ",""),"0",""),"-",""))))),0,(LEN(SUBSTITUTE(SUBSTITUTE(SUBSTITUTE(M4," ",""),"0",""),"-",""))+LEN(SUBSTITUTE(SUBSTITUTE(SUBSTITUTE(N4," ",""),"0",""),"-",""))<LEN(SUBSTITUTE(SUBSTITUTE(SUBSTITUTE(J4," ",""),"0",""),"-",""))+LEN(SUBSTITUTE(SUBSTITUTE(SUBSTITUTE(K4," ",""),"0",""),"-","")))*1),0)+IF(OR(COUNTA(J5,K5,M5,N5)>0,OR(L5="X",L5="x")),IF(OR(L5="X",L5="x",AND(OR(COUNTA(J5,K5,M5,N5)>0,OR(L5="X",L5="x")),(LEN(SUBSTITUTE(SUBSTITUTE(SUBSTITUTE(J5," ",""),"0",""),"-",""))+LEN(SUBSTITUTE(SUBSTITUTE(SUBSTITUTE(K5," ",""),"0",""),"-","")))=(LEN(SUBSTITUTE(SUBSTITUTE(SUBSTITUTE(M5," ",""),"0",""),"-",""))+LEN(SUBSTITUTE(SUBSTITUTE(SUBSTITUTE(N5," ",""),"0",""),"-",""))))),0,(LEN(SUBSTITUTE(SUBSTITUTE(SUBSTITUTE(M5," ",""),"0",""),"-",""))+LEN(SUBSTITUTE(SUBSTITUTE(SUBSTITUTE(N5," ",""),"0",""),"-",""))<LEN(SUBSTITUTE(SUBSTITUTE(SUBSTITUTE(J5," ",""),"0",""),"-",""))+LEN(SUBSTITUTE(SUBSTITUTE(SUBSTITUTE(K5," ",""),"0",""),"-","")))*1),0) | L9: =IF(OR(COUNTA(J4,K4,M4,N4)>0,OR(L4="X",L4="x")),IF(OR(L4="X",L4="x",AND(OR(COUNTA(J4,K4,M4,N4)>0,OR(L4="X",L4="x")),(LEN(SUBSTITUTE(SUBSTITUTE(SUBSTITUTE(J4," ",""),"0",""),"-",""))+LEN(SUBSTITUTE(SUBSTITUTE(SUBSTITUTE(K4," ",""),"0",""),"-","")))=(LEN(SUBSTITUTE(SUBSTITUTE(SUBSTITUTE(M4," ",""),"0",""),"-",""))+LEN(SUBSTITUTE(SUBSTITUTE(SUBSTITUTE(N4," ",""),"0",""),"-",""))))),1,0),0)+IF(OR(COUNTA(J5,K5,M5,N5)>0,OR(L5="X",L5="x")),IF(OR(L5="X",L5="x",AND(OR(COUNTA(J5,K5,M5,N5)>0,OR(L5="X",L5="x")),(LEN(SUBSTITUTE(SUBSTITUTE(SUBSTITUTE(J5," ",""),"0",""),"-",""))+LEN(SUBSTITUTE(SUBSTITUTE(SUBSTITUTE(K5," ",""),"0",""),"-","")))=(LEN(SUBSTITUTE(SUBSTITUTE(SUBSTITUTE(M5," ",""),"0",""),"-",""))+LEN(SUBSTITUTE(SUBSTITUTE(SUBSTITUTE(N5," ",""),"0",""),"-",""))))),1,0),0) | M9: =LEN(SUBSTITUTE(SUBSTITUTE(SUBSTITUTE(M4," ",""),"0",""),"-",""))+LEN(SUBSTITUTE(SUBSTITUTE(SUBSTITUTE(N4," ",""),"0",""),"-",""))+LEN(SUBSTITUTE(SUBSTITUTE(SUBSTITUTE(M5," ",""),"0",""),"-",""))+LEN(SUBSTITUTE(SUBSTITUTE(SUBSTITUTE(N5," ",""),"0",""),"-","")) | N9: =LEN(SUBSTITUTE(SUBSTITUTE(SUBSTITUTE(J4," ",""),"0",""),"-",""))+LEN(SUBSTITUTE(SUBSTITUTE(SUBSTITUTE(K4," ",""),"0",""),"-",""))+LEN(SUBSTITUTE(SUBSTITUTE(SUBSTITUTE(J5," ",""),"0",""),"-",""))+LEN(SUBSTITUTE(SUBSTITUTE(SUBSTITUTE(K5," ",""),"0",""),"-","")) | O9: =RANK(AC9,$AC$9:$AC$11)+COUNTIF($AC$8:AC8,AC9) | U9: =(B9*1000000)-(C9*10000)+(D9*100)+(E9*1)-(F9*0.01) | AC9: =(J9*1000000)-(K9*10000)+(L9*100)+(M9*1)-(N9*0.01)
A10: =data!$E$4&" "&data!$B$4 | B10: =IF(OR(COUNTA(B4,C4,E4,F4)>0,OR(D4="X",D4="x")),IF(OR(D4="X",D4="x",AND(OR(COUNTA(B4,C4,E4,F4)>0,OR(D4="X",D4="x")),(LEN(SUBSTITUTE(SUBSTITUTE(SUBSTITUTE(B4," ",""),"0",""),"-",""))+LEN(SUBSTITUTE(SUBSTITUTE(SUBSTITUTE(C4," ",""),"0",""),"-","")))=(LEN(SUBSTITUTE(SUBSTITUTE(SUBSTITUTE(E4," ",""),"0",""),"-",""))+LEN(SUBSTITUTE(SUBSTITUTE(SUBSTITUTE(F4," ",""),"0",""),"-",""))))),0,(LEN(SUBSTITUTE(SUBSTITUTE(SUBSTITUTE(B4," ",""),"0",""),"-",""))+LEN(SUBSTITUTE(SUBSTITUTE(SUBSTITUTE(C4," ",""),"0",""),"-",""))>LEN(SUBSTITUTE(SUBSTITUTE(SUBSTITUTE(E4," ",""),"0",""),"-",""))+LEN(SUBSTITUTE(SUBSTITUTE(SUBSTITUTE(F4," ",""),"0",""),"-","")))*1),0)+IF(OR(COUNTA(B6,C6,E6,F6)>0,OR(D6="X",D6="x")),IF(OR(D6="X",D6="x",AND(OR(COUNTA(B6,C6,E6,F6)>0,OR(D6="X",D6="x")),(LEN(SUBSTITUTE(SUBSTITUTE(SUBSTITUTE(B6," ",""),"0",""),"-",""))+LEN(SUBSTITUTE(SUBSTITUTE(SUBSTITUTE(C6," ",""),"0",""),"-","")))=(LEN(SUBSTITUTE(SUBSTITUTE(SUBSTITUTE(E6," ",""),"0",""),"-",""))+LEN(SUBSTITUTE(SUBSTITUTE(SUBSTITUTE(F6," ",""),"0",""),"-",""))))),0,(LEN(SUBSTITUTE(SUBSTITUTE(SUBSTITUTE(E6," ",""),"0",""),"-",""))+LEN(SUBSTITUTE(SUBSTITUTE(SUBSTITUTE(F6," ",""),"0",""),"-",""))>LEN(SUBSTITUTE(SUBSTITUTE(SUBSTITUTE(B6," ",""),"0",""),"-",""))+LEN(SUBSTITUTE(SUBSTITUTE(SUBSTITUTE(C6," ",""),"0",""),"-","")))*1),0) | C10: =IF(OR(COUNTA(B4,C4,E4,F4)>0,OR(D4="X",D4="x")),IF(OR(D4="X",D4="x",AND(OR(COUNTA(B4,C4,E4,F4)>0,OR(D4="X",D4="x")),(LEN(SUBSTITUTE(SUBSTITUTE(SUBSTITUTE(B4," ",""),"0",""),"-",""))+LEN(SUBSTITUTE(SUBSTITUTE(SUBSTITUTE(C4," ",""),"0",""),"-","")))=(LEN(SUBSTITUTE(SUBSTITUTE(SUBSTITUTE(E4," ",""),"0",""),"-",""))+LEN(SUBSTITUTE(SUBSTITUTE(SUBSTITUTE(F4," ",""),"0",""),"-",""))))),0,(LEN(SUBSTITUTE(SUBSTITUTE(SUBSTITUTE(B4," ",""),"0",""),"-",""))+LEN(SUBSTITUTE(SUBSTITUTE(SUBSTITUTE(C4," ",""),"0",""),"-",""))<LEN(SUBSTITUTE(SUBSTITUTE(SUBSTITUTE(E4," ",""),"0",""),"-",""))+LEN(SUBSTITUTE(SUBSTITUTE(SUBSTITUTE(F4," ",""),"0",""),"-","")))*1),0)+IF(OR(COUNTA(B6,C6,E6,F6)>0,OR(D6="X",D6="x")),IF(OR(D6="X",D6="x",AND(OR(COUNTA(B6,C6,E6,F6)>0,OR(D6="X",D6="x")),(LEN(SUBSTITUTE(SUBSTITUTE(SUBSTITUTE(B6," ",""),"0",""),"-",""))+LEN(SUBSTITUTE(SUBSTITUTE(SUBSTITUTE(C6," ",""),"0",""),"-","")))=(LEN(SUBSTITUTE(SUBSTITUTE(SUBSTITUTE(E6," ",""),"0",""),"-",""))+LEN(SUBSTITUTE(SUBSTITUTE(SUBSTITUTE(F6," ",""),"0",""),"-",""))))),0,(LEN(SUBSTITUTE(SUBSTITUTE(SUBSTITUTE(E6," ",""),"0",""),"-",""))+LEN(SUBSTITUTE(SUBSTITUTE(SUBSTITUTE(F6," ",""),"0",""),"-",""))<LEN(SUBSTITUTE(SUBSTITUTE(SUBSTITUTE(B6," ",""),"0",""),"-",""))+LEN(SUBSTITUTE(SUBSTITUTE(SUBSTITUTE(C6," ",""),"0",""),"-","")))*1),0) | D10: =IF(OR(COUNTA(B4,C4,E4,F4)>0,OR(D4="X",D4="x")),IF(OR(D4="X",D4="x",AND(OR(COUNTA(B4,C4,E4,F4)>0,OR(D4="X",D4="x")),(LEN(SUBSTITUTE(SUBSTITUTE(SUBSTITUTE(B4," ",""),"0",""),"-",""))+LEN(SUBSTITUTE(SUBSTITUTE(SUBSTITUTE(C4," ",""),"0",""),"-","")))=(LEN(SUBSTITUTE(SUBSTITUTE(SUBSTITUTE(E4," ",""),"0",""),"-",""))+LEN(SUBSTITUTE(SUBSTITUTE(SUBSTITUTE(F4," ",""),"0",""),"-",""))))),1,0),0)+IF(OR(COUNTA(B6,C6,E6,F6)>0,OR(D6="X",D6="x")),IF(OR(D6="X",D6="x",AND(OR(COUNTA(B6,C6,E6,F6)>0,OR(D6="X",D6="x")),(LEN(SUBSTITUTE(SUBSTITUTE(SUBSTITUTE(B6," ",""),"0",""),"-",""))+LEN(SUBSTITUTE(SUBSTITUTE(SUBSTITUTE(C6," ",""),"0",""),"-","")))=(LEN(SUBSTITUTE(SUBSTITUTE(SUBSTITUTE(E6," ",""),"0",""),"-",""))+LEN(SUBSTITUTE(SUBSTITUTE(SUBSTITUTE(F6," ",""),"0",""),"-",""))))),1,0),0) | E10: =LEN(SUBSTITUTE(SUBSTITUTE(SUBSTITUTE(B4," ",""),"0",""),"-",""))+LEN(SUBSTITUTE(SUBSTITUTE(SUBSTITUTE(C4," ",""),"0",""),"-",""))+LEN(SUBSTITUTE(SUBSTITUTE(SUBSTITUTE(E6," ",""),"0",""),"-",""))+LEN(SUBSTITUTE(SUBSTITUTE(SUBSTITUTE(F6," ",""),"0",""),"-","")) | F10: =LEN(SUBSTITUTE(SUBSTITUTE(SUBSTITUTE(E4," ",""),"0",""),"-",""))+LEN(SUBSTITUTE(SUBSTITUTE(SUBSTITUTE(F4," ",""),"0",""),"-",""))+LEN(SUBSTITUTE(SUBSTITUTE(SUBSTITUTE(B6," ",""),"0",""),"-",""))+LEN(SUBSTITUTE(SUBSTITUTE(SUBSTITUTE(C6," ",""),"0",""),"-","")) | G10: =RANK(U10,$U$9:$U$11)+COUNTIF($U$8:U9,U10) | I10: =data!$E$51&" "&data!$B$51 | J10: =IF(OR(COUNTA(J4,K4,M4,N4)>0,OR(L4="X",L4="x")),IF(OR(L4="X",L4="x",AND(OR(COUNTA(J4,K4,M4,N4)>0,OR(L4="X",L4="x")),(LEN(SUBSTITUTE(SUBSTITUTE(SUBSTITUTE(J4," ",""),"0",""),"-",""))+LEN(SUBSTITUTE(SUBSTITUTE(SUBSTITUTE(K4," ",""),"0",""),"-","")))=(LEN(SUBSTITUTE(SUBSTITUTE(SUBSTITUTE(M4," ",""),"0",""),"-",""))+LEN(SUBSTITUTE(SUBSTITUTE(SUBSTITUTE(N4," ",""),"0",""),"-",""))))),0,(LEN(SUBSTITUTE(SUBSTITUTE(SUBSTITUTE(J4," ",""),"0",""),"-",""))+LEN(SUBSTITUTE(SUBSTITUTE(SUBSTITUTE(K4," ",""),"0",""),"-",""))>LEN(SUBSTITUTE(SUBSTITUTE(SUBSTITUTE(M4," ",""),"0",""),"-",""))+LEN(SUBSTITUTE(SUBSTITUTE(SUBSTITUTE(N4," ",""),"0",""),"-","")))*1),0)+IF(OR(COUNTA(J6,K6,M6,N6)>0,OR(L6="X",L6="x")),IF(OR(L6="X",L6="x",AND(OR(COUNTA(J6,K6,M6,N6)>0,OR(L6="X",L6="x")),(LEN(SUBSTITUTE(SUBSTITUTE(SUBSTITUTE(J6," ",""),"0",""),"-",""))+LEN(SUBSTITUTE(SUBSTITUTE(SUBSTITUTE(K6," ",""),"0",""),"-","")))=(LEN(SUBSTITUTE(SUBSTITUTE(SUBSTITUTE(M6," ",""),"0",""),"-",""))+LEN(SUBSTITUTE(SUBSTITUTE(SUBSTITUTE(N6," ",""),"0",""),"-",""))))),0,(LEN(SUBSTITUTE(SUBSTITUTE(SUBSTITUTE(M6," ",""),"0",""),"-",""))+LEN(SUBSTITUTE(SUBSTITUTE(SUBSTITUTE(N6," ",""),"0",""),"-",""))>LEN(SUBSTITUTE(SUBSTITUTE(SUBSTITUTE(J6," ",""),"0",""),"-",""))+LEN(SUBSTITUTE(SUBSTITUTE(SUBSTITUTE(K6," ",""),"0",""),"-","")))*1),0) | K10: =IF(OR(COUNTA(J4,K4,M4,N4)>0,OR(L4="X",L4="x")),IF(OR(L4="X",L4="x",AND(OR(COUNTA(J4,K4,M4,N4)>0,OR(L4="X",L4="x")),(LEN(SUBSTITUTE(SUBSTITUTE(SUBSTITUTE(J4," ",""),"0",""),"-",""))+LEN(SUBSTITUTE(SUBSTITUTE(SUBSTITUTE(K4," ",""),"0",""),"-","")))=(LEN(SUBSTITUTE(SUBSTITUTE(SUBSTITUTE(M4," ",""),"0",""),"-",""))+LEN(SUBSTITUTE(SUBSTITUTE(SUBSTITUTE(N4," ",""),"0",""),"-",""))))),0,(LEN(SUBSTITUTE(SUBSTITUTE(SUBSTITUTE(J4," ",""),"0",""),"-",""))+LEN(SUBSTITUTE(SUBSTITUTE(SUBSTITUTE(K4," ",""),"0",""),"-",""))<LEN(SUBSTITUTE(SUBSTITUTE(SUBSTITUTE(M4," ",""),"0",""),"-",""))+LEN(SUBSTITUTE(SUBSTITUTE(SUBSTITUTE(N4," ",""),"0",""),"-","")))*1),0)+IF(OR(COUNTA(J6,K6,M6,N6)>0,OR(L6="X",L6="x")),IF(OR(L6="X",L6="x",AND(OR(COUNTA(J6,K6,M6,N6)>0,OR(L6="X",L6="x")),(LEN(SUBSTITUTE(SUBSTITUTE(SUBSTITUTE(J6," ",""),"0",""),"-",""))+LEN(SUBSTITUTE(SUBSTITUTE(SUBSTITUTE(K6," ",""),"0",""),"-","")))=(LEN(SUBSTITUTE(SUBSTITUTE(SUBSTITUTE(M6," ",""),"0",""),"-",""))+LEN(SUBSTITUTE(SUBSTITUTE(SUBSTITUTE(N6," ",""),"0",""),"-",""))))),0,(LEN(SUBSTITUTE(SUBSTITUTE(SUBSTITUTE(M6," ",""),"0",""),"-",""))+LEN(SUBSTITUTE(SUBSTITUTE(SUBSTITUTE(N6," ",""),"0",""),"-",""))<LEN(SUBSTITUTE(SUBSTITUTE(SUBSTITUTE(J6," ",""),"0",""),"-",""))+LEN(SUBSTITUTE(SUBSTITUTE(SUBSTITUTE(K6," ",""),"0",""),"-","")))*1),0) | L10: =IF(OR(COUNTA(J4,K4,M4,N4)>0,OR(L4="X",L4="x")),IF(OR(L4="X",L4="x",AND(OR(COUNTA(J4,K4,M4,N4)>0,OR(L4="X",L4="x")),(LEN(SUBSTITUTE(SUBSTITUTE(SUBSTITUTE(J4," ",""),"0",""),"-",""))+LEN(SUBSTITUTE(SUBSTITUTE(SUBSTITUTE(K4," ",""),"0",""),"-","")))=(LEN(SUBSTITUTE(SUBSTITUTE(SUBSTITUTE(M4," ",""),"0",""),"-",""))+LEN(SUBSTITUTE(SUBSTITUTE(SUBSTITUTE(N4," ",""),"0",""),"-",""))))),1,0),0)+IF(OR(COUNTA(J6,K6,M6,N6)>0,OR(L6="X",L6="x")),IF(OR(L6="X",L6="x",AND(OR(COUNTA(J6,K6,M6,N6)>0,OR(L6="X",L6="x")),(LEN(SUBSTITUTE(SUBSTITUTE(SUBSTITUTE(J6," ",""),"0",""),"-",""))+LEN(SUBSTITUTE(SUBSTITUTE(SUBSTITUTE(K6," ",""),"0",""),"-","")))=(LEN(SUBSTITUTE(SUBSTITUTE(SUBSTITUTE(M6," ",""),"0",""),"-",""))+LEN(SUBSTITUTE(SUBSTITUTE(SUBSTITUTE(N6," ",""),"0",""),"-",""))))),1,0),0) | M10: =LEN(SUBSTITUTE(SUBSTITUTE(SUBSTITUTE(J4," ",""),"0",""),"-",""))+LEN(SUBSTITUTE(SUBSTITUTE(SUBSTITUTE(K4," ",""),"0",""),"-",""))+LEN(SUBSTITUTE(SUBSTITUTE(SUBSTITUTE(M6," ",""),"0",""),"-",""))+LEN(SUBSTITUTE(SUBSTITUTE(SUBSTITUTE(N6," ",""),"0",""),"-","")) | N10: =LEN(SUBSTITUTE(SUBSTITUTE(SUBSTITUTE(M4," ",""),"0",""),"-",""))+LEN(SUBSTITUTE(SUBSTITUTE(SUBSTITUTE(N4," ",""),"0",""),"-",""))+LEN(SUBSTITUTE(SUBSTITUTE(SUBSTITUTE(J6," ",""),"0",""),"-",""))+LEN(SUBSTITUTE(SUBSTITUTE(SUBSTITUTE(K6," ",""),"0",""),"-","")) | O10: =RANK(AC10,$AC$9:$AC$11)+COUNTIF($AC$8:AC9,AC10) | U10: =(B10*1000000)-(C10*10000)+(D10*100)+(E10*1)-(F10*0.01) | AC10: =(J10*1000000)-(K10*10000)+(L10*100)+(M10*1)-(N10*0.01)
A11: =data!$E$5&" "&data!$B$5 | B11: =IF(OR(COUNTA(B5,C5,E5,F5)>0,OR(D5="X",D5="x")),IF(OR(D5="X",D5="x",AND(OR(COUNTA(B5,C5,E5,F5)>0,OR(D5="X",D5="x")),(LEN(SUBSTITUTE(SUBSTITUTE(SUBSTITUTE(B5," ",""),"0",""),"-",""))+LEN(SUBSTITUTE(SUBSTITUTE(SUBSTITUTE(C5," ",""),"0",""),"-","")))=(LEN(SUBSTITUTE(SUBSTITUTE(SUBSTITUTE(E5," ",""),"0",""),"-",""))+LEN(SUBSTITUTE(SUBSTITUTE(SUBSTITUTE(F5," ",""),"0",""),"-",""))))),0,(LEN(SUBSTITUTE(SUBSTITUTE(SUBSTITUTE(B5," ",""),"0",""),"-",""))+LEN(SUBSTITUTE(SUBSTITUTE(SUBSTITUTE(C5," ",""),"0",""),"-",""))>LEN(SUBSTITUTE(SUBSTITUTE(SUBSTITUTE(E5," ",""),"0",""),"-",""))+LEN(SUBSTITUTE(SUBSTITUTE(SUBSTITUTE(F5," ",""),"0",""),"-","")))*1),0)+IF(OR(COUNTA(B6,C6,E6,F6)>0,OR(D6="X",D6="x")),IF(OR(D6="X",D6="x",AND(OR(COUNTA(B6,C6,E6,F6)>0,OR(D6="X",D6="x")),(LEN(SUBSTITUTE(SUBSTITUTE(SUBSTITUTE(B6," ",""),"0",""),"-",""))+LEN(SUBSTITUTE(SUBSTITUTE(SUBSTITUTE(C6," ",""),"0",""),"-","")))=(LEN(SUBSTITUTE(SUBSTITUTE(SUBSTITUTE(E6," ",""),"0",""),"-",""))+LEN(SUBSTITUTE(SUBSTITUTE(SUBSTITUTE(F6," ",""),"0",""),"-",""))))),0,(LEN(SUBSTITUTE(SUBSTITUTE(SUBSTITUTE(B6," ",""),"0",""),"-",""))+LEN(SUBSTITUTE(SUBSTITUTE(SUBSTITUTE(C6," ",""),"0",""),"-",""))>LEN(SUBSTITUTE(SUBSTITUTE(SUBSTITUTE(E6," ",""),"0",""),"-",""))+LEN(SUBSTITUTE(SUBSTITUTE(SUBSTITUTE(F6," ",""),"0",""),"-","")))*1),0) | C11: =IF(OR(COUNTA(B5,C5,E5,F5)>0,OR(D5="X",D5="x")),IF(OR(D5="X",D5="x",AND(OR(COUNTA(B5,C5,E5,F5)>0,OR(D5="X",D5="x")),(LEN(SUBSTITUTE(SUBSTITUTE(SUBSTITUTE(B5," ",""),"0",""),"-",""))+LEN(SUBSTITUTE(SUBSTITUTE(SUBSTITUTE(C5," ",""),"0",""),"-","")))=(LEN(SUBSTITUTE(SUBSTITUTE(SUBSTITUTE(E5," ",""),"0",""),"-",""))+LEN(SUBSTITUTE(SUBSTITUTE(SUBSTITUTE(F5," ",""),"0",""),"-",""))))),0,(LEN(SUBSTITUTE(SUBSTITUTE(SUBSTITUTE(B5," ",""),"0",""),"-",""))+LEN(SUBSTITUTE(SUBSTITUTE(SUBSTITUTE(C5," ",""),"0",""),"-",""))<LEN(SUBSTITUTE(SUBSTITUTE(SUBSTITUTE(E5," ",""),"0",""),"-",""))+LEN(SUBSTITUTE(SUBSTITUTE(SUBSTITUTE(F5," ",""),"0",""),"-","")))*1),0)+IF(OR(COUNTA(B6,C6,E6,F6)>0,OR(D6="X",D6="x")),IF(OR(D6="X",D6="x",AND(OR(COUNTA(B6,C6,E6,F6)>0,OR(D6="X",D6="x")),(LEN(SUBSTITUTE(SUBSTITUTE(SUBSTITUTE(B6," ",""),"0",""),"-",""))+LEN(SUBSTITUTE(SUBSTITUTE(SUBSTITUTE(C6," ",""),"0",""),"-","")))=(LEN(SUBSTITUTE(SUBSTITUTE(SUBSTITUTE(E6," ",""),"0",""),"-",""))+LEN(SUBSTITUTE(SUBSTITUTE(SUBSTITUTE(F6," ",""),"0",""),"-",""))))),0,(LEN(SUBSTITUTE(SUBSTITUTE(SUBSTITUTE(B6," ",""),"0",""),"-",""))+LEN(SUBSTITUTE(SUBSTITUTE(SUBSTITUTE(C6," ",""),"0",""),"-",""))<LEN(SUBSTITUTE(SUBSTITUTE(SUBSTITUTE(E6," ",""),"0",""),"-",""))+LEN(SUBSTITUTE(SUBSTITUTE(SUBSTITUTE(F6," ",""),"0",""),"-","")))*1),0) | D11: =IF(OR(COUNTA(B5,C5,E5,F5)>0,OR(D5="X",D5="x")),IF(OR(D5="X",D5="x",AND(OR(COUNTA(B5,C5,E5,F5)>0,OR(D5="X",D5="x")),(LEN(SUBSTITUTE(SUBSTITUTE(SUBSTITUTE(B5," ",""),"0",""),"-",""))+LEN(SUBSTITUTE(SUBSTITUTE(SUBSTITUTE(C5," ",""),"0",""),"-","")))=(LEN(SUBSTITUTE(SUBSTITUTE(SUBSTITUTE(E5," ",""),"0",""),"-",""))+LEN(SUBSTITUTE(SUBSTITUTE(SUBSTITUTE(F5," ",""),"0",""),"-",""))))),1,0),0)+IF(OR(COUNTA(B6,C6,E6,F6)>0,OR(D6="X",D6="x")),IF(OR(D6="X",D6="x",AND(OR(COUNTA(B6,C6,E6,F6)>0,OR(D6="X",D6="x")),(LEN(SUBSTITUTE(SUBSTITUTE(SUBSTITUTE(B6," ",""),"0",""),"-",""))+LEN(SUBSTITUTE(SUBSTITUTE(SUBSTITUTE(C6," ",""),"0",""),"-","")))=(LEN(SUBSTITUTE(SUBSTITUTE(SUBSTITUTE(E6," ",""),"0",""),"-",""))+LEN(SUBSTITUTE(SUBSTITUTE(SUBSTITUTE(F6," ",""),"0",""),"-",""))))),1,0),0) | E11: =LEN(SUBSTITUTE(SUBSTITUTE(SUBSTITUTE(B5," ",""),"0",""),"-",""))+LEN(SUBSTITUTE(SUBSTITUTE(SUBSTITUTE(C5," ",""),"0",""),"-",""))+LEN(SUBSTITUTE(SUBSTITUTE(SUBSTITUTE(B6," ",""),"0",""),"-",""))+LEN(SUBSTITUTE(SUBSTITUTE(SUBSTITUTE(C6," ",""),"0",""),"-","")) | F11: =LEN(SUBSTITUTE(SUBSTITUTE(SUBSTITUTE(E5," ",""),"0",""),"-",""))+LEN(SUBSTITUTE(SUBSTITUTE(SUBSTITUTE(F5," ",""),"0",""),"-",""))+LEN(SUBSTITUTE(SUBSTITUTE(SUBSTITUTE(E6," ",""),"0",""),"-",""))+LEN(SUBSTITUTE(SUBSTITUTE(SUBSTITUTE(F6," ",""),"0",""),"-","")) | G11: =RANK(U11,$U$9:$U$11)+COUNTIF($U$8:U10,U11) | I11: =data!$E$52&" "&data!$B$52 | J11: =IF(OR(COUNTA(J5,K5,M5,N5)>0,OR(L5="X",L5="x")),IF(OR(L5="X",L5="x",AND(OR(COUNTA(J5,K5,M5,N5)>0,OR(L5="X",L5="x")),(LEN(SUBSTITUTE(SUBSTITUTE(SUBSTITUTE(J5," ",""),"0",""),"-",""))+LEN(SUBSTITUTE(SUBSTITUTE(SUBSTITUTE(K5," ",""),"0",""),"-","")))=(LEN(SUBSTITUTE(SUBSTITUTE(SUBSTITUTE(M5," ",""),"0",""),"-",""))+LEN(SUBSTITUTE(SUBSTITUTE(SUBSTITUTE(N5," ",""),"0",""),"-",""))))),0,(LEN(SUBSTITUTE(SUBSTITUTE(SUBSTITUTE(J5," ",""),"0",""),"-",""))+LEN(SUBSTITUTE(SUBSTITUTE(SUBSTITUTE(K5," ",""),"0",""),"-",""))>LEN(SUBSTITUTE(SUBSTITUTE(SUBSTITUTE(M5," ",""),"0",""),"-",""))+LEN(SUBSTITUTE(SUBSTITUTE(SUBSTITUTE(N5," ",""),"0",""),"-","")))*1),0)+IF(OR(COUNTA(J6,K6,M6,N6)>0,OR(L6="X",L6="x")),IF(OR(L6="X",L6="x",AND(OR(COUNTA(J6,K6,M6,N6)>0,OR(L6="X",L6="x")),(LEN(SUBSTITUTE(SUBSTITUTE(SUBSTITUTE(J6," ",""),"0",""),"-",""))+LEN(SUBSTITUTE(SUBSTITUTE(SUBSTITUTE(K6," ",""),"0",""),"-","")))=(LEN(SUBSTITUTE(SUBSTITUTE(SUBSTITUTE(M6," ",""),"0",""),"-",""))+LEN(SUBSTITUTE(SUBSTITUTE(SUBSTITUTE(N6," ",""),"0",""),"-",""))))),0,(LEN(SUBSTITUTE(SUBSTITUTE(SUBSTITUTE(J6," ",""),"0",""),"-",""))+LEN(SUBSTITUTE(SUBSTITUTE(SUBSTITUTE(K6," ",""),"0",""),"-",""))>LEN(SUBSTITUTE(SUBSTITUTE(SUBSTITUTE(M6," ",""),"0",""),"-",""))+LEN(SUBSTITUTE(SUBSTITUTE(SUBSTITUTE(N6," ",""),"0",""),"-","")))*1),0) | K11: =IF(OR(COUNTA(J5,K5,M5,N5)>0,OR(L5="X",L5="x")),IF(OR(L5="X",L5="x",AND(OR(COUNTA(J5,K5,M5,N5)>0,OR(L5="X",L5="x")),(LEN(SUBSTITUTE(SUBSTITUTE(SUBSTITUTE(J5," ",""),"0",""),"-",""))+LEN(SUBSTITUTE(SUBSTITUTE(SUBSTITUTE(K5," ",""),"0",""),"-","")))=(LEN(SUBSTITUTE(SUBSTITUTE(SUBSTITUTE(M5," ",""),"0",""),"-",""))+LEN(SUBSTITUTE(SUBSTITUTE(SUBSTITUTE(N5," ",""),"0",""),"-",""))))),0,(LEN(SUBSTITUTE(SUBSTITUTE(SUBSTITUTE(J5," ",""),"0",""),"-",""))+LEN(SUBSTITUTE(SUBSTITUTE(SUBSTITUTE(K5," ",""),"0",""),"-",""))<LEN(SUBSTITUTE(SUBSTITUTE(SUBSTITUTE(M5," ",""),"0",""),"-",""))+LEN(SUBSTITUTE(SUBSTITUTE(SUBSTITUTE(N5," ",""),"0",""),"-","")))*1),0)+IF(OR(COUNTA(J6,K6,M6,N6)>0,OR(L6="X",L6="x")),IF(OR(L6="X",L6="x",AND(OR(COUNTA(J6,K6,M6,N6)>0,OR(L6="X",L6="x")),(LEN(SUBSTITUTE(SUBSTITUTE(SUBSTITUTE(J6," ",""),"0",""),"-",""))+LEN(SUBSTITUTE(SUBSTITUTE(SUBSTITUTE(K6," ",""),"0",""),"-","")))=(LEN(SUBSTITUTE(SUBSTITUTE(SUBSTITUTE(M6," ",""),"0",""),"-",""))+LEN(SUBSTITUTE(SUBSTITUTE(SUBSTITUTE(N6," ",""),"0",""),"-",""))))),0,(LEN(SUBSTITUTE(SUBSTITUTE(SUBSTITUTE(J6," ",""),"0",""),"-",""))+LEN(SUBSTITUTE(SUBSTITUTE(SUBSTITUTE(K6," ",""),"0",""),"-",""))<LEN(SUBSTITUTE(SUBSTITUTE(SUBSTITUTE(M6," ",""),"0",""),"-",""))+LEN(SUBSTITUTE(SUBSTITUTE(SUBSTITUTE(N6," ",""),"0",""),"-","")))*1),0) | L11: =IF(OR(COUNTA(J5,K5,M5,N5)>0,OR(L5="X",L5="x")),IF(OR(L5="X",L5="x",AND(OR(COUNTA(J5,K5,M5,N5)>0,OR(L5="X",L5="x")),(LEN(SUBSTITUTE(SUBSTITUTE(SUBSTITUTE(J5," ",""),"0",""),"-",""))+LEN(SUBSTITUTE(SUBSTITUTE(SUBSTITUTE(K5," ",""),"0",""),"-","")))=(LEN(SUBSTITUTE(SUBSTITUTE(SUBSTITUTE(M5," ",""),"0",""),"-",""))+LEN(SUBSTITUTE(SUBSTITUTE(SUBSTITUTE(N5," ",""),"0",""),"-",""))))),1,0),0)+IF(OR(COUNTA(J6,K6,M6,N6)>0,OR(L6="X",L6="x")),IF(OR(L6="X",L6="x",AND(OR(COUNTA(J6,K6,M6,N6)>0,OR(L6="X",L6="x")),(LEN(SUBSTITUTE(SUBSTITUTE(SUBSTITUTE(J6," ",""),"0",""),"-",""))+LEN(SUBSTITUTE(SUBSTITUTE(SUBSTITUTE(K6," ",""),"0",""),"-","")))=(LEN(SUBSTITUTE(SUBSTITUTE(SUBSTITUTE(M6," ",""),"0",""),"-",""))+LEN(SUBSTITUTE(SUBSTITUTE(SUBSTITUTE(N6," ",""),"0",""),"-",""))))),1,0),0) | M11: =LEN(SUBSTITUTE(SUBSTITUTE(SUBSTITUTE(J5," ",""),"0",""),"-",""))+LEN(SUBSTITUTE(SUBSTITUTE(SUBSTITUTE(K5," ",""),"0",""),"-",""))+LEN(SUBSTITUTE(SUBSTITUTE(SUBSTITUTE(J6," ",""),"0",""),"-",""))+LEN(SUBSTITUTE(SUBSTITUTE(SUBSTITUTE(K6," ",""),"0",""),"-","")) | N11: =LEN(SUBSTITUTE(SUBSTITUTE(SUBSTITUTE(M5," ",""),"0",""),"-",""))+LEN(SUBSTITUTE(SUBSTITUTE(SUBSTITUTE(N5," ",""),"0",""),"-",""))+LEN(SUBSTITUTE(SUBSTITUTE(SUBSTITUTE(M6," ",""),"0",""),"-",""))+LEN(SUBSTITUTE(SUBSTITUTE(SUBSTITUTE(N6," ",""),"0",""),"-","")) | O11: =RANK(AC11,$AC$9:$AC$11)+COUNTIF($AC$8:AC10,AC11) | U11: =(B11*1000000)-(C11*10000)+(D11*100)+(E11*1)-(F11*0.01) | AC11: =(J11*1000000)-(K11*10000)+(L11*100)+(M11*1)-(N11*0.01)
G14: Ranking | O14: Ranking
F15: 1. | G15: =IFERROR(INDEX($A$9:$A$11, MATCH(1, $G$9:$G$11, 0)), "-") | N15: 1. | O15: =IFERROR(INDEX($I$9:$I$11, MATCH(1, $O$9:$O$11, 0)), "-")
F16: 2. | G16: =IFERROR(INDEX($A$9:$A$11, MATCH(2, $G$9:$G$11, 0)), "-") | N16: 2. | O16: =IFERROR(INDEX($I$9:$I$11, MATCH(2, $O$9:$O$11, 0)), "-")
F17: 3. | G17: =IFERROR(INDEX($A$9:$A$11, MATCH(3, $G$9:$G$11, 0)), "-") | N17: 3. | O17: =IFERROR(INDEX($I$9:$I$11, MATCH(3, $O$9:$O$11, 0)), "-")
A19: ='data'!$A$8 | I19: ='data'!$A$55
A20: White | D20: vs | G20: Red | I20: White | L20: vs | O20: Red
A21: =data!$E$7&" "&data!$B$7 | G21: =data!$E$6&" "&data!$B$6 | I21: =data!$E$54&" "&data!$B$54 | O21: =data!$E$53&" "&data!$B$53
A22: =data!$E$8&" "&data!$B$8 | G22: =data!$E$6&" "&data!$B$6 | I22: =data!$E$55&" "&data!$B$55 | O22: =data!$E$53&" "&data!$B$53
A23: =data!$E$8&" "&data!$B$8 | G23: =data!$E$7&" "&data!$B$7 | I23: =data!$E$55&" "&data!$B$55 | O23: =data!$E$54&" "&data!$B$54
A25: Results | B25: W | C25: L | D25: T | E25: PW | F25: PL | G25: Rank | I25: Results | J25: W | K25: L | L25: T | M25: PW | N25: PL | O25: Rank
A26: =data!$E$6&" "&data!$B$6 | B26: =IF(OR(COUNTA(B21,C21,E21,F21)>0,OR(D21="X",D21="x")),IF(OR(D21="X",D21="x",AND(OR(COUNTA(B21,C21,E21,F21)>0,OR(D21="X",D21="x")),(LEN(SUBSTITUTE(SUBSTITUTE(SUBSTITUTE(B21," ",""),"0",""),"-",""))+LEN(SUBSTITUTE(SUBSTITUTE(SUBSTITUTE(C21," ",""),"0",""),"-","")))=(LEN(SUBSTITUTE(SUBSTITUTE(SUBSTITUTE(E21," ",""),"0",""),"-",""))+LEN(SUBSTITUTE(SUBSTITUTE(SUBSTITUTE(F21," ",""),"0",""),"-",""))))),0,(LEN(SUBSTITUTE(SUBSTITUTE(SUBSTITUTE(E21," ",""),"0",""),"-",""))+LEN(SUBSTITUTE(SUBSTITUTE(SUBSTITUTE(F21," ",""),"0",""),"-",""))>LEN(SUBSTITUTE(SUBSTITUTE(SUBSTITUTE(B21," ",""),"0",""),"-",""))+LEN(SUBSTITUTE(SUBSTITUTE(SUBSTITUTE(C21," ",""),"0",""),"-","")))*1),0)+IF(OR(COUNTA(B22,C22,E22,F22)>0,OR(D22="X",D22="x")),IF(OR(D22="X",D22="x",AND(OR(COUNTA(B22,C22,E22,F22)>0,OR(D22="X",D22="x")),(LEN(SUBSTITUTE(SUBSTITUTE(SUBSTITUTE(B22," ",""),"0",""),"-",""))+LEN(SUBSTITUTE(SUBSTITUTE(SUBSTITUTE(C22," ",""),"0",""),"-","")))=(LEN(SUBSTITUTE(SUBSTITUTE(SUBSTITUTE(E22," ",""),"0",""),"-",""))+LEN(SUBSTITUTE(SUBSTITUTE(SUBSTITUTE(F22," ",""),"0",""),"-",""))))),0,(LEN(SUBSTITUTE(SUBSTITUTE(SUBSTITUTE(E22," ",""),"0",""),"-",""))+LEN(SUBSTITUTE(SUBSTITUTE(SUBSTITUTE(F22," ",""),"0",""),"-",""))>LEN(SUBSTITUTE(SUBSTITUTE(SUBSTITUTE(B22," ",""),"0",""),"-",""))+LEN(SUBSTITUTE(SUBSTITUTE(SUBSTITUTE(C22," ",""),"0",""),"-","")))*1),0) | C26: =IF(OR(COUNTA(B21,C21,E21,F21)>0,OR(D21="X",D21="x")),IF(OR(D21="X",D21="x",AND(OR(COUNTA(B21,C21,E21,F21)>0,OR(D21="X",D21="x")),(LEN(SUBSTITUTE(SUBSTITUTE(SUBSTITUTE(B21," ",""),"0",""),"-",""))+LEN(SUBSTITUTE(SUBSTITUTE(SUBSTITUTE(C21," ",""),"0",""),"-","")))=(LEN(SUBSTITUTE(SUBSTITUTE(SUBSTITUTE(E21," ",""),"0",""),"-",""))+LEN(SUBSTITUTE(SUBSTITUTE(SUBSTITUTE(F21," ",""),"0",""),"-",""))))),0,(LEN(SUBSTITUTE(SUBSTITUTE(SUBSTITUTE(E21," ",""),"0",""),"-",""))+LEN(SUBSTITUTE(SUBSTITUTE(SUBSTITUTE(F21," ",""),"0",""),"-",""))<LEN(SUBSTITUTE(SUBSTITUTE(SUBSTITUTE(B21," ",""),"0",""),"-",""))+LEN(SUBSTITUTE(SUBSTITUTE(SUBSTITUTE(C21," ",""),"0",""),"-","")))*1),0)+IF(OR(COUNTA(B22,C22,E22,F22)>0,OR(D22="X",D22="x")),IF(OR(D22="X",D22="x",AND(OR(COUNTA(B22,C22,E22,F22)>0,OR(D22="X",D22="x")),(LEN(SUBSTITUTE(SUBSTITUTE(SUBSTITUTE(B22," ",""),"0",""),"-",""))+LEN(SUBSTITUTE(SUBSTITUTE(SUBSTITUTE(C22," ",""),"0",""),"-","")))=(LEN(SUBSTITUTE(SUBSTITUTE(SUBSTITUTE(E22," ",""),"0",""),"-",""))+LEN(SUBSTITUTE(SUBSTITUTE(SUBSTITUTE(F22," ",""),"0",""),"-",""))))),0,(LEN(SUBSTITUTE(SUBSTITUTE(SUBSTITUTE(E22," ",""),"0",""),"-",""))+LEN(SUBSTITUTE(SUBSTITUTE(SUBSTITUTE(F22," ",""),"0",""),"-",""))<LEN(SUBSTITUTE(SUBSTITUTE(SUBSTITUTE(B22," ",""),"0",""),"-",""))+LEN(SUBSTITUTE(SUBSTITUTE(SUBSTITUTE(C22," ",""),"0",""),"-","")))*1),0) | D26: =IF(OR(COUNTA(B21,C21,E21,F21)>0,OR(D21="X",D21="x")),IF(OR(D21="X",D21="x",AND(OR(COUNTA(B21,C21,E21,F21)>0,OR(D21="X",D21="x")),(LEN(SUBSTITUTE(SUBSTITUTE(SUBSTITUTE(B21," ",""),"0",""),"-",""))+LEN(SUBSTITUTE(SUBSTITUTE(SUBSTITUTE(C21," ",""),"0",""),"-","")))=(LEN(SUBSTITUTE(SUBSTITUTE(SUBSTITUTE(E21," ",""),"0",""),"-",""))+LEN(SUBSTITUTE(SUBSTITUTE(SUBSTITUTE(F21," ",""),"0",""),"-",""))))),1,0),0)+IF(OR(COUNTA(B22,C22,E22,F22)>0,OR(D22="X",D22="x")),IF(OR(D22="X",D22="x",AND(OR(COUNTA(B22,C22,E22,F22)>0,OR(D22="X",D22="x")),(LEN(SUBSTITUTE(SUBSTITUTE(SUBSTITUTE(B22," ",""),"0",""),"-",""))+LEN(SUBSTITUTE(SUBSTITUTE(SUBSTITUTE(C22," ",""),"0",""),"-","")))=(LEN(SUBSTITUTE(SUBSTITUTE(SUBSTITUTE(E22," ",""),"0",""),"-",""))+LEN(SUBSTITUTE(SUBSTITUTE(SUBSTITUTE(F22," ",""),"0",""),"-",""))))),1,0),0) | E26: =LEN(SUBSTITUTE(SUBSTITUTE(SUBSTITUTE(E21," ",""),"0",""),"-",""))+LEN(SUBSTITUTE(SUBSTITUTE(SUBSTITUTE(F21," ",""),"0",""),"-",""))+LEN(SUBSTITUTE(SUBSTITUTE(SUBSTITUTE(E22," ",""),"0",""),"-",""))+LEN(SUBSTITUTE(SUBSTITUTE(SUBSTITUTE(F22," ",""),"0",""),"-","")) | F26: =LEN(SUBSTITUTE(SUBSTITUTE(SUBSTITUTE(B21," ",""),"0",""),"-",""))+LEN(SUBSTITUTE(SUBSTITUTE(SUBSTITUTE(C21," ",""),"0",""),"-",""))+LEN(SUBSTITUTE(SUBSTITUTE(SUBSTITUTE(B22," ",""),"0",""),"-",""))+LEN(SUBSTITUTE(SUBSTITUTE(SUBSTITUTE(C22," ",""),"0",""),"-","")) | G26: =RANK(U26,$U$26:$U$28)+COUNTIF($U$25:U25,U26) | I26: =data!$E$53&" "&data!$B$53 | J26: =IF(OR(COUNTA(J21,K21,M21,N21)>0,OR(L21="X",L21="x")),IF(OR(L21="X",L21="x",AND(OR(COUNTA(J21,K21,M21,N21)>0,OR(L21="X",L21="x")),(LEN(SUBSTITUTE(SUBSTITUTE(SUBSTITUTE(J21," ",""),"0",""),"-",""))+LEN(SUBSTITUTE(SUBSTITUTE(SUBSTITUTE(K21," ",""),"0",""),"-","")))=(LEN(SUBSTITUTE(SUBSTITUTE(SUBSTITUTE(M21," ",""),"0",""),"-",""))+LEN(SUBSTITUTE(SUBSTITUTE(SUBSTITUTE(N21," ",""),"0",""),"-",""))))),0,(LEN(SUBSTITUTE(SUBSTITUTE(SUBSTITUTE(M21," ",""),"0",""),"-",""))+LEN(SUBSTITUTE(SUBSTITUTE(SUBSTITUTE(N21," ",""),"0",""),"-",""))>LEN(SUBSTITUTE(SUBSTITUTE(SUBSTITUTE(J21," ",""),"0",""),"-",""))+LEN(SUBSTITUTE(SUBSTITUTE(SUBSTITUTE(K21," ",""),"0",""),"-","")))*1),0)+IF(OR(COUNTA(J22,K22,M22,N22)>0,OR(L22="X",L22="x")),IF(OR(L22="X",L22="x",AND(OR(COUNTA(J22,K22,M22,N22)>0,OR(L22="X",L22="x")),(LEN(SUBSTITUTE(SUBSTITUTE(SUBSTITUTE(J22," ",""),"0",""),"-",""))+LEN(SUBSTITUTE(SUBSTITUTE(SUBSTITUTE(K22," ",""),"0",""),"-","")))=(LEN(SUBSTITUTE(SUBSTITUTE(SUBSTITUTE(M22," ",""),"0",""),"-",""))+LEN(SUBSTITUTE(SUBSTITUTE(SUBSTITUTE(N22," ",""),"0",""),"-",""))))),0,(LEN(SUBSTITUTE(SUBSTITUTE(SUBSTITUTE(M22," ",""),"0",""),"-",""))+LEN(SUBSTITUTE(SUBSTITUTE(SUBSTITUTE(N22," ",""),"0",""),"-",""))>LEN(SUBSTITUTE(SUBSTITUTE(SUBSTITUTE(J22," ",""),"0",""),"-",""))+LEN(SUBSTITUTE(SUBSTITUTE(SUBSTITUTE(K22," ",""),"0",""),"-","")))*1),0) | K26: =IF(OR(COUNTA(J21,K21,M21,N21)>0,OR(L21="X",L21="x")),IF(OR(L21="X",L21="x",AND(OR(COUNTA(J21,K21,M21,N21)>0,OR(L21="X",L21="x")),(LEN(SUBSTITUTE(SUBSTITUTE(SUBSTITUTE(J21," ",""),"0",""),"-",""))+LEN(SUBSTITUTE(SUBSTITUTE(SUBSTITUTE(K21," ",""),"0",""),"-","")))=(LEN(SUBSTITUTE(SUBSTITUTE(SUBSTITUTE(M21," ",""),"0",""),"-",""))+LEN(SUBSTITUTE(SUBSTITUTE(SUBSTITUTE(N21," ",""),"0",""),"-",""))))),0,(LEN(SUBSTITUTE(SUBSTITUTE(SUBSTITUTE(M21," ",""),"0",""),"-",""))+LEN(SUBSTITUTE(SUBSTITUTE(SUBSTITUTE(N21," ",""),"0",""),"-",""))<LEN(SUBSTITUTE(SUBSTITUTE(SUBSTITUTE(J21," ",""),"0",""),"-",""))+LEN(SUBSTITUTE(SUBSTITUTE(SUBSTITUTE(K21," ",""),"0",""),"-","")))*1),0)+IF(OR(COUNTA(J22,K22,M22,N22)>0,OR(L22="X",L22="x")),IF(OR(L22="X",L22="x",AND(OR(COUNTA(J22,K22,M22,N22)>0,OR(L22="X",L22="x")),(LEN(SUBSTITUTE(SUBSTITUTE(SUBSTITUTE(J22," ",""),"0",""),"-",""))+LEN(SUBSTITUTE(SUBSTITUTE(SUBSTITUTE(K22," ",""),"0",""),"-","")))=(LEN(SUBSTITUTE(SUBSTITUTE(SUBSTITUTE(M22," ",""),"0",""),"-",""))+LEN(SUBSTITUTE(SUBSTITUTE(SUBSTITUTE(N22," ",""),"0",""),"-",""))))),0,(LEN(SUBSTITUTE(SUBSTITUTE(SUBSTITUTE(M22," ",""),"0",""),"-",""))+LEN(SUBSTITUTE(SUBSTITUTE(SUBSTITUTE(N22," ",""),"0",""),"-",""))<LEN(SUBSTITUTE(SUBSTITUTE(SUBSTITUTE(J22," ",""),"0",""),"-",""))+LEN(SUBSTITUTE(SUBSTITUTE(SUBSTITUTE(K22," ",""),"0",""),"-","")))*1),0) | L26: =IF(OR(COUNTA(J21,K21,M21,N21)>0,OR(L21="X",L21="x")),IF(OR(L21="X",L21="x",AND(OR(COUNTA(J21,K21,M21,N21)>0,OR(L21="X",L21="x")),(LEN(SUBSTITUTE(SUBSTITUTE(SUBSTITUTE(J21," ",""),"0",""),"-",""))+LEN(SUBSTITUTE(SUBSTITUTE(SUBSTITUTE(K21," ",""),"0",""),"-","")))=(LEN(SUBSTITUTE(SUBSTITUTE(SUBSTITUTE(M21," ",""),"0",""),"-",""))+LEN(SUBSTITUTE(SUBSTITUTE(SUBSTITUTE(N21," ",""),"0",""),"-",""))))),1,0),0)+IF(OR(COUNTA(J22,K22,M22,N22)>0,OR(L22="X",L22="x")),IF(OR(L22="X",L22="x",AND(OR(COUNTA(J22,K22,M22,N22)>0,OR(L22="X",L22="x")),(LEN(SUBSTITUTE(SUBSTITUTE(SUBSTITUTE(J22," ",""),"0",""),"-",""))+LEN(SUBSTITUTE(SUBSTITUTE(SUBSTITUTE(K22," ",""),"0",""),"-","")))=(LEN(SUBSTITUTE(SUBSTITUTE(SUBSTITUTE(M22," ",""),"0",""),"-",""))+LEN(SUBSTITUTE(SUBSTITUTE(SUBSTITUTE(N22," ",""),"0",""),"-",""))))),1,0),0) | M26: =LEN(SUBSTITUTE(SUBSTITUTE(SUBSTITUTE(M21," ",""),"0",""),"-",""))+LEN(SUBSTITUTE(SUBSTITUTE(SUBSTITUTE(N21," ",""),"0",""),"-",""))+LEN(SUBSTITUTE(SUBSTITUTE(SUBSTITUTE(M22," ",""),"0",""),"-",""))+LEN(SUBSTITUTE(SUBSTITUTE(SUBSTITUTE(N22," ",""),"0",""),"-","")) | N26: =LEN(SUBSTITUTE(SUBSTITUTE(SUBSTITUTE(J21," ",""),"0",""),"-",""))+LEN(SUBSTITUTE(SUBSTITUTE(SUBSTITUTE(K21," ",""),"0",""),"-",""))+LEN(SUBSTITUTE(SUBSTITUTE(SUBSTITUTE(J22," ",""),"0",""),"-",""))+LEN(SUBSTITUTE(SUBSTITUTE(SUBSTITUTE(K22," ",""),"0",""),"-","")) | O26: =RANK(AC26,$AC$26:$AC$28)+COUNTIF($AC$25:AC25,AC26) | U26: =(B26*1000000)-(C26*10000)+(D26*100)+(E26*1)-(F26*0.01) | AC26: =(J26*1000000)-(K26*10000)+(L26*100)+(M26*1)-(N26*0.01)
A27: =data!$E$7&" "&data!$B$7 | B27: =IF(OR(COUNTA(B21,C21,E21,F21)>0,OR(D21="X",D21="x")),IF(OR(D21="X",D21="x",AND(OR(COUNTA(B21,C21,E21,F21)>0,OR(D21="X",D21="x")),(LEN(SUBSTITUTE(SUBSTITUTE(SUBSTITUTE(B21," ",""),"0",""),"-",""))+LEN(SUBSTITUTE(SUBSTITUTE(SUBSTITUTE(C21," ",""),"0",""),"-","")))=(LEN(SUBSTITUTE(SUBSTITUTE(SUBSTITUTE(E21," ",""),"0",""),"-",""))+LEN(SUBSTITUTE(SUBSTITUTE(SUBSTITUTE(F21," ",""),"0",""),"-",""))))),0,(LEN(SUBSTITUTE(SUBSTITUTE(SUBSTITUTE(B21," ",""),"0",""),"-",""))+LEN(SUBSTITUTE(SUBSTITUTE(SUBSTITUTE(C21," ",""),"0",""),"-",""))>LEN(SUBSTITUTE(SUBSTITUTE(SUBSTITUTE(E21," ",""),"0",""),"-",""))+LEN(SUBSTITUTE(SUBSTITUTE(SUBSTITUTE(F21," ",""),"0",""),"-","")))*1),0)+IF(OR(COUNTA(B23,C23,E23,F23)>0,OR(D23="X",D23="x")),IF(OR(D23="X",D23="x",AND(OR(COUNTA(B23,C23,E23,F23)>0,OR(D23="X",D23="x")),(LEN(SUBSTITUTE(SUBSTITUTE(SUBSTITUTE(B23," ",""),"0",""),"-",""))+LEN(SUBSTITUTE(SUBSTITUTE(SUBSTITUTE(C23," ",""),"0",""),"-","")))=(LEN(SUBSTITUTE(SUBSTITUTE(SUBSTITUTE(E23," ",""),"0",""),"-",""))+LEN(SUBSTITUTE(SUBSTITUTE(SUBSTITUTE(F23," ",""),"0",""),"-",""))))),0,(LEN(SUBSTITUTE(SUBSTITUTE(SUBSTITUTE(E23," ",""),"0",""),"-",""))+LEN(SUBSTITUTE(SUBSTITUTE(SUBSTITUTE(F23," ",""),"0",""),"-",""))>LEN(SUBSTITUTE(SUBSTITUTE(SUBSTITUTE(B23," ",""),"0",""),"-",""))+LEN(SUBSTITUTE(SUBSTITUTE(SUBSTITUTE(C23," ",""),"0",""),"-","")))*1),0) | C27: =IF(OR(COUNTA(B21,C21,E21,F21)>0,OR(D21="X",D21="x")),IF(OR(D21="X",D21="x",AND(OR(COUNTA(B21,C21,E21,F21)>0,OR(D21="X",D21="x")),(LEN(SUBSTITUTE(SUBSTITUTE(SUBSTITUTE(B21," ",""),"0",""),"-",""))+LEN(SUBSTITUTE(SUBSTITUTE(SUBSTITUTE(C21," ",""),"0",""),"-","")))=(LEN(SUBSTITUTE(SUBSTITUTE(SUBSTITUTE(E21," ",""),"0",""),"-",""))+LEN(SUBSTITUTE(SUBSTITUTE(SUBSTITUTE(F21," ",""),"0",""),"-",""))))),0,(LEN(SUBSTITUTE(SUBSTITUTE(SUBSTITUTE(B21," ",""),"0",""),"-",""))+LEN(SUBSTITUTE(SUBSTITUTE(SUBSTITUTE(C21," ",""),"0",""),"-",""))<LEN(SUBSTITUTE(SUBSTITUTE(SUBSTITUTE(E21," ",""),"0",""),"-",""))+LEN(SUBSTITUTE(SUBSTITUTE(SUBSTITUTE(F21," ",""),"0",""),"-","")))*1),0)+IF(OR(COUNTA(B23,C23,E23,F23)>0,OR(D23="X",D23="x")),IF(OR(D23="X",D23="x",AND(OR(COUNTA(B23,C23,E23,F23)>0,OR(D23="X",D23="x")),(LEN(SUBSTITUTE(SUBSTITUTE(SUBSTITUTE(B23," ",""),"0",""),"-",""))+LEN(SUBSTITUTE(SUBSTITUTE(SUBSTITUTE(C23," ",""),"0",""),"-","")))=(LEN(SUBSTITUTE(SUBSTITUTE(SUBSTITUTE(E23," ",""),"0",""),"-",""))+LEN(SUBSTITUTE(SUBSTITUTE(SUBSTITUTE(F23," ",""),"0",""),"-",""))))),0,(LEN(SUBSTITUTE(SUBSTITUTE(SUBSTITUTE(E23," ",""),"0",""),"-",""))+LEN(SUBSTITUTE(SUBSTITUTE(SUBSTITUTE(F23," ",""),"0",""),"-",""))<LEN(SUBSTITUTE(SUBSTITUTE(SUBSTITUTE(B23," ",""),"0",""),"-",""))+LEN(SUBSTITUTE(SUBSTITUTE(SUBSTITUTE(C23," ",""),"0",""),"-","")))*1),0) | D27: =IF(OR(COUNTA(B21,C21,E21,F21)>0,OR(D21="X",D21="x")),IF(OR(D21="X",D21="x",AND(OR(COUNTA(B21,C21,E21,F21)>0,OR(D21="X",D21="x")),(LEN(SUBSTITUTE(SUBSTITUTE(SUBSTITUTE(B21," ",""),"0",""),"-",""))+LEN(SUBSTITUTE(SUBSTITUTE(SUBSTITUTE(C21," ",""),"0",""),"-","")))=(LEN(SUBSTITUTE(SUBSTITUTE(SUBSTITUTE(E21," ",""),"0",""),"-",""))+LEN(SUBSTITUTE(SUBSTITUTE(SUBSTITUTE(F21," ",""),"0",""),"-",""))))),1,0),0)+IF(OR(COUNTA(B23,C23,E23,F23)>0,OR(D23="X",D23="x")),IF(OR(D23="X",D23="x",AND(OR(COUNTA(B23,C23,E23,F23)>0,OR(D23="X",D23="x")),(LEN(SUBSTITUTE(SUBSTITUTE(SUBSTITUTE(B23," ",""),"0",""),"-",""))+LEN(SUBSTITUTE(SUBSTITUTE(SUBSTITUTE(C23," ",""),"0",""),"-","")))=(LEN(SUBSTITUTE(SUBSTITUTE(SUBSTITUTE(E23," ",""),"0",""),"-",""))+LEN(SUBSTITUTE(SUBSTITUTE(SUBSTITUTE(F23," ",""),"0",""),"-",""))))),1,0),0) | E27: =LEN(SUBSTITUTE(SUBSTITUTE(SUBSTITUTE(B21," ",""),"0",""),"-",""))+LEN(SUBSTITUTE(SUBSTITUTE(SUBSTITUTE(C21," ",""),"0",""),"-",""))+LEN(SUBSTITUTE(SUBSTITUTE(SUBSTITUTE(E23," ",""),"0",""),"-",""))+LEN(SUBSTITUTE(SUBSTITUTE(SUBSTITUTE(F23," ",""),"0",""),"-","")) | F27: =LEN(SUBSTITUTE(SUBSTITUTE(SUBSTITUTE(E21," ",""),"0",""),"-",""))+LEN(SUBSTITUTE(SUBSTITUTE(SUBSTITUTE(F21," ",""),"0",""),"-",""))+LEN(SUBSTITUTE(SUBSTITUTE(SUBSTITUTE(B23," ",""),"0",""),"-",""))+LEN(SUBSTITUTE(SUBSTITUTE(SUBSTITUTE(C23," ",""),"0",""),"-","")) | G27: =RANK(U27,$U$26:$U$28)+COUNTIF($U$25:U26,U27) | I27: =data!$E$54&" "&data!$B$54 | J27: =IF(OR(COUNTA(J21,K21,M21,N21)>0,OR(L21="X",L21="x")),IF(OR(L21="X",L21="x",AND(OR(COUNTA(J21,K21,M21,N21)>0,OR(L21="X",L21="x")),(LEN(SUBSTITUTE(SUBSTITUTE(SUBSTITUTE(J21," ",""),"0",""),"-",""))+LEN(SUBSTITUTE(SUBSTITUTE(SUBSTITUTE(K21," ",""),"0",""),"-","")))=(LEN(SUBSTITUTE(SUBSTITUTE(SUBSTITUTE(M21," ",""),"0",""),"-",""))+LEN(SUBSTITUTE(SUBSTITUTE(SUBSTITUTE(N21," ",""),"0",""),"-",""))))),0,(LEN(SUBSTITUTE(SUBSTITUTE(SUBSTITUTE(J21," ",""),"0",""),"-",""))+LEN(SUBSTITUTE(SUBSTITUTE(SUBSTITUTE(K21," ",""),"0",""),"-",""))>LEN(SUBSTITUTE(SUBSTITUTE(SUBSTITUTE(M21," ",""),"0",""),"-",""))+LEN(SUBSTITUTE(SUBSTITUTE(SUBSTITUTE(N21," ",""),"0",""),"-","")))*1),0)+IF(OR(COUNTA(J23,K23,M23,N23)>0,OR(L23="X",L23="x")),IF(OR(L23="X",L23="x",AND(OR(COUNTA(J23,K23,M23,N23)>0,OR(L23="X",L23="x")),(LEN(SUBSTITUTE(SUBSTITUTE(SUBSTITUTE(J23," ",""),"0",""),"-",""))+LEN(SUBSTITUTE(SUBSTITUTE(SUBSTITUTE(K23," ",""),"0",""),"-","")))=(LEN(SUBSTITUTE(SUBSTITUTE(SUBSTITUTE(M23," ",""),"0",""),"-",""))+LEN(SUBSTITUTE(SUBSTITUTE(SUBSTITUTE(N23," ",""),"0",""),"-",""))))),0,(LEN(SUBSTITUTE(SUBSTITUTE(SUBSTITUTE(M23," ",""),"0",""),"-",""))+LEN(SUBSTITUTE(SUBSTITUTE(SUBSTITUTE(N23," ",""),"0",""),"-",""))>LEN(SUBSTITUTE(SUBSTITUTE(SUBSTITUTE(J23," ",""),"0",""),"-",""))+LEN(SUBSTITUTE(SUBSTITUTE(SUBSTITUTE(K23," ",""),"0",""),"-","")))*1),0) | K27: =IF(OR(COUNTA(J21,K21,M21,N21)>0,OR(L21="X",L21="x")),IF(OR(L21="X",L21="x",AND(OR(COUNTA(J21,K21,M21,N21)>0,OR(L21="X",L21="x")),(LEN(SUBSTITUTE(SUBSTITUTE(SUBSTITUTE(J21," ",""),"0",""),"-",""))+LEN(SUBSTITUTE(SUBSTITUTE(SUBSTITUTE(K21," ",""),"0",""),"-","")))=(LEN(SUBSTITUTE(SUBSTITUTE(SUBSTITUTE(M21," ",""),"0",""),"-",""))+LEN(SUBSTITUTE(SUBSTITUTE(SUBSTITUTE(N21," ",""),"0",""),"-",""))))),0,(LEN(SUBSTITUTE(SUBSTITUTE(SUBSTITUTE(J21," ",""),"0",""),"-",""))+LEN(SUBSTITUTE(SUBSTITUTE(SUBSTITUTE(K21," ",""),"0",""),"-",""))<LEN(SUBSTITUTE(SUBSTITUTE(SUBSTITUTE(M21," ",""),"0",""),"-",""))+LEN(SUBSTITUTE(SUBSTITUTE(SUBSTITUTE(N21," ",""),"0",""),"-","")))*1),0)+IF(OR(COUNTA(J23,K23,M23,N23)>0,OR(L23="X",L23="x")),IF(OR(L23="X",L23="x",AND(OR(COUNTA(J23,K23,M23,N23)>0,OR(L23="X",L23="x")),(LEN(SUBSTITUTE(SUBSTITUTE(SUBSTITUTE(J23," ",""),"0",""),"-",""))+LEN(SUBSTITUTE(SUBSTITUTE(SUBSTITUTE(K23," ",""),"0",""),"-","")))=(LEN(SUBSTITUTE(SUBSTITUTE(SUBSTITUTE(M23," ",""),"0",""),"-",""))+LEN(SUBSTITUTE(SUBSTITUTE(SUBSTITUTE(N23," ",""),"0",""),"-",""))))),0,(LEN(SUBSTITUTE(SUBSTITUTE(SUBSTITUTE(M23," ",""),"0",""),"-",""))+LEN(SUBSTITUTE(SUBSTITUTE(SUBSTITUTE(N23," ",""),"0",""),"-",""))<LEN(SUBSTITUTE(SUBSTITUTE(SUBSTITUTE(J23," ",""),"0",""),"-",""))+LEN(SUBSTITUTE(SUBSTITUTE(SUBSTITUTE(K23," ",""),"0",""),"-","")))*1),0) | L27: =IF(OR(COUNTA(J21,K21,M21,N21)>0,OR(L21="X",L21="x")),IF(OR(L21="X",L21="x",AND(OR(COUNTA(J21,K21,M21,N21)>0,OR(L21="X",L21="x")),(LEN(SUBSTITUTE(SUBSTITUTE(SUBSTITUTE(J21," ",""),"0",""),"-",""))+LEN(SUBSTITUTE(SUBSTITUTE(SUBSTITUTE(K21," ",""),"0",""),"-","")))=(LEN(SUBSTITUTE(SUBSTITUTE(SUBSTITUTE(M21," ",""),"0",""),"-",""))+LEN(SUBSTITUTE(SUBSTITUTE(SUBSTITUTE(N21," ",""),"0",""),"-",""))))),1,0),0)+IF(OR(COUNTA(J23,K23,M23,N23)>0,OR(L23="X",L23="x")),IF(OR(L23="X",L23="x",AND(OR(COUNTA(J23,K23,M23,N23)>0,OR(L23="X",L23="x")),(LEN(SUBSTITUTE(SUBSTITUTE(SUBSTITUTE(J23," ",""),"0",""),"-",""))+LEN(SUBSTITUTE(SUBSTITUTE(SUBSTITUTE(K23," ",""),"0",""),"-","")))=(LEN(SUBSTITUTE(SUBSTITUTE(SUBSTITUTE(M23," ",""),"0",""),"-",""))+LEN(SUBSTITUTE(SUBSTITUTE(SUBSTITUTE(N23," ",""),"0",""),"-",""))))),1,0),0) | M27: =LEN(SUBSTITUTE(SUBSTITUTE(SUBSTITUTE(J21," ",""),"0",""),"-",""))+LEN(SUBSTITUTE(SUBSTITUTE(SUBSTITUTE(K21," ",""),"0",""),"-",""))+LEN(SUBSTITUTE(SUBSTITUTE(SUBSTITUTE(M23," ",""),"0",""),"-",""))+LEN(SUBSTITUTE(SUBSTITUTE(SUBSTITUTE(N23," ",""),"0",""),"-","")) | N27: =LEN(SUBSTITUTE(SUBSTITUTE(SUBSTITUTE(M21," ",""),"0",""),"-",""))+LEN(SUBSTITUTE(SUBSTITUTE(SUBSTITUTE(N21," ",""),"0",""),"-",""))+LEN(SUBSTITUTE(SUBSTITUTE(SUBSTITUTE(J23," ",""),"0",""),"-",""))+LEN(SUBSTITUTE(SUBSTITUTE(SUBSTITUTE(K23," ",""),"0",""),"-","")) | O27: =RANK(AC27,$AC$26:$AC$28)+COUNTIF($AC$25:AC26,AC27) | U27: =(B27*1000000)-(C27*10000)+(D27*100)+(E27*1)-(F27*0.01) | AC27: =(J27*1000000)-(K27*10000)+(L27*100)+(M27*1)-(N27*0.01)
A28: =data!$E$8&" "&data!$B$8 | B28: =IF(OR(COUNTA(B22,C22,E22,F22)>0,OR(D22="X",D22="x")),IF(OR(D22="X",D22="x",AND(OR(COUNTA(B22,C22,E22,F22)>0,OR(D22="X",D22="x")),(LEN(SUBSTITUTE(SUBSTITUTE(SUBSTITUTE(B22," ",""),"0",""),"-",""))+LEN(SUBSTITUTE(SUBSTITUTE(SUBSTITUTE(C22," ",""),"0",""),"-","")))=(LEN(SUBSTITUTE(SUBSTITUTE(SUBSTITUTE(E22," ",""),"0",""),"-",""))+LEN(SUBSTITUTE(SUBSTITUTE(SUBSTITUTE(F22," ",""),"0",""),"-",""))))),0,(LEN(SUBSTITUTE(SUBSTITUTE(SUBSTITUTE(B22," ",""),"0",""),"-",""))+LEN(SUBSTITUTE(SUBSTITUTE(SUBSTITUTE(C22," ",""),"0",""),"-",""))>LEN(SUBSTITUTE(SUBSTITUTE(SUBSTITUTE(E22," ",""),"0",""),"-",""))+LEN(SUBSTITUTE(SUBSTITUTE(SUBSTITUTE(F22," ",""),"0",""),"-","")))*1),0)+IF(OR(COUNTA(B23,C23,E23,F23)>0,OR(D23="X",D23="x")),IF(OR(D23="X",D23="x",AND(OR(COUNTA(B23,C23,E23,F23)>0,OR(D23="X",D23="x")),(LEN(SUBSTITUTE(SUBSTITUTE(SUBSTITUTE(B23," ",""),"0",""),"-",""))+LEN(SUBSTITUTE(SUBSTITUTE(SUBSTITUTE(C23," ",""),"0",""),"-","")))=(LEN(SUBSTITUTE(SUBSTITUTE(SUBSTITUTE(E23," ",""),"0",""),"-",""))+LEN(SUBSTITUTE(SUBSTITUTE(SUBSTITUTE(F23," ",""),"0",""),"-",""))))),0,(LEN(SUBSTITUTE(SUBSTITUTE(SUBSTITUTE(B23," ",""),"0",""),"-",""))+LEN(SUBSTITUTE(SUBSTITUTE(SUBSTITUTE(C23," ",""),"0",""),"-",""))>LEN(SUBSTITUTE(SUBSTITUTE(SUBSTITUTE(E23," ",""),"0",""),"-",""))+LEN(SUBSTITUTE(SUBSTITUTE(SUBSTITUTE(F23," ",""),"0",""),"-","")))*1),0) | C28: =IF(OR(COUNTA(B22,C22,E22,F22)>0,OR(D22="X",D22="x")),IF(OR(D22="X",D22="x",AND(OR(COUNTA(B22,C22,E22,F22)>0,OR(D22="X",D22="x")),(LEN(SUBSTITUTE(SUBSTITUTE(SUBSTITUTE(B22," ",""),"0",""),"-",""))+LEN(SUBSTITUTE(SUBSTITUTE(SUBSTITUTE(C22," ",""),"0",""),"-","")))=(LEN(SUBSTITUTE(SUBSTITUTE(SUBSTITUTE(E22," ",""),"0",""),"-",""))+LEN(SUBSTITUTE(SUBSTITUTE(SUBSTITUTE(F22," ",""),"0",""),"-",""))))),0,(LEN(SUBSTITUTE(SUBSTITUTE(SUBSTITUTE(B22," ",""),"0",""),"-",""))+LEN(SUBSTITUTE(SUBSTITUTE(SUBSTITUTE(C22," ",""),"0",""),"-",""))<LEN(SUBSTITUTE(SUBSTITUTE(SUBSTITUTE(E22," ",""),"0",""),"-",""))+LEN(SUBSTITUTE(SUBSTITUTE(SUBSTITUTE(F22," ",""),"0",""),"-","")))*1),0)+IF(OR(COUNTA(B23,C23,E23,F23)>0,OR(D23="X",D23="x")),IF(OR(D23="X",D23="x",AND(OR(COUNTA(B23,C23,E23,F23)>0,OR(D23="X",D23="x")),(LEN(SUBSTITUTE(SUBSTITUTE(SUBSTITUTE(B23," ",""),"0",""),"-",""))+LEN(SUBSTITUTE(SUBSTITUTE(SUBSTITUTE(C23," ",""),"0",""),"-","")))=(LEN(SUBSTITUTE(SUBSTITUTE(SUBSTITUTE(E23," ",""),"0",""),"-",""))+LEN(SUBSTITUTE(SUBSTITUTE(SUBSTITUTE(F23," ",""),"0",""),"-",""))))),0,(LEN(SUBSTITUTE(SUBSTITUTE(SUBSTITUTE(B23," ",""),"0",""),"-",""))+LEN(SUBSTITUTE(SUBSTITUTE(SUBSTITUTE(C23," ",""),"0",""),"-",""))<LEN(SUBSTITUTE(SUBSTITUTE(SUBSTITUTE(E23," ",""),"0",""),"-",""))+LEN(SUBSTITUTE(SUBSTITUTE(SUBSTITUTE(F23," ",""),"0",""),"-","")))*1),0) | D28: =IF(OR(COUNTA(B22,C22,E22,F22)>0,OR(D22="X",D22="x")),IF(OR(D22="X",D22="x",AND(OR(COUNTA(B22,C22,E22,F22)>0,OR(D22="X",D22="x")),(LEN(SUBSTITUTE(SUBSTITUTE(SUBSTITUTE(B22," ",""),"0",""),"-",""))+LEN(SUBSTITUTE(SUBSTITUTE(SUBSTITUTE(C22," ",""),"0",""),"-","")))=(LEN(SUBSTITUTE(SUBSTITUTE(SUBSTITUTE(E22," ",""),"0",""),"-",""))+LEN(SUBSTITUTE(SUBSTITUTE(SUBSTITUTE(F22," ",""),"0",""),"-",""))))),1,0),0)+IF(OR(COUNTA(B23,C23,E23,F23)>0,OR(D23="X",D23="x")),IF(OR(D23="X",D23="x",AND(OR(COUNTA(B23,C23,E23,F23)>0,OR(D23="X",D23="x")),(LEN(SUBSTITUTE(SUBSTITUTE(SUBSTITUTE(B23," ",""),"0",""),"-",""))+LEN(SUBSTITUTE(SUBSTITUTE(SUBSTITUTE(C23," ",""),"0",""),"-","")))=(LEN(SUBSTITUTE(SUBSTITUTE(SUBSTITUTE(E23," ",""),"0",""),"-",""))+LEN(SUBSTITUTE(SUBSTITUTE(SUBSTITUTE(F23," ",""),"0",""),"-",""))))),1,0),0) | E28: =LEN(SUBSTITUTE(SUBSTITUTE(SUBSTITUTE(B22," ",""),"0",""),"-",""))+LEN(SUBSTITUTE(SUBSTITUTE(SUBSTITUTE(C22," ",""),"0",""),"-",""))+LEN(SUBSTITUTE(SUBSTITUTE(SUBSTITUTE(B23," ",""),"0",""),"-",""))+LEN(SUBSTITUTE(SUBSTITUTE(SUBSTITUTE(C23," ",""),"0",""),"-","")) | F28: =LEN(SUBSTITUTE(SUBSTITUTE(SUBSTITUTE(E22," ",""),"0",""),"-",""))+LEN(SUBSTITUTE(SUBSTITUTE(SUBSTITUTE(F22," ",""),"0",""),"-",""))+LEN(SUBSTITUTE(SUBSTITUTE(SUBSTITUTE(E23," ",""),"0",""),"-",""))+LEN(SUBSTITUTE(SUBSTITUTE(SUBSTITUTE(F23," ",""),"0",""),"-","")) | G28: =RANK(U28,$U$26:$U$28)+COUNTIF($U$25:U27,U28) | I28: =data!$E$55&" "&data!$B$55 | J28: =IF(OR(COUNTA(J22,K22,M22,N22)>0,OR(L22="X",L22="x")),IF(OR(L22="X",L22="x",AND(OR(COUNTA(J22,K22,M22,N22)>0,OR(L22="X",L22="x")),(LEN(SUBSTITUTE(SUBSTITUTE(SUBSTITUTE(J22," ",""),"0",""),"-",""))+LEN(SUBSTITUTE(SUBSTITUTE(SUBSTITUTE(K22," ",""),"0",""),"-","")))=(LEN(SUBSTITUTE(SUBSTITUTE(SUBSTITUTE(M22," ",""),"0",""),"-",""))+LEN(SUBSTITUTE(SUBSTITUTE(SUBSTITUTE(N22," ",""),"0",""),"-",""))))),0,(LEN(SUBSTITUTE(SUBSTITUTE(SUBSTITUTE(J22," ",""),"0",""),"-",""))+LEN(SUBSTITUTE(SUBSTITUTE(SUBSTITUTE(K22," ",""),"0",""),"-",""))>LEN(SUBSTITUTE(SUBSTITUTE(SUBSTITUTE(M22," ",""),"0",""),"-",""))+LEN(SUBSTITUTE(SUBSTITUTE(SUBSTITUTE(N22," ",""),"0",""),"-","")))*1),0)+IF(OR(COUNTA(J23,K23,M23,N23)>0,OR(L23="X",L23="x")),IF(OR(L23="X",L23="x",AND(OR(COUNTA(J23,K23,M23,N23)>0,OR(L23="X",L23="x")),(LEN(SUBSTITUTE(SUBSTITUTE(SUBSTITUTE(J23," ",""),"0",""),"-",""))+LEN(SUBSTITUTE(SUBSTITUTE(SUBSTITUTE(K23," ",""),"0",""),"-","")))=(LEN(SUBSTITUTE(SUBSTITUTE(SUBSTITUTE(M23," ",""),"0",""),"-",""))+LEN(SUBSTITUTE(SUBSTITUTE(SUBSTITUTE(N23," ",""),"0",""),"-",""))))),0,(LEN(SUBSTITUTE(SUBSTITUTE(SUBSTITUTE(J23," ",""),"0",""),"-",""))+LEN(SUBSTITUTE(SUBSTITUTE(SUBSTITUTE(K23," ",""),"0",""),"-",""))>LEN(SUBSTITUTE(SUBSTITUTE(SUBSTITUTE(M23," ",""),"0",""),"-",""))+LEN(SUBSTITUTE(SUBSTITUTE(SUBSTITUTE(N23," ",""),"0",""),"-","")))*1),0) | K28: =IF(OR(COUNTA(J22,K22,M22,N22)>0,OR(L22="X",L22="x")),IF(OR(L22="X",L22="x",AND(OR(COUNTA(J22,K22,M22,N22)>0,OR(L22="X",L22="x")),(LEN(SUBSTITUTE(SUBSTITUTE(SUBSTITUTE(J22," ",""),"0",""),"-",""))+LEN(SUBSTITUTE(SUBSTITUTE(SUBSTITUTE(K22," ",""),"0",""),"-","")))=(LEN(SUBSTITUTE(SUBSTITUTE(SUBSTITUTE(M22," ",""),"0",""),"-",""))+LEN(SUBSTITUTE(SUBSTITUTE(SUBSTITUTE(N22," ",""),"0",""),"-",""))))),0,(LEN(SUBSTITUTE(SUBSTITUTE(SUBSTITUTE(J22," ",""),"0",""),"-",""))+LEN(SUBSTITUTE(SUBSTITUTE(SUBSTITUTE(K22," ",""),"0",""),"-",""))<LEN(SUBSTITUTE(SUBSTITUTE(SUBSTITUTE(M22," ",""),"0",""),"-",""))+LEN(SUBSTITUTE(SUBSTITUTE(SUBSTITUTE(N22," ",""),"0",""),"-","")))*1),0)+IF(OR(COUNTA(J23,K23,M23,N23)>0,OR(L23="X",L23="x")),IF(OR(L23="X",L23="x",AND(OR(COUNTA(J23,K23,M23,N23)>0,OR(L23="X",L23="x")),(LEN(SUBSTITUTE(SUBSTITUTE(SUBSTITUTE(J23," ",""),"0",""),"-",""))+LEN(SUBSTITUTE(SUBSTITUTE(SUBSTITUTE(K23," ",""),"0",""),"-","")))=(LEN(SUBSTITUTE(SUBSTITUTE(SUBSTITUTE(M23," ",""),"0",""),"-",""))+LEN(SUBSTITUTE(SUBSTITUTE(SUBSTITUTE(N23," ",""),"0",""),"-",""))))),0,(LEN(SUBSTITUTE(SUBSTITUTE(SUBSTITUTE(J23," ",""),"0",""),"-",""))+LEN(SUBSTITUTE(SUBSTITUTE(SUBSTITUTE(K23," ",""),"0",""),"-",""))<LEN(SUBSTITUTE(SUBSTITUTE(SUBSTITUTE(M23," ",""),"0",""),"-",""))+LEN(SUBSTITUTE(SUBSTITUTE(SUBSTITUTE(N23," ",""),"0",""),"-","")))*1),0) | L28: =IF(OR(COUNTA(J22,K22,M22,N22)>0,OR(L22="X",L22="x")),IF(OR(L22="X",L22="x",AND(OR(COUNTA(J22,K22,M22,N22)>0,OR(L22="X",L22="x")),(LEN(SUBSTITUTE(SUBSTITUTE(SUBSTITUTE(J22," ",""),"0",""),"-",""))+LEN(SUBSTITUTE(SUBSTITUTE(SUBSTITUTE(K22," ",""),"0",""),"-","")))=(LEN(SUBSTITUTE(SUBSTITUTE(SUBSTITUTE(M22," ",""),"0",""),"-",""))+LEN(SUBSTITUTE(SUBSTITUTE(SUBSTITUTE(N22," ",""),"0",""),"-",""))))),1,0),0)+IF(OR(COUNTA(J23,K23,M23,N23)>0,OR(L23="X",L23="x")),IF(OR(L23="X",L23="x",AND(OR(COUNTA(J23,K23,M23,N23)>0,OR(L23="X",L23="x")),(LEN(SUBSTITUTE(SUBSTITUTE(SUBSTITUTE(J23," ",""),"0",""),"-",""))+LEN(SUBSTITUTE(SUBSTITUTE(SUBSTITUTE(K23," ",""),"0",""),"-","")))=(LEN(SUBSTITUTE(SUBSTITUTE(SUBSTITUTE(M23," ",""),"0",""),"-",""))+LEN(SUBSTITUTE(SUBSTITUTE(SUBSTITUTE(N23," ",""),"0",""),"-",""))))),1,0),0) | M28: =LEN(SUBSTITUTE(SUBSTITUTE(SUBSTITUTE(J22," ",""),"0",""),"-",""))+LEN(SUBSTITUTE(SUBSTITUTE(SUBSTITUTE(K22," ",""),"0",""),"-",""))+LEN(SUBSTITUTE(SUBSTITUTE(SUBSTITUTE(J23," ",""),"0",""),"-",""))+LEN(SUBSTITUTE(SUBSTITUTE(SUBSTITUTE(K23," ",""),"0",""),"-","")) | N28: =LEN(SUBSTITUTE(SUBSTITUTE(SUBSTITUTE(M22," ",""),"0",""),"-",""))+LEN(SUBSTITUTE(SUBSTITUTE(SUBSTITUTE(N22," ",""),"0",""),"-",""))+LEN(SUBSTITUTE(SUBSTITUTE(SUBSTITUTE(M23," ",""),"0",""),"-",""))+LEN(SUBSTITUTE(SUBSTITUTE(SUBSTITUTE(N23," ",""),"0",""),"-","")) | O28: =RANK(AC28,$AC$26:$AC$28)+COUNTIF($AC$25:AC27,AC28) | U28: =(B28*1000000)-(C28*10000)+(D28*100)+(E28*1)-(F28*0.01) | AC28: =(J28*1000000)-(K28*10000)+(L28*100)+(M28*1)-(N28*0.01)
G31: Ranking | O31: Ranking
F32: 1. | G32: =IFERROR(INDEX($A$26:$A$28, MATCH(1, $G$26:$G$28, 0)), "-") | N32: 1. | O32: =IFERROR(INDEX($I$26:$I$28, MATCH(1, $O$26:$O$28, 0)), "-")
F33: 2. | G33: =IFERROR(INDEX($A$26:$A$28, MATCH(2, $G$26:$G$28, 0)), "-") | N33: 2. | O33: =IFERROR(INDEX($I$26:$I$28, MATCH(2, $O$26:$O$28, 0)), "-")
F34: 3. | G34: =IFERROR(INDEX($A$26:$A$28, MATCH(3, $G$26:$G$28, 0)), "-") | N34: 3. | O34: =IFERROR(INDEX($I$26:$I$28, MATCH(3, $O$26:$O$28, 0)), "-")
A36: ='data'!$A$11 | I36: ='data'!$A$58
A37: White | D37: vs | G37: Red | I37: White | L37: vs | O37: Red
A38: =data!$E$10&" "&data!$B$10 | G38: =data!$E$9&" "&data!$B$9 | I38: =data!$E$57&" "&data!$B$57 | O38: =data!$E$56&" "&data!$B$56
A39: =data!$E$11&" "&data!$B$11 | G39: =data!$E$9&" "&data!$B$9 | I39: =data!$E$58&" "&data!$B$58 | O39: =data!$E$56&" "&data!$B$56
A40: =data!$E$11&" "&data!$B$11 | G40: =data!$E$10&" "&data!$B$10 | I40: =data!$E$58&" "&data!$B$58 | O40: =data!$E$57&" "&data!$B$57
A42: Results | B42: W | C42: L | D42: T | E42: PW | F42: PL | G42: Rank | I42: Results | J42: W | K42: L | L42: T | M42: PW | N42: PL | O42: Rank
A43: =data!$E$9&" "&data!$B$9 | B43: =IF(OR(COUNTA(B38,C38,E38,F38)>0,OR(D38="X",D38="x")),IF(OR(D38="X",D38="x",AND(OR(COUNTA(B38,C38,E38,F38)>0,OR(D38="X",D38="x")),(LEN(SUBSTITUTE(SUBSTITUTE(SUBSTITUTE(B38," ",""),"0",""),"-",""))+LEN(SUBSTITUTE(SUBSTITUTE(SUBSTITUTE(C38," ",""),"0",""),"-","")))=(LEN(SUBSTITUTE(SUBSTITUTE(SUBSTITUTE(E38," ",""),"0",""),"-",""))+LEN(SUBSTITUTE(SUBSTITUTE(SUBSTITUTE(F38," ",""),"0",""),"-",""))))),0,(LEN(SUBSTITUTE(SUBSTITUTE(SUBSTITUTE(E38," ",""),"0",""),"-",""))+LEN(SUBSTITUTE(SUBSTITUTE(SUBSTITUTE(F38," ",""),"0",""),"-",""))>LEN(SUBSTITUTE(SUBSTITUTE(SUBSTITUTE(B38," ",""),"0",""),"-",""))+LEN(SUBSTITUTE(SUBSTITUTE(SUBSTITUTE(C38," ",""),"0",""),"-","")))*1),0)+IF(OR(COUNTA(B39,C39,E39,F39)>0,OR(D39="X",D39="x")),IF(OR(D39="X",D39="x",AND(OR(COUNTA(B39,C39,E39,F39)>0,OR(D39="X",D39="x")),(LEN(SUBSTITUTE(SUBSTITUTE(SUBSTITUTE(B39," ",""),"0",""),"-",""))+LEN(SUBSTITUTE(SUBSTITUTE(SUBSTITUTE(C39," ",""),"0",""),"-","")))=(LEN(SUBSTITUTE(SUBSTITUTE(SUBSTITUTE(E39," ",""),"0",""),"-",""))+LEN(SUBSTITUTE(SUBSTITUTE(SUBSTITUTE(F39," ",""),"0",""),"-",""))))),0,(LEN(SUBSTITUTE(SUBSTITUTE(SUBSTITUTE(E39," ",""),"0",""),"-",""))+LEN(SUBSTITUTE(SUBSTITUTE(SUBSTITUTE(F39," ",""),"0",""),"-",""))>LEN(SUBSTITUTE(SUBSTITUTE(SUBSTITUTE(B39," ",""),"0",""),"-",""))+LEN(SUBSTITUTE(SUBSTITUTE(SUBSTITUTE(C39," ",""),"0",""),"-","")))*1),0) | C43: =IF(OR(COUNTA(B38,C38,E38,F38)>0,OR(D38="X",D38="x")),IF(OR(D38="X",D38="x",AND(OR(COUNTA(B38,C38,E38,F38)>0,OR(D38="X",D38="x")),(LEN(SUBSTITUTE(SUBSTITUTE(SUBSTITUTE(B38," ",""),"0",""),"-",""))+LEN(SUBSTITUTE(SUBSTITUTE(SUBSTITUTE(C38," ",""),"0",""),"-","")))=(LEN(SUBSTITUTE(SUBSTITUTE(SUBSTITUTE(E38," ",""),"0",""),"-",""))+LEN(SUBSTITUTE(SUBSTITUTE(SUBSTITUTE(F38," ",""),"0",""),"-",""))))),0,(LEN(SUBSTITUTE(SUBSTITUTE(SUBSTITUTE(E38," ",""),"0",""),"-",""))+LEN(SUBSTITUTE(SUBSTITUTE(SUBSTITUTE(F38," ",""),"0",""),"-",""))<LEN(SUBSTITUTE(SUBSTITUTE(SUBSTITUTE(B38," ",""),"0",""),"-",""))+LEN(SUBSTITUTE(SUBSTITUTE(SUBSTITUTE(C38," ",""),"0",""),"-","")))*1),0)+IF(OR(COUNTA(B39,C39,E39,F39)>0,OR(D39="X",D39="x")),IF(OR(D39="X",D39="x",AND(OR(COUNTA(B39,C39,E39,F39)>0,OR(D39="X",D39="x")),(LEN(SUBSTITUTE(SUBSTITUTE(SUBSTITUTE(B39," ",""),"0",""),"-",""))+LEN(SUBSTITUTE(SUBSTITUTE(SUBSTITUTE(C39," ",""),"0",""),"-","")))=(LEN(SUBSTITUTE(SUBSTITUTE(SUBSTITUTE(E39," ",""),"0",""),"-",""))+LEN(SUBSTITUTE(SUBSTITUTE(SUBSTITUTE(F39," ",""),"0",""),"-",""))))),0,(LEN(SUBSTITUTE(SUBSTITUTE(SUBSTITUTE(E39," ",""),"0",""),"-",""))+LEN(SUBSTITUTE(SUBSTITUTE(SUBSTITUTE(F39," ",""),"0",""),"-",""))<LEN(SUBSTITUTE(SUBSTITUTE(SUBSTITUTE(B39," ",""),"0",""),"-",""))+LEN(SUBSTITUTE(SUBSTITUTE(SUBSTITUTE(C39," ",""),"0",""),"-","")))*1),0) | D43: =IF(OR(COUNTA(B38,C38,E38,F38)>0,OR(D38="X",D38="x")),IF(OR(D38="X",D38="x",AND(OR(COUNTA(B38,C38,E38,F38)>0,OR(D38="X",D38="x")),(LEN(SUBSTITUTE(SUBSTITUTE(SUBSTITUTE(B38," ",""),"0",""),"-",""))+LEN(SUBSTITUTE(SUBSTITUTE(SUBSTITUTE(C38," ",""),"0",""),"-","")))=(LEN(SUBSTITUTE(SUBSTITUTE(SUBSTITUTE(E38," ",""),"0",""),"-",""))+LEN(SUBSTITUTE(SUBSTITUTE(SUBSTITUTE(F38," ",""),"0",""),"-",""))))),1,0),0)+IF(OR(COUNTA(B39,C39,E39,F39)>0,OR(D39="X",D39="x")),IF(OR(D39="X",D39="x",AND(OR(COUNTA(B39,C39,E39,F39)>0,OR(D39="X",D39="x")),(LEN(SUBSTITUTE(SUBSTITUTE(SUBSTITUTE(B39," ",""),"0",""),"-",""))+LEN(SUBSTITUTE(SUBSTITUTE(SUBSTITUTE(C39," ",""),"0",""),"-","")))=(LEN(SUBSTITUTE(SUBSTITUTE(SUBSTITUTE(E39," ",""),"0",""),"-",""))+LEN(SUBSTITUTE(SUBSTITUTE(SUBSTITUTE(F39," ",""),"0",""),"-",""))))),1,0),0) | E43: =LEN(SUBSTITUTE(SUBSTITUTE(SUBSTITUTE(E38," ",""),"0",""),"-",""))+LEN(SUBSTITUTE(SUBSTITUTE(SUBSTITUTE(F38," ",""),"0",""),"-",""))+LEN(SUBSTITUTE(SUBSTITUTE(SUBSTITUTE(E39," ",""),"0",""),"-",""))+LEN(SUBSTITUTE(SUBSTITUTE(SUBSTITUTE(F39," ",""),"0",""),"-","")) | F43: =LEN(SUBSTITUTE(SUBSTITUTE(SUBSTITUTE(B38," ",""),"0",""),"-",""))+LEN(SUBSTITUTE(SUBSTITUTE(SUBSTITUTE(C38," ",""),"0",""),"-",""))+LEN(SUBSTITUTE(SUBSTITUTE(SUBSTITUTE(B39," ",""),"0",""),"-",""))+LEN(SUBSTITUTE(SUBSTITUTE(SUBSTITUTE(C39," ",""),"0",""),"-","")) | G43: =RANK(U43,$U$43:$U$45)+COUNTIF($U$42:U42,U43) | I43: =data!$E$56&" "&data!$B$56 | J43: =IF(OR(COUNTA(J38,K38,M38,N38)>0,OR(L38="X",L38="x")),IF(OR(L38="X",L38="x",AND(OR(COUNTA(J38,K38,M38,N38)>0,OR(L38="X",L38="x")),(LEN(SUBSTITUTE(SUBSTITUTE(SUBSTITUTE(J38," ",""),"0",""),"-",""))+LEN(SUBSTITUTE(SUBSTITUTE(SUBSTITUTE(K38," ",""),"0",""),"-","")))=(LEN(SUBSTITUTE(SUBSTITUTE(SUBSTITUTE(M38," ",""),"0",""),"-",""))+LEN(SUBSTITUTE(SUBSTITUTE(SUBSTITUTE(N38," ",""),"0",""),"-",""))))),0,(LEN(SUBSTITUTE(SUBSTITUTE(SUBSTITUTE(M38," ",""),"0",""),"-",""))+LEN(SUBSTITUTE(SUBSTITUTE(SUBSTITUTE(N38," ",""),"0",""),"-",""))>LEN(SUBSTITUTE(SUBSTITUTE(SUBSTITUTE(J38," ",""),"0",""),"-",""))+LEN(SUBSTITUTE(SUBSTITUTE(SUBSTITUTE(K38," ",""),"0",""),"-","")))*1),0)+IF(OR(COUNTA(J39,K39,M39,N39)>0,OR(L39="X",L39="x")),IF(OR(L39="X",L39="x",AND(OR(COUNTA(J39,K39,M39,N39)>0,OR(L39="X",L39="x")),(LEN(SUBSTITUTE(SUBSTITUTE(SUBSTITUTE(J39," ",""),"0",""),"-",""))+LEN(SUBSTITUTE(SUBSTITUTE(SUBSTITUTE(K39," ",""),"0",""),"-","")))=(LEN(SUBSTITUTE(SUBSTITUTE(SUBSTITUTE(M39," ",""),"0",""),"-",""))+LEN(SUBSTITUTE(SUBSTITUTE(SUBSTITUTE(N39," ",""),"0",""),"-",""))))),0,(LEN(SUBSTITUTE(SUBSTITUTE(SUBSTITUTE(M39," ",""),"0",""),"-",""))+LEN(SUBSTITUTE(SUBSTITUTE(SUBSTITUTE(N39," ",""),"0",""),"-",""))>LEN(SUBSTITUTE(SUBSTITUTE(SUBSTITUTE(J39," ",""),"0",""),"-",""))+LEN(SUBSTITUTE(SUBSTITUTE(SUBSTITUTE(K39," ",""),"0",""),"-","")))*1),0) | K43: =IF(OR(COUNTA(J38,K38,M38,N38)>0,OR(L38="X",L38="x")),IF(OR(L38="X",L38="x",AND(OR(COUNTA(J38,K38,M38,N38)>0,OR(L38="X",L38="x")),(LEN(SUBSTITUTE(SUBSTITUTE(SUBSTITUTE(J38," ",""),"0",""),"-",""))+LEN(SUBSTITUTE(SUBSTITUTE(SUBSTITUTE(K38," ",""),"0",""),"-","")))=(LEN(SUBSTITUTE(SUBSTITUTE(SUBSTITUTE(M38," ",""),"0",""),"-",""))+LEN(SUBSTITUTE(SUBSTITUTE(SUBSTITUTE(N38," ",""),"0",""),"-",""))))),0,(LEN(SUBSTITUTE(SUBSTITUTE(SUBSTITUTE(M38," ",""),"0",""),"-",""))+LEN(SUBSTITUTE(SUBSTITUTE(SUBSTITUTE(N38," ",""),"0",""),"-",""))<LEN(SUBSTITUTE(SUBSTITUTE(SUBSTITUTE(J38," ",""),"0",""),"-",""))+LEN(SUBSTITUTE(SUBSTITUTE(SUBSTITUTE(K38," ",""),"0",""),"-","")))*1),0)+IF(OR(COUNTA(J39,K39,M39,N39)>0,OR(L39="X",L39="x")),IF(OR(L39="X",L39="x",AND(OR(COUNTA(J39,K39,M39,N39)>0,OR(L39="X",L39="x")),(LEN(SUBSTITUTE(SUBSTITUTE(SUBSTITUTE(J39," ",""),"0",""),"-",""))+LEN(SUBSTITUTE(SUBSTITUTE(SUBSTITUTE(K39," ",""),"0",""),"-","")))=(LEN(SUBSTITUTE(SUBSTITUTE(SUBSTITUTE(M39," ",""),"0",""),"-",""))+LEN(SUBSTITUTE(SUBSTITUTE(SUBSTITUTE(N39," ",""),"0",""),"-",""))))),0,(LEN(SUBSTITUTE(SUBSTITUTE(SUBSTITUTE(M39," ",""),"0",""),"-",""))+LEN(SUBSTITUTE(SUBSTITUTE(SUBSTITUTE(N39," ",""),"0",""),"-",""))<LEN(SUBSTITUTE(SUBSTITUTE(SUBSTITUTE(J39," ",""),"0",""),"-",""))+LEN(SUBSTITUTE(SUBSTITUTE(SUBSTITUTE(K39," ",""),"0",""),"-","")))*1),0) | L43: =IF(OR(COUNTA(J38,K38,M38,N38)>0,OR(L38="X",L38="x")),IF(OR(L38="X",L38="x",AND(OR(COUNTA(J38,K38,M38,N38)>0,OR(L38="X",L38="x")),(LEN(SUBSTITUTE(SUBSTITUTE(SUBSTITUTE(J38," ",""),"0",""),"-",""))+LEN(SUBSTITUTE(SUBSTITUTE(SUBSTITUTE(K38," ",""),"0",""),"-","")))=(LEN(SUBSTITUTE(SUBSTITUTE(SUBSTITUTE(M38," ",""),"0",""),"-",""))+LEN(SUBSTITUTE(SUBSTITUTE(SUBSTITUTE(N38," ",""),"0",""),"-",""))))),1,0),0)+IF(OR(COUNTA(J39,K39,M39,N39)>0,OR(L39="X",L39="x")),IF(OR(L39="X",L39="x",AND(OR(COUNTA(J39,K39,M39,N39)>0,OR(L39="X",L39="x")),(LEN(SUBSTITUTE(SUBSTITUTE(SUBSTITUTE(J39," ",""),"0",""),"-",""))+LEN(SUBSTITUTE(SUBSTITUTE(SUBSTITUTE(K39," ",""),"0",""),"-","")))=(LEN(SUBSTITUTE(SUBSTITUTE(SUBSTITUTE(M39," ",""),"0",""),"-",""))+LEN(SUBSTITUTE(SUBSTITUTE(SUBSTITUTE(N39," ",""),"0",""),"-",""))))),1,0),0) | M43: =LEN(SUBSTITUTE(SUBSTITUTE(SUBSTITUTE(M38," ",""),"0",""),"-",""))+LEN(SUBSTITUTE(SUBSTITUTE(SUBSTITUTE(N38," ",""),"0",""),"-",""))+LEN(SUBSTITUTE(SUBSTITUTE(SUBSTITUTE(M39," ",""),"0",""),"-",""))+LEN(SUBSTITUTE(SUBSTITUTE(SUBSTITUTE(N39," ",""),"0",""),"-","")) | N43: =LEN(SUBSTITUTE(SUBSTITUTE(SUBSTITUTE(J38," ",""),"0",""),"-",""))+LEN(SUBSTITUTE(SUBSTITUTE(SUBSTITUTE(K38," ",""),"0",""),"-",""))+LEN(SUBSTITUTE(SUBSTITUTE(SUBSTITUTE(J39," ",""),"0",""),"-",""))+LEN(SUBSTITUTE(SUBSTITUTE(SUBSTITUTE(K39," ",""),"0",""),"-","")) | O43: =RANK(AC43,$AC$43:$AC$45)+COUNTIF($AC$42:AC42,AC43) | U43: =(B43*1000000)-(C43*10000)+(D43*100)+(E43*1)-(F43*0.01) | AC43: =(J43*1000000)-(K43*10000)+(L43*100)+(M43*1)-(N43*0.01)
A44: =data!$E$10&" "&data!$B$10 | B44: =IF(OR(COUNTA(B38,C38,E38,F38)>0,OR(D38="X",D38="x")),IF(OR(D38="X",D38="x",AND(OR(COUNTA(B38,C38,E38,F38)>0,OR(D38="X",D38="x")),(LEN(SUBSTITUTE(SUBSTITUTE(SUBSTITUTE(B38," ",""),"0",""),"-",""))+LEN(SUBSTITUTE(SUBSTITUTE(SUBSTITUTE(C38," ",""),"0",""),"-","")))=(LEN(SUBSTITUTE(SUBSTITUTE(SUBSTITUTE(E38," ",""),"0",""),"-",""))+LEN(SUBSTITUTE(SUBSTITUTE(SUBSTITUTE(F38," ",""),"0",""),"-",""))))),0,(LEN(SUBSTITUTE(SUBSTITUTE(SUBSTITUTE(B38," ",""),"0",""),"-",""))+LEN(SUBSTITUTE(SUBSTITUTE(SUBSTITUTE(C38," ",""),"0",""),"-",""))>LEN(SUBSTITUTE(SUBSTITUTE(SUBSTITUTE(E38," ",""),"0",""),"-",""))+LEN(SUBSTITUTE(SUBSTITUTE(SUBSTITUTE(F38," ",""),"0",""),"-","")))*1),0)+IF(OR(COUNTA(B40,C40,E40,F40)>0,OR(D40="X",D40="x")),IF(OR(D40="X",D40="x",AND(OR(COUNTA(B40,C40,E40,F40)>0,OR(D40="X",D40="x")),(LEN(SUBSTITUTE(SUBSTITUTE(SUBSTITUTE(B40," ",""),"0",""),"-",""))+LEN(SUBSTITUTE(SUBSTITUTE(SUBSTITUTE(C40," ",""),"0",""),"-","")))=(LEN(SUBSTITUTE(SUBSTITUTE(SUBSTITUTE(E40," ",""),"0",""),"-",""))+LEN(SUBSTITUTE(SUBSTITUTE(SUBSTITUTE(F40," ",""),"0",""),"-",""))))),0,(LEN(SUBSTITUTE(SUBSTITUTE(SUBSTITUTE(E40," ",""),"0",""),"-",""))+LEN(SUBSTITUTE(SUBSTITUTE(SUBSTITUTE(F40," ",""),"0",""),"-",""))>LEN(SUBSTITUTE(SUBSTITUTE(SUBSTITUTE(B40," ",""),"0",""),"-",""))+LEN(SUBSTITUTE(SUBSTITUTE(SUBSTITUTE(C40," ",""),"0",""),"-","")))*1),0) | C44: =IF(OR(COUNTA(B38,C38,E38,F38)>0,OR(D38="X",D38="x")),IF(OR(D38="X",D38="x",AND(OR(COUNTA(B38,C38,E38,F38)>0,OR(D38="X",D38="x")),(LEN(SUBSTITUTE(SUBSTITUTE(SUBSTITUTE(B38," ",""),"0",""),"-",""))+LEN(SUBSTITUTE(SUBSTITUTE(SUBSTITUTE(C38," ",""),"0",""),"-","")))=(LEN(SUBSTITUTE(SUBSTITUTE(SUBSTITUTE(E38," ",""),"0",""),"-",""))+LEN(SUBSTITUTE(SUBSTITUTE(SUBSTITUTE(F38," ",""),"0",""),"-",""))))),0,(LEN(SUBSTITUTE(SUBSTITUTE(SUBSTITUTE(B38," ",""),"0",""),"-",""))+LEN(SUBSTITUTE(SUBSTITUTE(SUBSTITUTE(C38," ",""),"0",""),"-",""))<LEN(SUBSTITUTE(SUBSTITUTE(SUBSTITUTE(E38," ",""),"0",""),"-",""))+LEN(SUBSTITUTE(SUBSTITUTE(SUBSTITUTE(F38," ",""),"0",""),"-","")))*1),0)+IF(OR(COUNTA(B40,C40,E40,F40)>0,OR(D40="X",D40="x")),IF(OR(D40="X",D40="x",AND(OR(COUNTA(B40,C40,E40,F40)>0,OR(D40="X",D40="x")),(LEN(SUBSTITUTE(SUBSTITUTE(SUBSTITUTE(B40," ",""),"0",""),"-",""))+LEN(SUBSTITUTE(SUBSTITUTE(SUBSTITUTE(C40," ",""),"0",""),"-","")))=(LEN(SUBSTITUTE(SUBSTITUTE(SUBSTITUTE(E40," ",""),"0",""),"-",""))+LEN(SUBSTITUTE(SUBSTITUTE(SUBSTITUTE(F40," ",""),"0",""),"-",""))))),0,(LEN(SUBSTITUTE(SUBSTITUTE(SUBSTITUTE(E40," ",""),"0",""),"-",""))+LEN(SUBSTITUTE(SUBSTITUTE(SUBSTITUTE(F40," ",""),"0",""),"-",""))<LEN(SUBSTITUTE(SUBSTITUTE(SUBSTITUTE(B40," ",""),"0",""),"-",""))+LEN(SUBSTITUTE(SUBSTITUTE(SUBSTITUTE(C40," ",""),"0",""),"-","")))*1),0) | D44: =IF(OR(COUNTA(B38,C38,E38,F38)>0,OR(D38="X",D38="x")),IF(OR(D38="X",D38="x",AND(OR(COUNTA(B38,C38,E38,F38)>0,OR(D38="X",D38="x")),(LEN(SUBSTITUTE(SUBSTITUTE(SUBSTITUTE(B38," ",""),"0",""),"-",""))+LEN(SUBSTITUTE(SUBSTITUTE(SUBSTITUTE(C38," ",""),"0",""),"-","")))=(LEN(SUBSTITUTE(SUBSTITUTE(SUBSTITUTE(E38," ",""),"0",""),"-",""))+LEN(SUBSTITUTE(SUBSTITUTE(SUBSTITUTE(F38," ",""),"0",""),"-",""))))),1,0),0)+IF(OR(COUNTA(B40,C40,E40,F40)>0,OR(D40="X",D40="x")),IF(OR(D40="X",D40="x",AND(OR(COUNTA(B40,C40,E40,F40)>0,OR(D40="X",D40="x")),(LEN(SUBSTITUTE(SUBSTITUTE(SUBSTITUTE(B40," ",""),"0",""),"-",""))+LEN(SUBSTITUTE(SUBSTITUTE(SUBSTITUTE(C40," ",""),"0",""),"-","")))=(LEN(SUBSTITUTE(SUBSTITUTE(SUBSTITUTE(E40," ",""),"0",""),"-",""))+LEN(SUBSTITUTE(SUBSTITUTE(SUBSTITUTE(F40," ",""),"0",""),"-",""))))),1,0),0) | E44: =LEN(SUBSTITUTE(SUBSTITUTE(SUBSTITUTE(B38," ",""),"0",""),"-",""))+LEN(SUBSTITUTE(SUBSTITUTE(SUBSTITUTE(C38," ",""),"0",""),"-",""))+LEN(SUBSTITUTE(SUBSTITUTE(SUBSTITUTE(E40," ",""),"0",""),"-",""))+LEN(SUBSTITUTE(SUBSTITUTE(SUBSTITUTE(F40," ",""),"0",""),"-","")) | F44: =LEN(SUBSTITUTE(SUBSTITUTE(SUBSTITUTE(E38," ",""),"0",""),"-",""))+LEN(SUBSTITUTE(SUBSTITUTE(SUBSTITUTE(F38," ",""),"0",""),"-",""))+LEN(SUBSTITUTE(SUBSTITUTE(SUBSTITUTE(B40," ",""),"0",""),"-",""))+LEN(SUBSTITUTE(SUBSTITUTE(SUBSTITUTE(C40," ",""),"0",""),"-","")) | G44: =RANK(U44,$U$43:$U$45)+COUNTIF($U$42:U43,U44) | I44: =data!$E$57&" "&data!$B$57 | J44: =IF(OR(COUNTA(J38,K38,M38,N38)>0,OR(L38="X",L38="x")),IF(OR(L38="X",L38="x",AND(OR(COUNTA(J38,K38,M38,N38)>0,OR(L38="X",L38="x")),(LEN(SUBSTITUTE(SUBSTITUTE(SUBSTITUTE(J38," ",""),"0",""),"-",""))+LEN(SUBSTITUTE(SUBSTITUTE(SUBSTITUTE(K38," ",""),"0",""),"-","")))=(LEN(SUBSTITUTE(SUBSTITUTE(SUBSTITUTE(M38," ",""),"0",""),"-",""))+LEN(SUBSTITUTE(SUBSTITUTE(SUBSTITUTE(N38," ",""),"0",""),"-",""))))),0,(LEN(SUBSTITUTE(SUBSTITUTE(SUBSTITUTE(J38," ",""),"0",""),"-",""))+LEN(SUBSTITUTE(SUBSTITUTE(SUBSTITUTE(K38," ",""),"0",""),"-",""))>LEN(SUBSTITUTE(SUBSTITUTE(SUBSTITUTE(M38," ",""),"0",""),"-",""))+LEN(SUBSTITUTE(SUBSTITUTE(SUBSTITUTE(N38," ",""),"0",""),"-","")))*1),0)+IF(OR(COUNTA(J40,K40,M40,N40)>0,OR(L40="X",L40="x")),IF(OR(L40="X",L40="x",AND(OR(COUNTA(J40,K40,M40,N40)>0,OR(L40="X",L40="x")),(LEN(SUBSTITUTE(SUBSTITUTE(SUBSTITUTE(J40," ",""),"0",""),"-",""))+LEN(SUBSTITUTE(SUBSTITUTE(SUBSTITUTE(K40," ",""),"0",""),"-","")))=(LEN(SUBSTITUTE(SUBSTITUTE(SUBSTITUTE(M40," ",""),"0",""),"-",""))+LEN(SUBSTITUTE(SUBSTITUTE(SUBSTITUTE(N40," ",""),"0",""),"-",""))))),0,(LEN(SUBSTITUTE(SUBSTITUTE(SUBSTITUTE(M40," ",""),"0",""),"-",""))+LEN(SUBSTITUTE(SUBSTITUTE(SUBSTITUTE(N40," ",""),"0",""),"-",""))>LEN(SUBSTITUTE(SUBSTITUTE(SUBSTITUTE(J40," ",""),"0",""),"-",""))+LEN(SUBSTITUTE(SUBSTITUTE(SUBSTITUTE(K40," ",""),"0",""),"-","")))*1),0) | K44: =IF(OR(COUNTA(J38,K38,M38,N38)>0,OR(L38="X",L38="x")),IF(OR(L38="X",L38="x",AND(OR(COUNTA(J38,K38,M38,N38)>0,OR(L38="X",L38="x")),(LEN(SUBSTITUTE(SUBSTITUTE(SUBSTITUTE(J38," ",""),"0",""),"-",""))+LEN(SUBSTITUTE(SUBSTITUTE(SUBSTITUTE(K38," ",""),"0",""),"-","")))=(LEN(SUBSTITUTE(SUBSTITUTE(SUBSTITUTE(M38," ",""),"0",""),"-",""))+LEN(SUBSTITUTE(SUBSTITUTE(SUBSTITUTE(N38," ",""),"0",""),"-",""))))),0,(LEN(SUBSTITUTE(SUBSTITUTE(SUBSTITUTE(J38," ",""),"0",""),"-",""))+LEN(SUBSTITUTE(SUBSTITUTE(SUBSTITUTE(K38," ",""),"0",""),"-",""))<LEN(SUBSTITUTE(SUBSTITUTE(SUBSTITUTE(M38," ",""),"0",""),"-",""))+LEN(SUBSTITUTE(SUBSTITUTE(SUBSTITUTE(N38," ",""),"0",""),"-","")))*1),0)+IF(OR(COUNTA(J40,K40,M40,N40)>0,OR(L40="X",L40="x")),IF(OR(L40="X",L40="x",AND(OR(COUNTA(J40,K40,M40,N40)>0,OR(L40="X",L40="x")),(LEN(SUBSTITUTE(SUBSTITUTE(SUBSTITUTE(J40," ",""),"0",""),"-",""))+LEN(SUBSTITUTE(SUBSTITUTE(SUBSTITUTE(K40," ",""),"0",""),"-","")))=(LEN(SUBSTITUTE(SUBSTITUTE(SUBSTITUTE(M40," ",""),"0",""),"-",""))+LEN(SUBSTITUTE(SUBSTITUTE(SUBSTITUTE(N40," ",""),"0",""),"-",""))))),0,(LEN(SUBSTITUTE(SUBSTITUTE(SUBSTITUTE(M40," ",""),"0",""),"-",""))+LEN(SUBSTITUTE(SUBSTITUTE(SUBSTITUTE(N40," ",""),"0",""),"-",""))<LEN(SUBSTITUTE(SUBSTITUTE(SUBSTITUTE(J40," ",""),"0",""),"-",""))+LEN(SUBSTITUTE(SUBSTITUTE(SUBSTITUTE(K40," ",""),"0",""),"-","")))*1),0) | L44: =IF(OR(COUNTA(J38,K38,M38,N38)>0,OR(L38="X",L38="x")),IF(OR(L38="X",L38="x",AND(OR(COUNTA(J38,K38,M38,N38)>0,OR(L38="X",L38="x")),(LEN(SUBSTITUTE(SUBSTITUTE(SUBSTITUTE(J38," ",""),"0",""),"-",""))+LEN(SUBSTITUTE(SUBSTITUTE(SUBSTITUTE(K38," ",""),"0",""),"-","")))=(LEN(SUBSTITUTE(SUBSTITUTE(SUBSTITUTE(M38," ",""),"0",""),"-",""))+LEN(SUBSTITUTE(SUBSTITUTE(SUBSTITUTE(N38," ",""),"0",""),"-",""))))),1,0),0)+IF(OR(COUNTA(J40,K40,M40,N40)>0,OR(L40="X",L40="x")),IF(OR(L40="X",L40="x",AND(OR(COUNTA(J40,K40,M40,N40)>0,OR(L40="X",L40="x")),(LEN(SUBSTITUTE(SUBSTITUTE(SUBSTITUTE(J40," ",""),"0",""),"-",""))+LEN(SUBSTITUTE(SUBSTITUTE(SUBSTITUTE(K40," ",""),"0",""),"-","")))=(LEN(SUBSTITUTE(SUBSTITUTE(SUBSTITUTE(M40," ",""),"0",""),"-",""))+LEN(SUBSTITUTE(SUBSTITUTE(SUBSTITUTE(N40," ",""),"0",""),"-",""))))),1,0),0) | M44: =LEN(SUBSTITUTE(SUBSTITUTE(SUBSTITUTE(J38," ",""),"0",""),"-",""))+LEN(SUBSTITUTE(SUBSTITUTE(SUBSTITUTE(K38," ",""),"0",""),"-",""))+LEN(SUBSTITUTE(SUBSTITUTE(SUBSTITUTE(M40," ",""),"0",""),"-",""))+LEN(SUBSTITUTE(SUBSTITUTE(SUBSTITUTE(N40," ",""),"0",""),"-","")) | N44: =LEN(SUBSTITUTE(SUBSTITUTE(SUBSTITUTE(M38," ",""),"0",""),"-",""))+LEN(SUBSTITUTE(SUBSTITUTE(SUBSTITUTE(N38," ",""),"0",""),"-",""))+LEN(SUBSTITUTE(SUBSTITUTE(SUBSTITUTE(J40," ",""),"0",""),"-",""))+LEN(SUBSTITUTE(SUBSTITUTE(SUBSTITUTE(K40," ",""),"0",""),"-","")) | O44: =RANK(AC44,$AC$43:$AC$45)+COUNTIF($AC$42:AC43,AC44) | U44: =(B44*1000000)-(C44*10000)+(D44*100)+(E44*1)-(F44*0.01) | AC44: =(J44*1000000)-(K44*10000)+(L44*100)+(M44*1)-(N44*0.01)
A45: =data!$E$11&" "&data!$B$11 | B45: =IF(OR(COUNTA(B39,C39,E39,F39)>0,OR(D39="X",D39="x")),IF(OR(D39="X",D39="x",AND(OR(COUNTA(B39,C39,E39,F39)>0,OR(D39="X",D39="x")),(LEN(SUBSTITUTE(SUBSTITUTE(SUBSTITUTE(B39," ",""),"0",""),"-",""))+LEN(SUBSTITUTE(SUBSTITUTE(SUBSTITUTE(C39," ",""),"0",""),"-","")))=(LEN(SUBSTITUTE(SUBSTITUTE(SUBSTITUTE(E39," ",""),"0",""),"-",""))+LEN(SUBSTITUTE(SUBSTITUTE(SUBSTITUTE(F39," ",""),"0",""),"-",""))))),0,(LEN(SUBSTITUTE(SUBSTITUTE(SUBSTITUTE(B39," ",""),"0",""),"-",""))+LEN(SUBSTITUTE(SUBSTITUTE(SUBSTITUTE(C39," ",""),"0",""),"-",""))>LEN(SUBSTITUTE(SUBSTITUTE(SUBSTITUTE(E39," ",""),"0",""),"-",""))+LEN(SUBSTITUTE(SUBSTITUTE(SUBSTITUTE(F39," ",""),"0",""),"-","")))*1),0)+IF(OR(COUNTA(B40,C40,E40,F40)>0,OR(D40="X",D40="x")),IF(OR(D40="X",D40="x",AND(OR(COUNTA(B40,C40,E40,F40)>0,OR(D40="X",D40="x")),(LEN(SUBSTITUTE(SUBSTITUTE(SUBSTITUTE(B40," ",""),"0",""),"-",""))+LEN(SUBSTITUTE(SUBSTITUTE(SUBSTITUTE(C40," ",""),"0",""),"-","")))=(LEN(SUBSTITUTE(SUBSTITUTE(SUBSTITUTE(E40," ",""),"0",""),"-",""))+LEN(SUBSTITUTE(SUBSTITUTE(SUBSTITUTE(F40," ",""),"0",""),"-",""))))),0,(LEN(SUBSTITUTE(SUBSTITUTE(SUBSTITUTE(B40," ",""),"0",""),"-",""))+LEN(SUBSTITUTE(SUBSTITUTE(SUBSTITUTE(C40," ",""),"0",""),"-",""))>LEN(SUBSTITUTE(SUBSTITUTE(SUBSTITUTE(E40," ",""),"0",""),"-",""))+LEN(SUBSTITUTE(SUBSTITUTE(SUBSTITUTE(F40," ",""),"0",""),"-","")))*1),0) | C45: =IF(OR(COUNTA(B39,C39,E39,F39)>0,OR(D39="X",D39="x")),IF(OR(D39="X",D39="x",AND(OR(COUNTA(B39,C39,E39,F39)>0,OR(D39="X",D39="x")),(LEN(SUBSTITUTE(SUBSTITUTE(SUBSTITUTE(B39," ",""),"0",""),"-",""))+LEN(SUBSTITUTE(SUBSTITUTE(SUBSTITUTE(C39," ",""),"0",""),"-","")))=(LEN(SUBSTITUTE(SUBSTITUTE(SUBSTITUTE(E39," ",""),"0",""),"-",""))+LEN(SUBSTITUTE(SUBSTITUTE(SUBSTITUTE(F39," ",""),"0",""),"-",""))))),0,(LEN(SUBSTITUTE(SUBSTITUTE(SUBSTITUTE(B39," ",""),"0",""),"-",""))+LEN(SUBSTITUTE(SUBSTITUTE(SUBSTITUTE(C39," ",""),"0",""),"-",""))<LEN(SUBSTITUTE(SUBSTITUTE(SUBSTITUTE(E39," ",""),"0",""),"-",""))+LEN(SUBSTITUTE(SUBSTITUTE(SUBSTITUTE(F39," ",""),"0",""),"-","")))*1),0)+IF(OR(COUNTA(B40,C40,E40,F40)>0,OR(D40="X",D40="x")),IF(OR(D40="X",D40="x",AND(OR(COUNTA(B40,C40,E40,F40)>0,OR(D40="X",D40="x")),(LEN(SUBSTITUTE(SUBSTITUTE(SUBSTITUTE(B40," ",""),"0",""),"-",""))+LEN(SUBSTITUTE(SUBSTITUTE(SUBSTITUTE(C40," ",""),"0",""),"-","")))=(LEN(SUBSTITUTE(SUBSTITUTE(SUBSTITUTE(E40," ",""),"0",""),"-",""))+LEN(SUBSTITUTE(SUBSTITUTE(SUBSTITUTE(F40," ",""),"0",""),"-",""))))),0,(LEN(SUBSTITUTE(SUBSTITUTE(SUBSTITUTE(B40," ",""),"0",""),"-",""))+LEN(SUBSTITUTE(SUBSTITUTE(SUBSTITUTE(C40," ",""),"0",""),"-",""))<LEN(SUBSTITUTE(SUBSTITUTE(SUBSTITUTE(E40," ",""),"0",""),"-",""))+LEN(SUBSTITUTE(SUBSTITUTE(SUBSTITUTE(F40," ",""),"0",""),"-","")))*1),0) | D45: =IF(OR(COUNTA(B39,C39,E39,F39)>0,OR(D39="X",D39="x")),IF(OR(D39="X",D39="x",AND(OR(COUNTA(B39,C39,E39,F39)>0,OR(D39="X",D39="x")),(LEN(SUBSTITUTE(SUBSTITUTE(SUBSTITUTE(B39," ",""),"0",""),"-",""))+LEN(SUBSTITUTE(SUBSTITUTE(SUBSTITUTE(C39," ",""),"0",""),"-","")))=(LEN(SUBSTITUTE(SUBSTITUTE(SUBSTITUTE(E39," ",""),"0",""),"-",""))+LEN(SUBSTITUTE(SUBSTITUTE(SUBSTITUTE(F39," ",""),"0",""),"-",""))))),1,0),0)+IF(OR(COUNTA(B40,C40,E40,F40)>0,OR(D40="X",D40="x")),IF(OR(D40="X",D40="x",AND(OR(COUNTA(B40,C40,E40,F40)>0,OR(D40="X",D40="x")),(LEN(SUBSTITUTE(SUBSTITUTE(SUBSTITUTE(B40," ",""),"0",""),"-",""))+LEN(SUBSTITUTE(SUBSTITUTE(SUBSTITUTE(C40," ",""),"0",""),"-","")))=(LEN(SUBSTITUTE(SUBSTITUTE(SUBSTITUTE(E40," ",""),"0",""),"-",""))+LEN(SUBSTITUTE(SUBSTITUTE(SUBSTITUTE(F40," ",""),"0",""),"-",""))))),1,0),0) | E45: =LEN(SUBSTITUTE(SUBSTITUTE(SUBSTITUTE(B39," ",""),"0",""),"-",""))+LEN(SUBSTITUTE(SUBSTITUTE(SUBSTITUTE(C39," ",""),"0",""),"-",""))+LEN(SUBSTITUTE(SUBSTITUTE(SUBSTITUTE(B40," ",""),"0",""),"-",""))+LEN(SUBSTITUTE(SUBSTITUTE(SUBSTITUTE(C40," ",""),"0",""),"-","")) | F45: =LEN(SUBSTITUTE(SUBSTITUTE(SUBSTITUTE(E39," ",""),"0",""),"-",""))+LEN(SUBSTITUTE(SUBSTITUTE(SUBSTITUTE(F39," ",""),"0",""),"-",""))+LEN(SUBSTITUTE(SUBSTITUTE(SUBSTITUTE(E40," ",""),"0",""),"-",""))+LEN(SUBSTITUTE(SUBSTITUTE(SUBSTITUTE(F40," ",""),"0",""),"-","")) | G45: =RANK(U45,$U$43:$U$45)+COUNTIF($U$42:U44,U45) | I45: =data!$E$58&" "&data!$B$58 | J45: =IF(OR(COUNTA(J39,K39,M39,N39)>0,OR(L39="X",L39="x")),IF(OR(L39="X",L39="x",AND(OR(COUNTA(J39,K39,M39,N39)>0,OR(L39="X",L39="x")),(LEN(SUBSTITUTE(SUBSTITUTE(SUBSTITUTE(J39," ",""),"0",""),"-",""))+LEN(SUBSTITUTE(SUBSTITUTE(SUBSTITUTE(K39," ",""),"0",""),"-","")))=(LEN(SUBSTITUTE(SUBSTITUTE(SUBSTITUTE(M39," ",""),"0",""),"-",""))+LEN(SUBSTITUTE(SUBSTITUTE(SUBSTITUTE(N39," ",""),"0",""),"-",""))))),0,(LEN(SUBSTITUTE(SUBSTITUTE(SUBSTITUTE(J39," ",""),"0",""),"-",""))+LEN(SUBSTITUTE(SUBSTITUTE(SUBSTITUTE(K39," ",""),"0",""),"-",""))>LEN(SUBSTITUTE(SUBSTITUTE(SUBSTITUTE(M39," ",""),"0",""),"-",""))+LEN(SUBSTITUTE(SUBSTITUTE(SUBSTITUTE(N39," ",""),"0",""),"-","")))*1),0)+IF(OR(COUNTA(J40,K40,M40,N40)>0,OR(L40="X",L40="x")),IF(OR(L40="X",L40="x",AND(OR(COUNTA(J40,K40,M40,N40)>0,OR(L40="X",L40="x")),(LEN(SUBSTITUTE(SUBSTITUTE(SUBSTITUTE(J40," ",""),"0",""),"-",""))+LEN(SUBSTITUTE(SUBSTITUTE(SUBSTITUTE(K40," ",""),"0",""),"-","")))=(LEN(SUBSTITUTE(SUBSTITUTE(SUBSTITUTE(M40," ",""),"0",""),"-",""))+LEN(SUBSTITUTE(SUBSTITUTE(SUBSTITUTE(N40," ",""),"0",""),"-",""))))),0,(LEN(SUBSTITUTE(SUBSTITUTE(SUBSTITUTE(J40," ",""),"0",""),"-",""))+LEN(SUBSTITUTE(SUBSTITUTE(SUBSTITUTE(K40," ",""),"0",""),"-",""))>LEN(SUBSTITUTE(SUBSTITUTE(SUBSTITUTE(M40," ",""),"0",""),"-",""))+LEN(SUBSTITUTE(SUBSTITUTE(SUBSTITUTE(N40," ",""),"0",""),"-","")))*1),0) | K45: =IF(OR(COUNTA(J39,K39,M39,N39)>0,OR(L39="X",L39="x")),IF(OR(L39="X",L39="x",AND(OR(COUNTA(J39,K39,M39,N39)>0,OR(L39="X",L39="x")),(LEN(SUBSTITUTE(SUBSTITUTE(SUBSTITUTE(J39," ",""),"0",""),"-",""))+LEN(SUBSTITUTE(SUBSTITUTE(SUBSTITUTE(K39," ",""),"0",""),"-","")))=(LEN(SUBSTITUTE(SUBSTITUTE(SUBSTITUTE(M39," ",""),"0",""),"-",""))+LEN(SUBSTITUTE(SUBSTITUTE(SUBSTITUTE(N39," ",""),"0",""),"-",""))))),0,(LEN(SUBSTITUTE(SUBSTITUTE(SUBSTITUTE(J39," ",""),"0",""),"-",""))+LEN(SUBSTITUTE(SUBSTITUTE(SUBSTITUTE(K39," ",""),"0",""),"-",""))<LEN(SUBSTITUTE(SUBSTITUTE(SUBSTITUTE(M39," ",""),"0",""),"-",""))+LEN(SUBSTITUTE(SUBSTITUTE(SUBSTITUTE(N39," ",""),"0",""),"-","")))*1),0)+IF(OR(COUNTA(J40,K40,M40,N40)>0,OR(L40="X",L40="x")),IF(OR(L40="X",L40="x",AND(OR(COUNTA(J40,K40,M40,N40)>0,OR(L40="X",L40="x")),(LEN(SUBSTITUTE(SUBSTITUTE(SUBSTITUTE(J40," ",""),"0",""),"-",""))+LEN(SUBSTITUTE(SUBSTITUTE(SUBSTITUTE(K40," ",""),"0",""),"-","")))=(LEN(SUBSTITUTE(SUBSTITUTE(SUBSTITUTE(M40," ",""),"0",""),"-",""))+LEN(SUBSTITUTE(SUBSTITUTE(SUBSTITUTE(N40," ",""),"0",""),"-",""))))),0,(LEN(SUBSTITUTE(SUBSTITUTE(SUBSTITUTE(J40," ",""),"0",""),"-",""))+LEN(SUBSTITUTE(SUBSTITUTE(SUBSTITUTE(K40," ",""),"0",""),"-",""))<LEN(SUBSTITUTE(SUBSTITUTE(SUBSTITUTE(M40," ",""),"0",""),"-",""))+LEN(SUBSTITUTE(SUBSTITUTE(SUBSTITUTE(N40," ",""),"0",""),"-","")))*1),0) | L45: =IF(OR(COUNTA(J39,K39,M39,N39)>0,OR(L39="X",L39="x")),IF(OR(L39="X",L39="x",AND(OR(COUNTA(J39,K39,M39,N39)>0,OR(L39="X",L39="x")),(LEN(SUBSTITUTE(SUBSTITUTE(SUBSTITUTE(J39," ",""),"0",""),"-",""))+LEN(SUBSTITUTE(SUBSTITUTE(SUBSTITUTE(K39," ",""),"0",""),"-","")))=(LEN(SUBSTITUTE(SUBSTITUTE(SUBSTITUTE(M39," ",""),"0",""),"-",""))+LEN(SUBSTITUTE(SUBSTITUTE(SUBSTITUTE(N39," ",""),"0",""),"-",""))))),1,0),0)+IF(OR(COUNTA(J40,K40,M40,N40)>0,OR(L40="X",L40="x")),IF(OR(L40="X",L40="x",AND(OR(COUNTA(J40,K40,M40,N40)>0,OR(L40="X",L40="x")),(LEN(SUBSTITUTE(SUBSTITUTE(SUBSTITUTE(J40," ",""),"0",""),"-",""))+LEN(SUBSTITUTE(SUBSTITUTE(SUBSTITUTE(K40," ",""),"0",""),"-","")))=(LEN(SUBSTITUTE(SUBSTITUTE(SUBSTITUTE(M40," ",""),"0",""),"-",""))+LEN(SUBSTITUTE(SUBSTITUTE(SUBSTITUTE(N40," ",""),"0",""),"-",""))))),1,0),0) | M45: =LEN(SUBSTITUTE(SUBSTITUTE(SUBSTITUTE(J39," ",""),"0",""),"-",""))+LEN(SUBSTITUTE(SUBSTITUTE(SUBSTITUTE(K39," ",""),"0",""),"-",""))+LEN(SUBSTITUTE(SUBSTITUTE(SUBSTITUTE(J40," ",""),"0",""),"-",""))+LEN(SUBSTITUTE(SUBSTITUTE(SUBSTITUTE(K40," ",""),"0",""),"-","")) | N45: =LEN(SUBSTITUTE(SUBSTITUTE(SUBSTITUTE(M39," ",""),"0",""),"-",""))+LEN(SUBSTITUTE(SUBSTITUTE(SUBSTITUTE(N39," ",""),"0",""),"-",""))+LEN(SUBSTITUTE(SUBSTITUTE(SUBSTITUTE(M40," ",""),"0",""),"-",""))+LEN(SUBSTITUTE(SUBSTITUTE(SUBSTITUTE(N40," ",""),"0",""),"-","")) | O45: =RANK(AC45,$AC$43:$AC$45)+COUNTIF($AC$42:AC44,AC45) | U45: =(B45*1000000)-(C45*10000)+(D45*100)+(E45*1)-(F45*0.01) | AC45: =(J45*1000000)-(K45*10000)+(L45*100)+(M45*1)-(N45*0.01)
G48: Ranking | O48: Ranking
F49: 1. | G49: =IFERROR(INDEX($A$43:$A$45, MATCH(1, $G$43:$G$45, 0)), "-") | N49: 1. | O49: =IFERROR(INDEX($I$43:$I$45, MATCH(1, $O$43:$O$45, 0)), "-")
F50: 2. | G50: =IFERROR(INDEX($A$43:$A$45, MATCH(2, $G$43:$G$45, 0)), "-") | N50: 2. | O50: =IFERROR(INDEX($I$43:$I$45, MATCH(2, $O$43:$O$45, 0)), "-")
F51: 3. | G51: =IFERROR(INDEX($A$43:$A$45, MATCH(3, $G$43:$G$45, 0)), "-") | N51: 3. | O51: =IFERROR(INDEX($I$43:$I$45, MATCH(3, $O$43:$O$45, 0)), "-")
A53: ='data'!$A$14 | I53: ='data'!$A$61
A54: White | D54: vs | G54: Red | I54: White | L54: vs | O54: Red
A55: =data!$E$13&" "&data!$B$13 | G55: =data!$E$12&" "&data!$B$12 | I55: =data!$E$60&" "&data!$B$60 | O55: =data!$E$59&" "&data!$B$59
A56: =data!$E$14&" "&data!$B$14 | G56: =data!$E$12&" "&data!$B$12 | I56: =data!$E$61&" "&data!$B$61 | O56: =data!$E$59&" "&data!$B$59
A57: =data!$E$14&" "&data!$B$14 | G57: =data!$E$13&" "&data!$B$13 | I57: =data!$E$61&" "&data!$B$61 | O57: =data!$E$60&" "&data!$B$60
A59: Results | B59: W | C59: L | D59: T | E59: PW | F59: PL | G59: Rank | I59: Results | J59: W | K59: L | L59: T | M59: PW | N59: PL | O59: Rank
A60: =data!$E$12&" "&data!$B$12 | B60: =IF(OR(COUNTA(B55,C55,E55,F55)>0,OR(D55="X",D55="x")),IF(OR(D55="X",D55="x",AND(OR(COUNTA(B55,C55,E55,F55)>0,OR(D55="X",D55="x")),(LEN(SUBSTITUTE(SUBSTITUTE(SUBSTITUTE(B55," ",""),"0",""),"-",""))+LEN(SUBSTITUTE(SUBSTITUTE(SUBSTITUTE(C55," ",""),"0",""),"-","")))=(LEN(SUBSTITUTE(SUBSTITUTE(SUBSTITUTE(E55," ",""),"0",""),"-",""))+LEN(SUBSTITUTE(SUBSTITUTE(SUBSTITUTE(F55," ",""),"0",""),"-",""))))),0,(LEN(SUBSTITUTE(SUBSTITUTE(SUBSTITUTE(E55," ",""),"0",""),"-",""))+LEN(SUBSTITUTE(SUBSTITUTE(SUBSTITUTE(F55," ",""),"0",""),"-",""))>LEN(SUBSTITUTE(SUBSTITUTE(SUBSTITUTE(B55," ",""),"0",""),"-",""))+LEN(SUBSTITUTE(SUBSTITUTE(SUBSTITUTE(C55," ",""),"0",""),"-","")))*1),0)+IF(OR(COUNTA(B56,C56,E56,F56)>0,OR(D56="X",D56="x")),IF(OR(D56="X",D56="x",AND(OR(COUNTA(B56,C56,E56,F56)>0,OR(D56="X",D56="x")),(LEN(SUBSTITUTE(SUBSTITUTE(SUBSTITUTE(B56," ",""),"0",""),"-",""))+LEN(SUBSTITUTE(SUBSTITUTE(SUBSTITUTE(C56," ",""),"0",""),"-","")))=(LEN(SUBSTITUTE(SUBSTITUTE(SUBSTITUTE(E56," ",""),"0",""),"-",""))+LEN(SUBSTITUTE(SUBSTITUTE(SUBSTITUTE(F56," ",""),"0",""),"-",""))))),0,(LEN(SUBSTITUTE(SUBSTITUTE(SUBSTITUTE(E56," ",""),"0",""),"-",""))+LEN(SUBSTITUTE(SUBSTITUTE(SUBSTITUTE(F56," ",""),"0",""),"-",""))>LEN(SUBSTITUTE(SUBSTITUTE(SUBSTITUTE(B56," ",""),"0",""),"-",""))+LEN(SUBSTITUTE(SUBSTITUTE(SUBSTITUTE(C56," ",""),"0",""),"-","")))*1),0) | C60: =IF(OR(COUNTA(B55,C55,E55,F55)>0,OR(D55="X",D55="x")),IF(OR(D55="X",D55="x",AND(OR(COUNTA(B55,C55,E55,F55)>0,OR(D55="X",D55="x")),(LEN(SUBSTITUTE(SUBSTITUTE(SUBSTITUTE(B55," ",""),"0",""),"-",""))+LEN(SUBSTITUTE(SUBSTITUTE(SUBSTITUTE(C55," ",""),"0",""),"-","")))=(LEN(SUBSTITUTE(SUBSTITUTE(SUBSTITUTE(E55," ",""),"0",""),"-",""))+LEN(SUBSTITUTE(SUBSTITUTE(SUBSTITUTE(F55," ",""),"0",""),"-",""))))),0,(LEN(SUBSTITUTE(SUBSTITUTE(SUBSTITUTE(E55," ",""),"0",""),"-",""))+LEN(SUBSTITUTE(SUBSTITUTE(SUBSTITUTE(F55," ",""),"0",""),"-",""))<LEN(SUBSTITUTE(SUBSTITUTE(SUBSTITUTE(B55," ",""),"0",""),"-",""))+LEN(SUBSTITUTE(SUBSTITUTE(SUBSTITUTE(C55," ",""),"0",""),"-","")))*1),0)+IF(OR(COUNTA(B56,C56,E56,F56)>0,OR(D56="X",D56="x")),IF(OR(D56="X",D56="x",AND(OR(COUNTA(B56,C56,E56,F56)>0,OR(D56="X",D56="x")),(LEN(SUBSTITUTE(SUBSTITUTE(SUBSTITUTE(B56," ",""),"0",""),"-",""))+LEN(SUBSTITUTE(SUBSTITUTE(SUBSTITUTE(C56," ",""),"0",""),"-","")))=(LEN(SUBSTITUTE(SUBSTITUTE(SUBSTITUTE(E56," ",""),"0",""),"-",""))+LEN(SUBSTITUTE(SUBSTITUTE(SUBSTITUTE(F56," ",""),"0",""),"-",""))))),0,(LEN(SUBSTITUTE(SUBSTITUTE(SUBSTITUTE(E56," ",""),"0",""),"-",""))+LEN(SUBSTITUTE(SUBSTITUTE(SUBSTITUTE(F56," ",""),"0",""),"-",""))<LEN(SUBSTITUTE(SUBSTITUTE(SUBSTITUTE(B56," ",""),"0",""),"-",""))+LEN(SUBSTITUTE(SUBSTITUTE(SUBSTITUTE(C56," ",""),"0",""),"-","")))*1),0) | D60: =IF(OR(COUNTA(B55,C55,E55,F55)>0,OR(D55="X",D55="x")),IF(OR(D55="X",D55="x",AND(OR(COUNTA(B55,C55,E55,F55)>0,OR(D55="X",D55="x")),(LEN(SUBSTITUTE(SUBSTITUTE(SUBSTITUTE(B55," ",""),"0",""),"-",""))+LEN(SUBSTITUTE(SUBSTITUTE(SUBSTITUTE(C55," ",""),"0",""),"-","")))=(LEN(SUBSTITUTE(SUBSTITUTE(SUBSTITUTE(E55," ",""),"0",""),"-",""))+LEN(SUBSTITUTE(SUBSTITUTE(SUBSTITUTE(F55," ",""),"0",""),"-",""))))),1,0),0)+IF(OR(COUNTA(B56,C56,E56,F56)>0,OR(D56="X",D56="x")),IF(OR(D56="X",D56="x",AND(OR(COUNTA(B56,C56,E56,F56)>0,OR(D56="X",D56="x")),(LEN(SUBSTITUTE(SUBSTITUTE(SUBSTITUTE(B56," ",""),"0",""),"-",""))+LEN(SUBSTITUTE(SUBSTITUTE(SUBSTITUTE(C56," ",""),"0",""),"-","")))=(LEN(SUBSTITUTE(SUBSTITUTE(SUBSTITUTE(E56," ",""),"0",""),"-",""))+LEN(SUBSTITUTE(SUBSTITUTE(SUBSTITUTE(F56," ",""),"0",""),"-",""))))),1,0),0) | E60: =LEN(SUBSTITUTE(SUBSTITUTE(SUBSTITUTE(E55," ",""),"0",""),"-",""))+LEN(SUBSTITUTE(SUBSTITUTE(SUBSTITUTE(F55," ",""),"0",""),"-",""))+LEN(SUBSTITUTE(SUBSTITUTE(SUBSTITUTE(E56," ",""),"0",""),"-",""))+LEN(SUBSTITUTE(SUBSTITUTE(SUBSTITUTE(F56," ",""),"0",""),"-","")) | F60: =LEN(SUBSTITUTE(SUBSTITUTE(SUBSTITUTE(B55," ",""),"0",""),"-",""))+LEN(SUBSTITUTE(SUBSTITUTE(SUBSTITUTE(C55," ",""),"0",""),"-",""))+LEN(SUBSTITUTE(SUBSTITUTE(SUBSTITUTE(B56," ",""),"0",""),"-",""))+LEN(SUBSTITUTE(SUBSTITUTE(SUBSTITUTE(C56," ",""),"0",""),"-","")) | G60: =RANK(U60,$U$60:$U$62)+COUNTIF($U$59:U59,U60) | I60: =data!$E$59&" "&data!$B$59 | J60: =IF(OR(COUNTA(J55,K55,M55,N55)>0,OR(L55="X",L55="x")),IF(OR(L55="X",L55="x",AND(OR(COUNTA(J55,K55,M55,N55)>0,OR(L55="X",L55="x")),(LEN(SUBSTITUTE(SUBSTITUTE(SUBSTITUTE(J55," ",""),"0",""),"-",""))+LEN(SUBSTITUTE(SUBSTITUTE(SUBSTITUTE(K55," ",""),"0",""),"-","")))=(LEN(SUBSTITUTE(SUBSTITUTE(SUBSTITUTE(M55," ",""),"0",""),"-",""))+LEN(SUBSTITUTE(SUBSTITUTE(SUBSTITUTE(N55," ",""),"0",""),"-",""))))),0,(LEN(SUBSTITUTE(SUBSTITUTE(SUBSTITUTE(M55," ",""),"0",""),"-",""))+LEN(SUBSTITUTE(SUBSTITUTE(SUBSTITUTE(N55," ",""),"0",""),"-",""))>LEN(SUBSTITUTE(SUBSTITUTE(SUBSTITUTE(J55," ",""),"0",""),"-",""))+LEN(SUBSTITUTE(SUBSTITUTE(SUBSTITUTE(K55," ",""),"0",""),"-","")))*1),0)+IF(OR(COUNTA(J56,K56,M56,N56)>0,OR(L56="X",L56="x")),IF(OR(L56="X",L56="x",AND(OR(COUNTA(J56,K56,M56,N56)>0,OR(L56="X",L56="x")),(LEN(SUBSTITUTE(SUBSTITUTE(SUBSTITUTE(J56," ",""),"0",""),"-",""))+LEN(SUBSTITUTE(SUBSTITUTE(SUBSTITUTE(K56," ",""),"0",""),"-","")))=(LEN(SUBSTITUTE(SUBSTITUTE(SUBSTITUTE(M56," ",""),"0",""),"-",""))+LEN(SUBSTITUTE(SUBSTITUTE(SUBSTITUTE(N56," ",""),"0",""),"-",""))))),0,(LEN(SUBSTITUTE(SUBSTITUTE(SUBSTITUTE(M56," ",""),"0",""),"-",""))+LEN(SUBSTITUTE(SUBSTITUTE(SUBSTITUTE(N56," ",""),"0",""),"-",""))>LEN(SUBSTITUTE(SUBSTITUTE(SUBSTITUTE(J56," ",""),"0",""),"-",""))+LEN(SUBSTITUTE(SUBSTITUTE(SUBSTITUTE(K56," ",""),"0",""),"-","")))*1),0) | K60: =IF(OR(COUNTA(J55,K55,M55,N55)>0,OR(L55="X",L55="x")),IF(OR(L55="X",L55="x",AND(OR(COUNTA(J55,K55,M55,N55)>0,OR(L55="X",L55="x")),(LEN(SUBSTITUTE(SUBSTITUTE(SUBSTITUTE(J55," ",""),"0",""),"-",""))+LEN(SUBSTITUTE(SUBSTITUTE(SUBSTITUTE(K55," ",""),"0",""),"-","")))=(LEN(SUBSTITUTE(SUBSTITUTE(SUBSTITUTE(M55," ",""),"0",""),"-",""))+LEN(SUBSTITUTE(SUBSTITUTE(SUBSTITUTE(N55," ",""),"0",""),"-",""))))),0,(LEN(SUBSTITUTE(SUBSTITUTE(SUBSTITUTE(M55," ",""),"0",""),"-",""))+LEN(SUBSTITUTE(SUBSTITUTE(SUBSTITUTE(N55," ",""),"0",""),"-",""))<LEN(SUBSTITUTE(SUBSTITUTE(SUBSTITUTE(J55," ",""),"0",""),"-",""))+LEN(SUBSTITUTE(SUBSTITUTE(SUBSTITUTE(K55," ",""),"0",""),"-","")))*1),0)+IF(OR(COUNTA(J56,K56,M56,N56)>0,OR(L56="X",L56="x")),IF(OR(L56="X",L56="x",AND(OR(COUNTA(J56,K56,M56,N56)>0,OR(L56="X",L56="x")),(LEN(SUBSTITUTE(SUBSTITUTE(SUBSTITUTE(J56," ",""),"0",""),"-",""))+LEN(SUBSTITUTE(SUBSTITUTE(SUBSTITUTE(K56," ",""),"0",""),"-","")))=(LEN(SUBSTITUTE(SUBSTITUTE(SUBSTITUTE(M56," ",""),"0",""),"-",""))+LEN(SUBSTITUTE(SUBSTITUTE(SUBSTITUTE(N56," ",""),"0",""),"-",""))))),0,(LEN(SUBSTITUTE(SUBSTITUTE(SUBSTITUTE(M56," ",""),"0",""),"-",""))+LEN(SUBSTITUTE(SUBSTITUTE(SUBSTITUTE(N56," ",""),"0",""),"-",""))<LEN(SUBSTITUTE(SUBSTITUTE(SUBSTITUTE(J56," ",""),"0",""),"-",""))+LEN(SUBSTITUTE(SUBSTITUTE(SUBSTITUTE(K56," ",""),"0",""),"-","")))*1),0) | L60: =IF(OR(COUNTA(J55,K55,M55,N55)>0,OR(L55="X",L55="x")),IF(OR(L55="X",L55="x",AND(OR(COUNTA(J55,K55,M55,N55)>0,OR(L55="X",L55="x")),(LEN(SUBSTITUTE(SUBSTITUTE(SUBSTITUTE(J55," ",""),"0",""),"-",""))+LEN(SUBSTITUTE(SUBSTITUTE(SUBSTITUTE(K55," ",""),"0",""),"-","")))=(LEN(SUBSTITUTE(SUBSTITUTE(SUBSTITUTE(M55," ",""),"0",""),"-",""))+LEN(SUBSTITUTE(SUBSTITUTE(SUBSTITUTE(N55," ",""),"0",""),"-",""))))),1,0),0)+IF(OR(COUNTA(J56,K56,M56,N56)>0,OR(L56="X",L56="x")),IF(OR(L56="X",L56="x",AND(OR(COUNTA(J56,K56,M56,N56)>0,OR(L56="X",L56="x")),(LEN(SUBSTITUTE(SUBSTITUTE(SUBSTITUTE(J56," ",""),"0",""),"-",""))+LEN(SUBSTITUTE(SUBSTITUTE(SUBSTITUTE(K56," ",""),"0",""),"-","")))=(LEN(SUBSTITUTE(SUBSTITUTE(SUBSTITUTE(M56," ",""),"0",""),"-",""))+LEN(SUBSTITUTE(SUBSTITUTE(SUBSTITUTE(N56," ",""),"0",""),"-",""))))),1,0),0) | M60: =LEN(SUBSTITUTE(SUBSTITUTE(SUBSTITUTE(M55," ",""),"0",""),"-",""))+LEN(SUBSTITUTE(SUBSTITUTE(SUBSTITUTE(N55," ",""),"0",""),"-",""))+LEN(SUBSTITUTE(SUBSTITUTE(SUBSTITUTE(M56," ",""),"0",""),"-",""))+LEN(SUBSTITUTE(SUBSTITUTE(SUBSTITUTE(N56," ",""),"0",""),"-","")) | N60: =LEN(SUBSTITUTE(SUBSTITUTE(SUBSTITUTE(J55," ",""),"0",""),"-",""))+LEN(SUBSTITUTE(SUBSTITUTE(SUBSTITUTE(K55," ",""),"0",""),"-",""))+LEN(SUBSTITUTE(SUBSTITUTE(SUBSTITUTE(J56," ",""),"0",""),"-",""))+LEN(SUBSTITUTE(SUBSTITUTE(SUBSTITUTE(K56," ",""),"0",""),"-","")) | O60: =RANK(AC60,$AC$60:$AC$62)+COUNTIF($AC$59:AC59,AC60) | U60: =(B60*1000000)-(C60*10000)+(D60*100)+(E60*1)-(F60*0.01) | AC60: =(J60*1000000)-(K60*10000)+(L60*100)+(M60*1)-(N60*0.01)
A61: =data!$E$13&" "&data!$B$13 | B61: =IF(OR(COUNTA(B55,C55,E55,F55)>0,OR(D55="X",D55="x")),IF(OR(D55="X",D55="x",AND(OR(COUNTA(B55,C55,E55,F55)>0,OR(D55="X",D55="x")),(LEN(SUBSTITUTE(SUBSTITUTE(SUBSTITUTE(B55," ",""),"0",""),"-",""))+LEN(SUBSTITUTE(SUBSTITUTE(SUBSTITUTE(C55," ",""),"0",""),"-","")))=(LEN(SUBSTITUTE(SUBSTITUTE(SUBSTITUTE(E55," ",""),"0",""),"-",""))+LEN(SUBSTITUTE(SUBSTITUTE(SUBSTITUTE(F55," ",""),"0",""),"-",""))))),0,(LEN(SUBSTITUTE(SUBSTITUTE(SUBSTITUTE(B55," ",""),"0",""),"-",""))+LEN(SUBSTITUTE(SUBSTITUTE(SUBSTITUTE(C55," ",""),"0",""),"-",""))>LEN(SUBSTITUTE(SUBSTITUTE(SUBSTITUTE(E55," ",""),"0",""),"-",""))+LEN(SUBSTITUTE(SUBSTITUTE(SUBSTITUTE(F55," ",""),"0",""),"-","")))*1),0)+IF(OR(COUNTA(B57,C57,E57,F57)>0,OR(D57="X",D57="x")),IF(OR(D57="X",D57="x",AND(OR(COUNTA(B57,C57,E57,F57)>0,OR(D57="X",D57="x")),(LEN(SUBSTITUTE(SUBSTITUTE(SUBSTITUTE(B57," ",""),"0",""),"-",""))+LEN(SUBSTITUTE(SUBSTITUTE(SUBSTITUTE(C57," ",""),"0",""),"-","")))=(LEN(SUBSTITUTE(SUBSTITUTE(SUBSTITUTE(E57," ",""),"0",""),"-",""))+LEN(SUBSTITUTE(SUBSTITUTE(SUBSTITUTE(F57," ",""),"0",""),"-",""))))),0,(LEN(SUBSTITUTE(SUBSTITUTE(SUBSTITUTE(E57," ",""),"0",""),"-",""))+LEN(SUBSTITUTE(SUBSTITUTE(SUBSTITUTE(F57," ",""),"0",""),"-",""))>LEN(SUBSTITUTE(SUBSTITUTE(SUBSTITUTE(B57," ",""),"0",""),"-",""))+LEN(SUBSTITUTE(SUBSTITUTE(SUBSTITUTE(C57," ",""),"0",""),"-","")))*1),0) | C61: =IF(OR(COUNTA(B55,C55,E55,F55)>0,OR(D55="X",D55="x")),IF(OR(D55="X",D55="x",AND(OR(COUNTA(B55,C55,E55,F55)>0,OR(D55="X",D55="x")),(LEN(SUBSTITUTE(SUBSTITUTE(SUBSTITUTE(B55," ",""),"0",""),"-",""))+LEN(SUBSTITUTE(SUBSTITUTE(SUBSTITUTE(C55," ",""),"0",""),"-","")))=(LEN(SUBSTITUTE(SUBSTITUTE(SUBSTITUTE(E55," ",""),"0",""),"-",""))+LEN(SUBSTITUTE(SUBSTITUTE(SUBSTITUTE(F55," ",""),"0",""),"-",""))))),0,(LEN(SUBSTITUTE(SUBSTITUTE(SUBSTITUTE(B55," ",""),"0",""),"-",""))+LEN(SUBSTITUTE(SUBSTITUTE(SUBSTITUTE(C55," ",""),"0",""),"-",""))<LEN(SUBSTITUTE(SUBSTITUTE(SUBSTITUTE(E55," ",""),"0",""),"-",""))+LEN(SUBSTITUTE(SUBSTITUTE(SUBSTITUTE(F55," ",""),"0",""),"-","")))*1),0)+IF(OR(COUNTA(B57,C57,E57,F57)>0,OR(D57="X",D57="x")),IF(OR(D57="X",D57="x",AND(OR(COUNTA(B57,C57,E57,F57)>0,OR(D57="X",D57="x")),(LEN(SUBSTITUTE(SUBSTITUTE(SUBSTITUTE(B57," ",""),"0",""),"-",""))+LEN(SUBSTITUTE(SUBSTITUTE(SUBSTITUTE(C57," ",""),"0",""),"-","")))=(LEN(SUBSTITUTE(SUBSTITUTE(SUBSTITUTE(E57," ",""),"0",""),"-",""))+LEN(SUBSTITUTE(SUBSTITUTE(SUBSTITUTE(F57," ",""),"0",""),"-",""))))),0,(LEN(SUBSTITUTE(SUBSTITUTE(SUBSTITUTE(E57," ",""),"0",""),"-",""))+LEN(SUBSTITUTE(SUBSTITUTE(SUBSTITUTE(F57," ",""),"0",""),"-",""))<LEN(SUBSTITUTE(SUBSTITUTE(SUBSTITUTE(B57," ",""),"0",""),"-",""))+LEN(SUBSTITUTE(SUBSTITUTE(SUBSTITUTE(C57," ",""),"0",""),"-","")))*1),0) | D61: =IF(OR(COUNTA(B55,C55,E55,F55)>0,OR(D55="X",D55="x")),IF(OR(D55="X",D55="x",AND(OR(COUNTA(B55,C55,E55,F55)>0,OR(D55="X",D55="x")),(LEN(SUBSTITUTE(SUBSTITUTE(SUBSTITUTE(B55," ",""),"0",""),"-",""))+LEN(SUBSTITUTE(SUBSTITUTE(SUBSTITUTE(C55," ",""),"0",""),"-","")))=(LEN(SUBSTITUTE(SUBSTITUTE(SUBSTITUTE(E55," ",""),"0",""),"-",""))+LEN(SUBSTITUTE(SUBSTITUTE(SUBSTITUTE(F55," ",""),"0",""),"-",""))))),1,0),0)+IF(OR(COUNTA(B57,C57,E57,F57)>0,OR(D57="X",D57="x")),IF(OR(D57="X",D57="x",AND(OR(COUNTA(B57,C57,E57,F57)>0,OR(D57="X",D57="x")),(LEN(SUBSTITUTE(SUBSTITUTE(SUBSTITUTE(B57," ",""),"0",""),"-",""))+LEN(SUBSTITUTE(SUBSTITUTE(SUBSTITUTE(C57," ",""),"0",""),"-","")))=(LEN(SUBSTITUTE(SUBSTITUTE(SUBSTITUTE(E57," ",""),"0",""),"-",""))+LEN(SUBSTITUTE(SUBSTITUTE(SUBSTITUTE(F57," ",""),"0",""),"-",""))))),1,0),0) | E61: =LEN(SUBSTITUTE(SUBSTITUTE(SUBSTITUTE(B55," ",""),"0",""),"-",""))+LEN(SUBSTITUTE(SUBSTITUTE(SUBSTITUTE(C55," ",""),"0",""),"-",""))+LEN(SUBSTITUTE(SUBSTITUTE(SUBSTITUTE(E57," ",""),"0",""),"-",""))+LEN(SUBSTITUTE(SUBSTITUTE(SUBSTITUTE(F57," ",""),"0",""),"-","")) | F61: =LEN(SUBSTITUTE(SUBSTITUTE(SUBSTITUTE(E55," ",""),"0",""),"-",""))+LEN(SUBSTITUTE(SUBSTITUTE(SUBSTITUTE(F55," ",""),"0",""),"-",""))+LEN(SUBSTITUTE(SUBSTITUTE(SUBSTITUTE(B57," ",""),"0",""),"-",""))+LEN(SUBSTITUTE(SUBSTITUTE(SUBSTITUTE(C57," ",""),"0",""),"-","")) | G61: =RANK(U61,$U$60:$U$62)+COUNTIF($U$59:U60,U61) | I61: =data!$E$60&" "&data!$B$60 | J61: =IF(OR(COUNTA(J55,K55,M55,N55)>0,OR(L55="X",L55="x")),IF(OR(L55="X",L55="x",AND(OR(COUNTA(J55,K55,M55,N55)>0,OR(L55="X",L55="x")),(LEN(SUBSTITUTE(SUBSTITUTE(SUBSTITUTE(J55," ",""),"0",""),"-",""))+LEN(SUBSTITUTE(SUBSTITUTE(SUBSTITUTE(K55," ",""),"0",""),"-","")))=(LEN(SUBSTITUTE(SUBSTITUTE(SUBSTITUTE(M55," ",""),"0",""),"-",""))+LEN(SUBSTITUTE(SUBSTITUTE(SUBSTITUTE(N55," ",""),"0",""),"-",""))))),0,(LEN(SUBSTITUTE(SUBSTITUTE(SUBSTITUTE(J55," ",""),"0",""),"-",""))+LEN(SUBSTITUTE(SUBSTITUTE(SUBSTITUTE(K55," ",""),"0",""),"-",""))>LEN(SUBSTITUTE(SUBSTITUTE(SUBSTITUTE(M55," ",""),"0",""),"-",""))+LEN(SUBSTITUTE(SUBSTITUTE(SUBSTITUTE(N55," ",""),"0",""),"-","")))*1),0)+IF(OR(COUNTA(J57,K57,M57,N57)>0,OR(L57="X",L57="x")),IF(OR(L57="X",L57="x",AND(OR(COUNTA(J57,K57,M57,N57)>0,OR(L57="X",L57="x")),(LEN(SUBSTITUTE(SUBSTITUTE(SUBSTITUTE(J57," ",""),"0",""),"-",""))+LEN(SUBSTITUTE(SUBSTITUTE(SUBSTITUTE(K57," ",""),"0",""),"-","")))=(LEN(SUBSTITUTE(SUBSTITUTE(SUBSTITUTE(M57," ",""),"0",""),"-",""))+LEN(SUBSTITUTE(SUBSTITUTE(SUBSTITUTE(N57," ",""),"0",""),"-",""))))),0,(LEN(SUBSTITUTE(SUBSTITUTE(SUBSTITUTE(M57," ",""),"0",""),"-",""))+LEN(SUBSTITUTE(SUBSTITUTE(SUBSTITUTE(N57," ",""),"0",""),"-",""))>LEN(SUBSTITUTE(SUBSTITUTE(SUBSTITUTE(J57," ",""),"0",""),"-",""))+LEN(SUBSTITUTE(SUBSTITUTE(SUBSTITUTE(K57," ",""),"0",""),"-","")))*1),0) | K61: =IF(OR(COUNTA(J55,K55,M55,N55)>0,OR(L55="X",L55="x")),IF(OR(L55="X",L55="x",AND(OR(COUNTA(J55,K55,M55,N55)>0,OR(L55="X",L55="x")),(LEN(SUBSTITUTE(SUBSTITUTE(SUBSTITUTE(J55," ",""),"0",""),"-",""))+LEN(SUBSTITUTE(SUBSTITUTE(SUBSTITUTE(K55," ",""),"0",""),"-","")))=(LEN(SUBSTITUTE(SUBSTITUTE(SUBSTITUTE(M55," ",""),"0",""),"-",""))+LEN(SUBSTITUTE(SUBSTITUTE(SUBSTITUTE(N55," ",""),"0",""),"-",""))))),0,(LEN(SUBSTITUTE(SUBSTITUTE(SUBSTITUTE(J55," ",""),"0",""),"-",""))+LEN(SUBSTITUTE(SUBSTITUTE(SUBSTITUTE(K55," ",""),"0",""),"-",""))<LEN(SUBSTITUTE(SUBSTITUTE(SUBSTITUTE(M55," ",""),"0",""),"-",""))+LEN(SUBSTITUTE(SUBSTITUTE(SUBSTITUTE(N55," ",""),"0",""),"-","")))*1),0)+IF(OR(COUNTA(J57,K57,M57,N57)>0,OR(L57="X",L57="x")),IF(OR(L57="X",L57="x",AND(OR(COUNTA(J57,K57,M57,N57)>0,OR(L57="X",L57="x")),(LEN(SUBSTITUTE(SUBSTITUTE(SUBSTITUTE(J57," ",""),"0",""),"-",""))+LEN(SUBSTITUTE(SUBSTITUTE(SUBSTITUTE(K57," ",""),"0",""),"-","")))=(LEN(SUBSTITUTE(SUBSTITUTE(SUBSTITUTE(M57," ",""),"0",""),"-",""))+LEN(SUBSTITUTE(SUBSTITUTE(SUBSTITUTE(N57," ",""),"0",""),"-",""))))),0,(LEN(SUBSTITUTE(SUBSTITUTE(SUBSTITUTE(M57," ",""),"0",""),"-",""))+LEN(SUBSTITUTE(SUBSTITUTE(SUBSTITUTE(N57," ",""),"0",""),"-",""))<LEN(SUBSTITUTE(SUBSTITUTE(SUBSTITUTE(J57," ",""),"0",""),"-",""))+LEN(SUBSTITUTE(SUBSTITUTE(SUBSTITUTE(K57," ",""),"0",""),"-","")))*1),0) | L61: =IF(OR(COUNTA(J55,K55,M55,N55)>0,OR(L55="X",L55="x")),IF(OR(L55="X",L55="x",AND(OR(COUNTA(J55,K55,M55,N55)>0,OR(L55="X",L55="x")),(LEN(SUBSTITUTE(SUBSTITUTE(SUBSTITUTE(J55," ",""),"0",""),"-",""))+LEN(SUBSTITUTE(SUBSTITUTE(SUBSTITUTE(K55," ",""),"0",""),"-","")))=(LEN(SUBSTITUTE(SUBSTITUTE(SUBSTITUTE(M55," ",""),"0",""),"-",""))+LEN(SUBSTITUTE(SUBSTITUTE(SUBSTITUTE(N55," ",""),"0",""),"-",""))))),1,0),0)+IF(OR(COUNTA(J57,K57,M57,N57)>0,OR(L57="X",L57="x")),IF(OR(L57="X",L57="x",AND(OR(COUNTA(J57,K57,M57,N57)>0,OR(L57="X",L57="x")),(LEN(SUBSTITUTE(SUBSTITUTE(SUBSTITUTE(J57," ",""),"0",""),"-",""))+LEN(SUBSTITUTE(SUBSTITUTE(SUBSTITUTE(K57," ",""),"0",""),"-","")))=(LEN(SUBSTITUTE(SUBSTITUTE(SUBSTITUTE(M57," ",""),"0",""),"-",""))+LEN(SUBSTITUTE(SUBSTITUTE(SUBSTITUTE(N57," ",""),"0",""),"-",""))))),1,0),0) | M61: =LEN(SUBSTITUTE(SUBSTITUTE(SUBSTITUTE(J55," ",""),"0",""),"-",""))+LEN(SUBSTITUTE(SUBSTITUTE(SUBSTITUTE(K55," ",""),"0",""),"-",""))+LEN(SUBSTITUTE(SUBSTITUTE(SUBSTITUTE(M57," ",""),"0",""),"-",""))+LEN(SUBSTITUTE(SUBSTITUTE(SUBSTITUTE(N57," ",""),"0",""),"-","")) | N61: =LEN(SUBSTITUTE(SUBSTITUTE(SUBSTITUTE(M55," ",""),"0",""),"-",""))+LEN(SUBSTITUTE(SUBSTITUTE(SUBSTITUTE(N55," ",""),"0",""),"-",""))+LEN(SUBSTITUTE(SUBSTITUTE(SUBSTITUTE(J57," ",""),"0",""),"-",""))+LEN(SUBSTITUTE(SUBSTITUTE(SUBSTITUTE(K57," ",""),"0",""),"-","")) | O61: =RANK(AC61,$AC$60:$AC$62)+COUNTIF($AC$59:AC60,AC61) | U61: =(B61*1000000)-(C61*10000)+(D61*100)+(E61*1)-(F61*0.01) | AC61: =(J61*1000000)-(K61*10000)+(L61*100)+(M61*1)-(N61*0.01)
A62: =data!$E$14&" "&data!$B$14 | B62: =IF(OR(COUNTA(B56,C56,E56,F56)>0,OR(D56="X",D56="x")),IF(OR(D56="X",D56="x",AND(OR(COUNTA(B56,C56,E56,F56)>0,OR(D56="X",D56="x")),(LEN(SUBSTITUTE(SUBSTITUTE(SUBSTITUTE(B56," ",""),"0",""),"-",""))+LEN(SUBSTITUTE(SUBSTITUTE(SUBSTITUTE(C56," ",""),"0",""),"-","")))=(LEN(SUBSTITUTE(SUBSTITUTE(SUBSTITUTE(E56," ",""),"0",""),"-",""))+LEN(SUBSTITUTE(SUBSTITUTE(SUBSTITUTE(F56," ",""),"0",""),"-",""))))),0,(LEN(SUBSTITUTE(SUBSTITUTE(SUBSTITUTE(B56," ",""),"0",""),"-",""))+LEN(SUBSTITUTE(SUBSTITUTE(SUBSTITUTE(C56," ",""),"0",""),"-",""))>LEN(SUBSTITUTE(SUBSTITUTE(SUBSTITUTE(E56," ",""),"0",""),"-",""))+LEN(SUBSTITUTE(SUBSTITUTE(SUBSTITUTE(F56," ",""),"0",""),"-","")))*1),0)+IF(OR(COUNTA(B57,C57,E57,F57)>0,OR(D57="X",D57="x")),IF(OR(D57="X",D57="x",AND(OR(COUNTA(B57,C57,E57,F57)>0,OR(D57="X",D57="x")),(LEN(SUBSTITUTE(SUBSTITUTE(SUBSTITUTE(B57," ",""),"0",""),"-",""))+LEN(SUBSTITUTE(SUBSTITUTE(SUBSTITUTE(C57," ",""),"0",""),"-","")))=(LEN(SUBSTITUTE(SUBSTITUTE(SUBSTITUTE(E57," ",""),"0",""),"-",""))+LEN(SUBSTITUTE(SUBSTITUTE(SUBSTITUTE(F57," ",""),"0",""),"-",""))))),0,(LEN(SUBSTITUTE(SUBSTITUTE(SUBSTITUTE(B57," ",""),"0",""),"-",""))+LEN(SUBSTITUTE(SUBSTITUTE(SUBSTITUTE(C57," ",""),"0",""),"-",""))>LEN(SUBSTITUTE(SUBSTITUTE(SUBSTITUTE(E57," ",""),"0",""),"-",""))+LEN(SUBSTITUTE(SUBSTITUTE(SUBSTITUTE(F57," ",""),"0",""),"-","")))*1),0) | C62: =IF(OR(COUNTA(B56,C56,E56,F56)>0,OR(D56="X",D56="x")),IF(OR(D56="X",D56="x",AND(OR(COUNTA(B56,C56,E56,F56)>0,OR(D56="X",D56="x")),(LEN(SUBSTITUTE(SUBSTITUTE(SUBSTITUTE(B56," ",""),"0",""),"-",""))+LEN(SUBSTITUTE(SUBSTITUTE(SUBSTITUTE(C56," ",""),"0",""),"-","")))=(LEN(SUBSTITUTE(SUBSTITUTE(SUBSTITUTE(E56," ",""),"0",""),"-",""))+LEN(SUBSTITUTE(SUBSTITUTE(SUBSTITUTE(F56," ",""),"0",""),"-",""))))),0,(LEN(SUBSTITUTE(SUBSTITUTE(SUBSTITUTE(B56," ",""),"0",""),"-",""))+LEN(SUBSTITUTE(SUBSTITUTE(SUBSTITUTE(C56," ",""),"0",""),"-",""))<LEN(SUBSTITUTE(SUBSTITUTE(SUBSTITUTE(E56," ",""),"0",""),"-",""))+LEN(SUBSTITUTE(SUBSTITUTE(SUBSTITUTE(F56," ",""),"0",""),"-","")))*1),0)+IF(OR(COUNTA(B57,C57,E57,F57)>0,OR(D57="X",D57="x")),IF(OR(D57="X",D57="x",AND(OR(COUNTA(B57,C57,E57,F57)>0,OR(D57="X",D57="x")),(LEN(SUBSTITUTE(SUBSTITUTE(SUBSTITUTE(B57," ",""),"0",""),"-",""))+LEN(SUBSTITUTE(SUBSTITUTE(SUBSTITUTE(C57," ",""),"0",""),"-","")))=(LEN(SUBSTITUTE(SUBSTITUTE(SUBSTITUTE(E57," ",""),"0",""),"-",""))+LEN(SUBSTITUTE(SUBSTITUTE(SUBSTITUTE(F57," ",""),"0",""),"-",""))))),0,(LEN(SUBSTITUTE(SUBSTITUTE(SUBSTITUTE(B57," ",""),"0",""),"-",""))+LEN(SUBSTITUTE(SUBSTITUTE(SUBSTITUTE(C57," ",""),"0",""),"-",""))<LEN(SUBSTITUTE(SUBSTITUTE(SUBSTITUTE(E57," ",""),"0",""),"-",""))+LEN(SUBSTITUTE(SUBSTITUTE(SUBSTITUTE(F57," ",""),"0",""),"-","")))*1),0) | D62: =IF(OR(COUNTA(B56,C56,E56,F56)>0,OR(D56="X",D56="x")),IF(OR(D56="X",D56="x",AND(OR(COUNTA(B56,C56,E56,F56)>0,OR(D56="X",D56="x")),(LEN(SUBSTITUTE(SUBSTITUTE(SUBSTITUTE(B56," ",""),"0",""),"-",""))+LEN(SUBSTITUTE(SUBSTITUTE(SUBSTITUTE(C56," ",""),"0",""),"-","")))=(LEN(SUBSTITUTE(SUBSTITUTE(SUBSTITUTE(E56," ",""),"0",""),"-",""))+LEN(SUBSTITUTE(SUBSTITUTE(SUBSTITUTE(F56," ",""),"0",""),"-",""))))),1,0),0)+IF(OR(COUNTA(B57,C57,E57,F57)>0,OR(D57="X",D57="x")),IF(OR(D57="X",D57="x",AND(OR(COUNTA(B57,C57,E57,F57)>0,OR(D57="X",D57="x")),(LEN(SUBSTITUTE(SUBSTITUTE(SUBSTITUTE(B57," ",""),"0",""),"-",""))+LEN(SUBSTITUTE(SUBSTITUTE(SUBSTITUTE(C57," ",""),"0",""),"-","")))=(LEN(SUBSTITUTE(SUBSTITUTE(SUBSTITUTE(E57," ",""),"0",""),"-",""))+LEN(SUBSTITUTE(SUBSTITUTE(SUBSTITUTE(F57," ",""),"0",""),"-",""))))),1,0),0) | E62: =LEN(SUBSTITUTE(SUBSTITUTE(SUBSTITUTE(B56," ",""),"0",""),"-",""))+LEN(SUBSTITUTE(SUBSTITUTE(SUBSTITUTE(C56," ",""),"0",""),"-",""))+LEN(SUBSTITUTE(SUBSTITUTE(SUBSTITUTE(B57," ",""),"0",""),"-",""))+LEN(SUBSTITUTE(SUBSTITUTE(SUBSTITUTE(C57," ",""),"0",""),"-","")) | F62: =LEN(SUBSTITUTE(SUBSTITUTE(SUBSTITUTE(E56," ",""),"0",""),"-",""))+LEN(SUBSTITUTE(SUBSTITUTE(SUBSTITUTE(F56," ",""),"0",""),"-",""))+LEN(SUBSTITUTE(SUBSTITUTE(SUBSTITUTE(E57," ",""),"0",""),"-",""))+LEN(SUBSTITUTE(SUBSTITUTE(SUBSTITUTE(F57," ",""),"0",""),"-","")) | G62: =RANK(U62,$U$60:$U$62)+COUNTIF($U$59:U61,U62) | I62: =data!$E$61&" "&data!$B$61 | J62: =IF(OR(COUNTA(J56,K56,M56,N56)>0,OR(L56="X",L56="x")),IF(OR(L56="X",L56="x",AND(OR(COUNTA(J56,K56,M56,N56)>0,OR(L56="X",L56="x")),(LEN(SUBSTITUTE(SUBSTITUTE(SUBSTITUTE(J56," ",""),"0",""),"-",""))+LEN(SUBSTITUTE(SUBSTITUTE(SUBSTITUTE(K56," ",""),"0",""),"-","")))=(LEN(SUBSTITUTE(SUBSTITUTE(SUBSTITUTE(M56," ",""),"0",""),"-",""))+LEN(SUBSTITUTE(SUBSTITUTE(SUBSTITUTE(N56," ",""),"0",""),"-",""))))),0,(LEN(SUBSTITUTE(SUBSTITUTE(SUBSTITUTE(J56," ",""),"0",""),"-",""))+LEN(SUBSTITUTE(SUBSTITUTE(SUBSTITUTE(K56," ",""),"0",""),"-",""))>LEN(SUBSTITUTE(SUBSTITUTE(SUBSTITUTE(M56," ",""),"0",""),"-",""))+LEN(SUBSTITUTE(SUBSTITUTE(SUBSTITUTE(N56," ",""),"0",""),"-","")))*1),0)+IF(OR(COUNTA(J57,K57,M57,N57)>0,OR(L57="X",L57="x")),IF(OR(L57="X",L57="x",AND(OR(COUNTA(J57,K57,M57,N57)>0,OR(L57="X",L57="x")),(LEN(SUBSTITUTE(SUBSTITUTE(SUBSTITUTE(J57," ",""),"0",""),"-",""))+LEN(SUBSTITUTE(SUBSTITUTE(SUBSTITUTE(K57," ",""),"0",""),"-","")))=(LEN(SUBSTITUTE(SUBSTITUTE(SUBSTITUTE(M57," ",""),"0",""),"-",""))+LEN(SUBSTITUTE(SUBSTITUTE(SUBSTITUTE(N57," ",""),"0",""),"-",""))))),0,(LEN(SUBSTITUTE(SUBSTITUTE(SUBSTITUTE(J57," ",""),"0",""),"-",""))+LEN(SUBSTITUTE(SUBSTITUTE(SUBSTITUTE(K57," ",""),"0",""),"-",""))>LEN(SUBSTITUTE(SUBSTITUTE(SUBSTITUTE(M57," ",""),"0",""),"-",""))+LEN(SUBSTITUTE(SUBSTITUTE(SUBSTITUTE(N57," ",""),"0",""),"-","")))*1),0) | K62: =IF(OR(COUNTA(J56,K56,M56,N56)>0,OR(L56="X",L56="x")),IF(OR(L56="X",L56="x",AND(OR(COUNTA(J56,K56,M56,N56)>0,OR(L56="X",L56="x")),(LEN(SUBSTITUTE(SUBSTITUTE(SUBSTITUTE(J56," ",""),"0",""),"-",""))+LEN(SUBSTITUTE(SUBSTITUTE(SUBSTITUTE(K56," ",""),"0",""),"-","")))=(LEN(SUBSTITUTE(SUBSTITUTE(SUBSTITUTE(M56," ",""),"0",""),"-",""))+LEN(SUBSTITUTE(SUBSTITUTE(SUBSTITUTE(N56," ",""),"0",""),"-",""))))),0,(LEN(SUBSTITUTE(SUBSTITUTE(SUBSTITUTE(J56," ",""),"0",""),"-",""))+LEN(SUBSTITUTE(SUBSTITUTE(SUBSTITUTE(K56," ",""),"0",""),"-",""))<LEN(SUBSTITUTE(SUBSTITUTE(SUBSTITUTE(M56," ",""),"0",""),"-",""))+LEN(SUBSTITUTE(SUBSTITUTE(SUBSTITUTE(N56," ",""),"0",""),"-","")))*1),0)+IF(OR(COUNTA(J57,K57,M57,N57)>0,OR(L57="X",L57="x")),IF(OR(L57="X",L57="x",AND(OR(COUNTA(J57,K57,M57,N57)>0,OR(L57="X",L57="x")),(LEN(SUBSTITUTE(SUBSTITUTE(SUBSTITUTE(J57," ",""),"0",""),"-",""))+LEN(SUBSTITUTE(SUBSTITUTE(SUBSTITUTE(K57," ",""),"0",""),"-","")))=(LEN(SUBSTITUTE(SUBSTITUTE(SUBSTITUTE(M57," ",""),"0",""),"-",""))+LEN(SUBSTITUTE(SUBSTITUTE(SUBSTITUTE(N57," ",""),"0",""),"-",""))))),0,(LEN(SUBSTITUTE(SUBSTITUTE(SUBSTITUTE(J57," ",""),"0",""),"-",""))+LEN(SUBSTITUTE(SUBSTITUTE(SUBSTITUTE(K57," ",""),"0",""),"-",""))<LEN(SUBSTITUTE(SUBSTITUTE(SUBSTITUTE(M57," ",""),"0",""),"-",""))+LEN(SUBSTITUTE(SUBSTITUTE(SUBSTITUTE(N57," ",""),"0",""),"-","")))*1),0) | L62: =IF(OR(COUNTA(J56,K56,M56,N56)>0,OR(L56="X",L56="x")),IF(OR(L56="X",L56="x",AND(OR(COUNTA(J56,K56,M56,N56)>0,OR(L56="X",L56="x")),(LEN(SUBSTITUTE(SUBSTITUTE(SUBSTITUTE(J56," ",""),"0",""),"-",""))+LEN(SUBSTITUTE(SUBSTITUTE(SUBSTITUTE(K56," ",""),"0",""),"-","")))=(LEN(SUBSTITUTE(SUBSTITUTE(SUBSTITUTE(M56," ",""),"0",""),"-",""))+LEN(SUBSTITUTE(SUBSTITUTE(SUBSTITUTE(N56," ",""),"0",""),"-",""))))),1,0),0)+IF(OR(COUNTA(J57,K57,M57,N57)>0,OR(L57="X",L57="x")),IF(OR(L57="X",L57="x",AND(OR(COUNTA(J57,K57,M57,N57)>0,OR(L57="X",L57="x")),(LEN(SUBSTITUTE(SUBSTITUTE(SUBSTITUTE(J57," ",""),"0",""),"-",""))+LEN(SUBSTITUTE(SUBSTITUTE(SUBSTITUTE(K57," ",""),"0",""),"-","")))=(LEN(SUBSTITUTE(SUBSTITUTE(SUBSTITUTE(M57," ",""),"0",""),"-",""))+LEN(SUBSTITUTE(SUBSTITUTE(SUBSTITUTE(N57," ",""),"0",""),"-",""))))),1,0),0) | M62: =LEN(SUBSTITUTE(SUBSTITUTE(SUBSTITUTE(J56," ",""),"0",""),"-",""))+LEN(SUBSTITUTE(SUBSTITUTE(SUBSTITUTE(K56," ",""),"0",""),"-",""))+LEN(SUBSTITUTE(SUBSTITUTE(SUBSTITUTE(J57," ",""),"0",""),"-",""))+LEN(SUBSTITUTE(SUBSTITUTE(SUBSTITUTE(K57," ",""),"0",""),"-","")) | N62: =LEN(SUBSTITUTE(SUBSTITUTE(SUBSTITUTE(M56," ",""),"0",""),"-",""))+LEN(SUBSTITUTE(SUBSTITUTE(SUBSTITUTE(N56," ",""),"0",""),"-",""))+LEN(SUBSTITUTE(SUBSTITUTE(SUBSTITUTE(M57," ",""),"0",""),"-",""))+LEN(SUBSTITUTE(SUBSTITUTE(SUBSTITUTE(N57," ",""),"0",""),"-","")) | O62: =RANK(AC62,$AC$60:$AC$62)+COUNTIF($AC$59:AC61,AC62) | U62: =(B62*1000000)-(C62*10000)+(D62*100)+(E62*1)-(F62*0.01) | AC62: =(J62*1000000)-(K62*10000)+(L62*100)+(M62*1)-(N62*0.01)
G65: Ranking | O65: Ranking
F66: 1. | G66: =IFERROR(INDEX($A$60:$A$62, MATCH(1, $G$60:$G$62, 0)), "-") | N66: 1. | O66: =IFERROR(INDEX($I$60:$I$62, MATCH(1, $O$60:$O$62, 0)), "-")
F67: 2. | G67: =IFERROR(INDEX($A$60:$A$62, MATCH(2, $G$60:$G$62, 0)), "-") | N67: 2. | O67: =IFERROR(INDEX($I$60:$I$62, MATCH(2, $O$60:$O$62, 0)), "-")
F68: 3. | G68: =IFERROR(INDEX($A$60:$A$62, MATCH(3, $G$60:$G$62, 0)), "-") | N68: 3. | O68: =IFERROR(INDEX($I$60:$I$62, MATCH(3, $O$60:$O$62, 0)), "-")
A70: ='data'!$A$17 | I70: ='data'!$A$64
A71: White | D71: vs | G71: Red | I71: White | L71: vs | O71: Red
A72: =data!$E$16&" "&data!$B$16 | G72: =data!$E$15&" "&data!$B$15 | I72: =data!$E$63&" "&data!$B$63 | O72: =data!$E$62&" "&data!$B$62
A73: =data!$E$17&" "&data!$B$17 | G73: =data!$E$15&" "&data!$B$15 | I73: =data!$E$64&" "&data!$B$64 | O73: =data!$E$62&" "&data!$B$62
A74: =data!$E$17&" "&data!$B$17 | G74: =data!$E$16&" "&data!$B$16 | I74: =data!$E$64&" "&data!$B$64 | O74: =data!$E$63&" "&data!$B$63
A76: Results | B76: W | C76: L | D76: T | E76: PW | F76: PL | G76: Rank | I76: Results | J76: W | K76: L | L76: T | M76: PW | N76: PL | O76: Rank
A77: =data!$E$15&" "&data!$B$15 | B77: =IF(OR(COUNTA(B72,C72,E72,F72)>0,OR(D72="X",D72="x")),IF(OR(D72="X",D72="x",AND(OR(COUNTA(B72,C72,E72,F72)>0,OR(D72="X",D72="x")),(LEN(SUBSTITUTE(SUBSTITUTE(SUBSTITUTE(B72," ",""),"0",""),"-",""))+LEN(SUBSTITUTE(SUBSTITUTE(SUBSTITUTE(C72," ",""),"0",""),"-","")))=(LEN(SUBSTITUTE(SUBSTITUTE(SUBSTITUTE(E72," ",""),"0",""),"-",""))+LEN(SUBSTITUTE(SUBSTITUTE(SUBSTITUTE(F72," ",""),"0",""),"-",""))))),0,(LEN(SUBSTITUTE(SUBSTITUTE(SUBSTITUTE(E72," ",""),"0",""),"-",""))+LEN(SUBSTITUTE(SUBSTITUTE(SUBSTITUTE(F72," ",""),"0",""),"-",""))>LEN(SUBSTITUTE(SUBSTITUTE(SUBSTITUTE(B72," ",""),"0",""),"-",""))+LEN(SUBSTITUTE(SUBSTITUTE(SUBSTITUTE(C72," ",""),"0",""),"-","")))*1),0)+IF(OR(COUNTA(B73,C73,E73,F73)>0,OR(D73="X",D73="x")),IF(OR(D73="X",D73="x",AND(OR(COUNTA(B73,C73,E73,F73)>0,OR(D73="X",D73="x")),(LEN(SUBSTITUTE(SUBSTITUTE(SUBSTITUTE(B73," ",""),"0",""),"-",""))+LEN(SUBSTITUTE(SUBSTITUTE(SUBSTITUTE(C73," ",""),"0",""),"-","")))=(LEN(SUBSTITUTE(SUBSTITUTE(SUBSTITUTE(E73," ",""),"0",""),"-",""))+LEN(SUBSTITUTE(SUBSTITUTE(SUBSTITUTE(F73," ",""),"0",""),"-",""))))),0,(LEN(SUBSTITUTE(SUBSTITUTE(SUBSTITUTE(E73," ",""),"0",""),"-",""))+LEN(SUBSTITUTE(SUBSTITUTE(SUBSTITUTE(F73," ",""),"0",""),"-",""))>LEN(SUBSTITUTE(SUBSTITUTE(SUBSTITUTE(B73," ",""),"0",""),"-",""))+LEN(SUBSTITUTE(SUBSTITUTE(SUBSTITUTE(C73," ",""),"0",""),"-","")))*1),0) | C77: =IF(OR(COUNTA(B72,C72,E72,F72)>0,OR(D72="X",D72="x")),IF(OR(D72="X",D72="x",AND(OR(COUNTA(B72,C72,E72,F72)>0,OR(D72="X",D72="x")),(LEN(SUBSTITUTE(SUBSTITUTE(SUBSTITUTE(B72," ",""),"0",""),"-",""))+LEN(SUBSTITUTE(SUBSTITUTE(SUBSTITUTE(C72," ",""),"0",""),"-","")))=(LEN(SUBSTITUTE(SUBSTITUTE(SUBSTITUTE(E72," ",""),"0",""),"-",""))+LEN(SUBSTITUTE(SUBSTITUTE(SUBSTITUTE(F72," ",""),"0",""),"-",""))))),0,(LEN(SUBSTITUTE(SUBSTITUTE(SUBSTITUTE(E72," ",""),"0",""),"-",""))+LEN(SUBSTITUTE(SUBSTITUTE(SUBSTITUTE(F72," ",""),"0",""),"-",""))<LEN(SUBSTITUTE(SUBSTITUTE(SUBSTITUTE(B72," ",""),"0",""),"-",""))+LEN(SUBSTITUTE(SUBSTITUTE(SUBSTITUTE(C72," ",""),"0",""),"-","")))*1),0)+IF(OR(COUNTA(B73,C73,E73,F73)>0,OR(D73="X",D73="x")),IF(OR(D73="X",D73="x",AND(OR(COUNTA(B73,C73,E73,F73)>0,OR(D73="X",D73="x")),(LEN(SUBSTITUTE(SUBSTITUTE(SUBSTITUTE(B73," ",""),"0",""),"-",""))+LEN(SUBSTITUTE(SUBSTITUTE(SUBSTITUTE(C73," ",""),"0",""),"-","")))=(LEN(SUBSTITUTE(SUBSTITUTE(SUBSTITUTE(E73," ",""),"0",""),"-",""))+LEN(SUBSTITUTE(SUBSTITUTE(SUBSTITUTE(F73," ",""),"0",""),"-",""))))),0,(LEN(SUBSTITUTE(SUBSTITUTE(SUBSTITUTE(E73," ",""),"0",""),"-",""))+LEN(SUBSTITUTE(SUBSTITUTE(SUBSTITUTE(F73," ",""),"0",""),"-",""))<LEN(SUBSTITUTE(SUBSTITUTE(SUBSTITUTE(B73," ",""),"0",""),"-",""))+LEN(SUBSTITUTE(SUBSTITUTE(SUBSTITUTE(C73," ",""),"0",""),"-","")))*1),0) | D77: =IF(OR(COUNTA(B72,C72,E72,F72)>0,OR(D72="X",D72="x")),IF(OR(D72="X",D72="x",AND(OR(COUNTA(B72,C72,E72,F72)>0,OR(D72="X",D72="x")),(LEN(SUBSTITUTE(SUBSTITUTE(SUBSTITUTE(B72," ",""),"0",""),"-",""))+LEN(SUBSTITUTE(SUBSTITUTE(SUBSTITUTE(C72," ",""),"0",""),"-","")))=(LEN(SUBSTITUTE(SUBSTITUTE(SUBSTITUTE(E72," ",""),"0",""),"-",""))+LEN(SUBSTITUTE(SUBSTITUTE(SUBSTITUTE(F72," ",""),"0",""),"-",""))))),1,0),0)+IF(OR(COUNTA(B73,C73,E73,F73)>0,OR(D73="X",D73="x")),IF(OR(D73="X",D73="x",AND(OR(COUNTA(B73,C73,E73,F73)>0,OR(D73="X",D73="x")),(LEN(SUBSTITUTE(SUBSTITUTE(SUBSTITUTE(B73," ",""),"0",""),"-",""))+LEN(SUBSTITUTE(SUBSTITUTE(SUBSTITUTE(C73," ",""),"0",""),"-","")))=(LEN(SUBSTITUTE(SUBSTITUTE(SUBSTITUTE(E73," ",""),"0",""),"-",""))+LEN(SUBSTITUTE(SUBSTITUTE(SUBSTITUTE(F73," ",""),"0",""),"-",""))))),1,0),0) | E77: =LEN(SUBSTITUTE(SUBSTITUTE(SUBSTITUTE(E72," ",""),"0",""),"-",""))+LEN(SUBSTITUTE(SUBSTITUTE(SUBSTITUTE(F72," ",""),"0",""),"-",""))+LEN(SUBSTITUTE(SUBSTITUTE(SUBSTITUTE(E73," ",""),"0",""),"-",""))+LEN(SUBSTITUTE(SUBSTITUTE(SUBSTITUTE(F73," ",""),"0",""),"-","")) | F77: =LEN(SUBSTITUTE(SUBSTITUTE(SUBSTITUTE(B72," ",""),"0",""),"-",""))+LEN(SUBSTITUTE(SUBSTITUTE(SUBSTITUTE(C72," ",""),"0",""),"-",""))+LEN(SUBSTITUTE(SUBSTITUTE(SUBSTITUTE(B73," ",""),"0",""),"-",""))+LEN(SUBSTITUTE(SUBSTITUTE(SUBSTITUTE(C73," ",""),"0",""),"-","")) | G77: =RANK(U77,$U$77:$U$79)+COUNTIF($U$76:U76,U77) | I77: =data!$E$62&" "&data!$B$62 | J77: =IF(OR(COUNTA(J72,K72,M72,N72)>0,OR(L72="X",L72="x")),IF(OR(L72="X",L72="x",AND(OR(COUNTA(J72,K72,M72,N72)>0,OR(L72="X",L72="x")),(LEN(SUBSTITUTE(SUBSTITUTE(SUBSTITUTE(J72," ",""),"0",""),"-",""))+LEN(SUBSTITUTE(SUBSTITUTE(SUBSTITUTE(K72," ",""),"0",""),"-","")))=(LEN(SUBSTITUTE(SUBSTITUTE(SUBSTITUTE(M72," ",""),"0",""),"-",""))+LEN(SUBSTITUTE(SUBSTITUTE(SUBSTITUTE(N72," ",""),"0",""),"-",""))))),0,(LEN(SUBSTITUTE(SUBSTITUTE(SUBSTITUTE(M72," ",""),"0",""),"-",""))+LEN(SUBSTITUTE(SUBSTITUTE(SUBSTITUTE(N72," ",""),"0",""),"-",""))>LEN(SUBSTITUTE(SUBSTITUTE(SUBSTITUTE(J72," ",""),"0",""),"-",""))+LEN(SUBSTITUTE(SUBSTITUTE(SUBSTITUTE(K72," ",""),"0",""),"-","")))*1),0)+IF(OR(COUNTA(J73,K73,M73,N73)>0,OR(L73="X",L73="x")),IF(OR(L73="X",L73="x",AND(OR(COUNTA(J73,K73,M73,N73)>0,OR(L73="X",L73="x")),(LEN(SUBSTITUTE(SUBSTITUTE(SUBSTITUTE(J73," ",""),"0",""),"-",""))+LEN(SUBSTITUTE(SUBSTITUTE(SUBSTITUTE(K73," ",""),"0",""),"-","")))=(LEN(SUBSTITUTE(SUBSTITUTE(SUBSTITUTE(M73," ",""),"0",""),"-",""))+LEN(SUBSTITUTE(SUBSTITUTE(SUBSTITUTE(N73," ",""),"0",""),"-",""))))),0,(LEN(SUBSTITUTE(SUBSTITUTE(SUBSTITUTE(M73," ",""),"0",""),"-",""))+LEN(SUBSTITUTE(SUBSTITUTE(SUBSTITUTE(N73," ",""),"0",""),"-",""))>LEN(SUBSTITUTE(SUBSTITUTE(SUBSTITUTE(J73," ",""),"0",""),"-",""))+LEN(SUBSTITUTE(SUBSTITUTE(SUBSTITUTE(K73," ",""),"0",""),"-","")))*1),0) | K77: =IF(OR(COUNTA(J72,K72,M72,N72)>0,OR(L72="X",L72="x")),IF(OR(L72="X",L72="x",AND(OR(COUNTA(J72,K72,M72,N72)>0,OR(L72="X",L72="x")),(LEN(SUBSTITUTE(SUBSTITUTE(SUBSTITUTE(J72," ",""),"0",""),"-",""))+LEN(SUBSTITUTE(SUBSTITUTE(SUBSTITUTE(K72," ",""),"0",""),"-","")))=(LEN(SUBSTITUTE(SUBSTITUTE(SUBSTITUTE(M72," ",""),"0",""),"-",""))+LEN(SUBSTITUTE(SUBSTITUTE(SUBSTITUTE(N72," ",""),"0",""),"-",""))))),0,(LEN(SUBSTITUTE(SUBSTITUTE(SUBSTITUTE(M72," ",""),"0",""),"-",""))+LEN(SUBSTITUTE(SUBSTITUTE(SUBSTITUTE(N72," ",""),"0",""),"-",""))<LEN(SUBSTITUTE(SUBSTITUTE(SUBSTITUTE(J72," ",""),"0",""),"-",""))+LEN(SUBSTITUTE(SUBSTITUTE(SUBSTITUTE(K72," ",""),"0",""),"-","")))*1),0)+IF(OR(COUNTA(J73,K73,M73,N73)>0,OR(L73="X",L73="x")),IF(OR(L73="X",L73="x",AND(OR(COUNTA(J73,K73,M73,N73)>0,OR(L73="X",L73="x")),(LEN(SUBSTITUTE(SUBSTITUTE(SUBSTITUTE(J73," ",""),"0",""),"-",""))+LEN(SUBSTITUTE(SUBSTITUTE(SUBSTITUTE(K73," ",""),"0",""),"-","")))=(LEN(SUBSTITUTE(SUBSTITUTE(SUBSTITUTE(M73," ",""),"0",""),"-",""))+LEN(SUBSTITUTE(SUBSTITUTE(SUBSTITUTE(N73," ",""),"0",""),"-",""))))),0,(LEN(SUBSTITUTE(SUBSTITUTE(SUBSTITUTE(M73," ",""),"0",""),"-",""))+LEN(SUBSTITUTE(SUBSTITUTE(SUBSTITUTE(N73," ",""),"0",""),"-",""))<LEN(SUBSTITUTE(SUBSTITUTE(SUBSTITUTE(J73," ",""),"0",""),"-",""))+LEN(SUBSTITUTE(SUBSTITUTE(SUBSTITUTE(K73," ",""),"0",""),"-","")))*1),0) | L77: =IF(OR(COUNTA(J72,K72,M72,N72)>0,OR(L72="X",L72="x")),IF(OR(L72="X",L72="x",AND(OR(COUNTA(J72,K72,M72,N72)>0,OR(L72="X",L72="x")),(LEN(SUBSTITUTE(SUBSTITUTE(SUBSTITUTE(J72," ",""),"0",""),"-",""))+LEN(SUBSTITUTE(SUBSTITUTE(SUBSTITUTE(K72," ",""),"0",""),"-","")))=(LEN(SUBSTITUTE(SUBSTITUTE(SUBSTITUTE(M72," ",""),"0",""),"-",""))+LEN(SUBSTITUTE(SUBSTITUTE(SUBSTITUTE(N72," ",""),"0",""),"-",""))))),1,0),0)+IF(OR(COUNTA(J73,K73,M73,N73)>0,OR(L73="X",L73="x")),IF(OR(L73="X",L73="x",AND(OR(COUNTA(J73,K73,M73,N73)>0,OR(L73="X",L73="x")),(LEN(SUBSTITUTE(SUBSTITUTE(SUBSTITUTE(J73," ",""),"0",""),"-",""))+LEN(SUBSTITUTE(SUBSTITUTE(SUBSTITUTE(K73," ",""),"0",""),"-","")))=(LEN(SUBSTITUTE(SUBSTITUTE(SUBSTITUTE(M73," ",""),"0",""),"-",""))+LEN(SUBSTITUTE(SUBSTITUTE(SUBSTITUTE(N73," ",""),"0",""),"-",""))))),1,0),0) | M77: =LEN(SUBSTITUTE(SUBSTITUTE(SUBSTITUTE(M72," ",""),"0",""),"-",""))+LEN(SUBSTITUTE(SUBSTITUTE(SUBSTITUTE(N72," ",""),"0",""),"-",""))+LEN(SUBSTITUTE(SUBSTITUTE(SUBSTITUTE(M73," ",""),"0",""),"-",""))+LEN(SUBSTITUTE(SUBSTITUTE(SUBSTITUTE(N73," ",""),"0",""),"-","")) | N77: =LEN(SUBSTITUTE(SUBSTITUTE(SUBSTITUTE(J72," ",""),"0",""),"-",""))+LEN(SUBSTITUTE(SUBSTITUTE(SUBSTITUTE(K72," ",""),"0",""),"-",""))+LEN(SUBSTITUTE(SUBSTITUTE(SUBSTITUTE(J73," ",""),"0",""),"-",""))+LEN(SUBSTITUTE(SUBSTITUTE(SUBSTITUTE(K73," ",""),"0",""),"-","")) | O77: =RANK(AC77,$AC$77:$AC$79)+COUNTIF($AC$76:AC76,AC77) | U77: =(B77*1000000)-(C77*10000)+(D77*100)+(E77*1)-(F77*0.01) | AC77: =(J77*1000000)-(K77*10000)+(L77*100)+(M77*1)-(N77*0.01)
A78: =data!$E$16&" "&data!$B$16 | B78: =IF(OR(COUNTA(B72,C72,E72,F72)>0,OR(D72="X",D72="x")),IF(OR(D72="X",D72="x",AND(OR(COUNTA(B72,C72,E72,F72)>0,OR(D72="X",D72="x")),(LEN(SUBSTITUTE(SUBSTITUTE(SUBSTITUTE(B72," ",""),"0",""),"-",""))+LEN(SUBSTITUTE(SUBSTITUTE(SUBSTITUTE(C72," ",""),"0",""),"-","")))=(LEN(SUBSTITUTE(SUBSTITUTE(SUBSTITUTE(E72," ",""),"0",""),"-",""))+LEN(SUBSTITUTE(SUBSTITUTE(SUBSTITUTE(F72," ",""),"0",""),"-",""))))),0,(LEN(SUBSTITUTE(SUBSTITUTE(SUBSTITUTE(B72," ",""),"0",""),"-",""))+LEN(SUBSTITUTE(SUBSTITUTE(SUBSTITUTE(C72," ",""),"0",""),"-",""))>LEN(SUBSTITUTE(SUBSTITUTE(SUBSTITUTE(E72," ",""),"0",""),"-",""))+LEN(SUBSTITUTE(SUBSTITUTE(SUBSTITUTE(F72," ",""),"0",""),"-","")))*1),0)+IF(OR(COUNTA(B74,C74,E74,F74)>0,OR(D74="X",D74="x")),IF(OR(D74="X",D74="x",AND(OR(COUNTA(B74,C74,E74,F74)>0,OR(D74="X",D74="x")),(LEN(SUBSTITUTE(SUBSTITUTE(SUBSTITUTE(B74," ",""),"0",""),"-",""))+LEN(SUBSTITUTE(SUBSTITUTE(SUBSTITUTE(C74," ",""),"0",""),"-","")))=(LEN(SUBSTITUTE(SUBSTITUTE(SUBSTITUTE(E74," ",""),"0",""),"-",""))+LEN(SUBSTITUTE(SUBSTITUTE(SUBSTITUTE(F74," ",""),"0",""),"-",""))))),0,(LEN(SUBSTITUTE(SUBSTITUTE(SUBSTITUTE(E74," ",""),"0",""),"-",""))+LEN(SUBSTITUTE(SUBSTITUTE(SUBSTITUTE(F74," ",""),"0",""),"-",""))>LEN(SUBSTITUTE(SUBSTITUTE(SUBSTITUTE(B74," ",""),"0",""),"-",""))+LEN(SUBSTITUTE(SUBSTITUTE(SUBSTITUTE(C74," ",""),"0",""),"-","")))*1),0) | C78: =IF(OR(COUNTA(B72,C72,E72,F72)>0,OR(D72="X",D72="x")),IF(OR(D72="X",D72="x",AND(OR(COUNTA(B72,C72,E72,F72)>0,OR(D72="X",D72="x")),(LEN(SUBSTITUTE(SUBSTITUTE(SUBSTITUTE(B72," ",""),"0",""),"-",""))+LEN(SUBSTITUTE(SUBSTITUTE(SUBSTITUTE(C72," ",""),"0",""),"-","")))=(LEN(SUBSTITUTE(SUBSTITUTE(SUBSTITUTE(E72," ",""),"0",""),"-",""))+LEN(SUBSTITUTE(SUBSTITUTE(SUBSTITUTE(F72," ",""),"0",""),"-",""))))),0,(LEN(SUBSTITUTE(SUBSTITUTE(SUBSTITUTE(B72," ",""),"0",""),"-",""))+LEN(SUBSTITUTE(SUBSTITUTE(SUBSTITUTE(C72," ",""),"0",""),"-",""))<LEN(SUBSTITUTE(SUBSTITUTE(SUBSTITUTE(E72," ",""),"0",""),"-",""))+LEN(SUBSTITUTE(SUBSTITUTE(SUBSTITUTE(F72," ",""),"0",""),"-","")))*1),0)+IF(OR(COUNTA(B74,C74,E74,F74)>0,OR(D74="X",D74="x")),IF(OR(D74="X",D74="x",AND(OR(COUNTA(B74,C74,E74,F74)>0,OR(D74="X",D74="x")),(LEN(SUBSTITUTE(SUBSTITUTE(SUBSTITUTE(B74," ",""),"0",""),"-",""))+LEN(SUBSTITUTE(SUBSTITUTE(SUBSTITUTE(C74," ",""),"0",""),"-","")))=(LEN(SUBSTITUTE(SUBSTITUTE(SUBSTITUTE(E74," ",""),"0",""),"-",""))+LEN(SUBSTITUTE(SUBSTITUTE(SUBSTITUTE(F74," ",""),"0",""),"-",""))))),0,(LEN(SUBSTITUTE(SUBSTITUTE(SUBSTITUTE(E74," ",""),"0",""),"-",""))+LEN(SUBSTITUTE(SUBSTITUTE(SUBSTITUTE(F74," ",""),"0",""),"-",""))<LEN(SUBSTITUTE(SUBSTITUTE(SUBSTITUTE(B74," ",""),"0",""),"-",""))+LEN(SUBSTITUTE(SUBSTITUTE(SUBSTITUTE(C74," ",""),"0",""),"-","")))*1),0) | D78: =IF(OR(COUNTA(B72,C72,E72,F72)>0,OR(D72="X",D72="x")),IF(OR(D72="X",D72="x",AND(OR(COUNTA(B72,C72,E72,F72)>0,OR(D72="X",D72="x")),(LEN(SUBSTITUTE(SUBSTITUTE(SUBSTITUTE(B72," ",""),"0",""),"-",""))+LEN(SUBSTITUTE(SUBSTITUTE(SUBSTITUTE(C72," ",""),"0",""),"-","")))=(LEN(SUBSTITUTE(SUBSTITUTE(SUBSTITUTE(E72," ",""),"0",""),"-",""))+LEN(SUBSTITUTE(SUBSTITUTE(SUBSTITUTE(F72," ",""),"0",""),"-",""))))),1,0),0)+IF(OR(COUNTA(B74,C74,E74,F74)>0,OR(D74="X",D74="x")),IF(OR(D74="X",D74="x",AND(OR(COUNTA(B74,C74,E74,F74)>0,OR(D74="X",D74="x")),(LEN(SUBSTITUTE(SUBSTITUTE(SUBSTITUTE(B74," ",""),"0",""),"-",""))+LEN(SUBSTITUTE(SUBSTITUTE(SUBSTITUTE(C74," ",""),"0",""),"-","")))=(LEN(SUBSTITUTE(SUBSTITUTE(SUBSTITUTE(E74," ",""),"0",""),"-",""))+LEN(SUBSTITUTE(SUBSTITUTE(SUBSTITUTE(F74," ",""),"0",""),"-",""))))),1,0),0) | E78: =LEN(SUBSTITUTE(SUBSTITUTE(SUBSTITUTE(B72," ",""),"0",""),"-",""))+LEN(SUBSTITUTE(SUBSTITUTE(SUBSTITUTE(C72," ",""),"0",""),"-",""))+LEN(SUBSTITUTE(SUBSTITUTE(SUBSTITUTE(E74," ",""),"0",""),"-",""))+LEN(SUBSTITUTE(SUBSTITUTE(SUBSTITUTE(F74," ",""),"0",""),"-","")) | F78: =LEN(SUBSTITUTE(SUBSTITUTE(SUBSTITUTE(E72," ",""),"0",""),"-",""))+LEN(SUBSTITUTE(SUBSTITUTE(SUBSTITUTE(F72," ",""),"0",""),"-",""))+LEN(SUBSTITUTE(SUBSTITUTE(SUBSTITUTE(B74," ",""),"0",""),"-",""))+LEN(SUBSTITUTE(SUBSTITUTE(SUBSTITUTE(C74," ",""),"0",""),"-","")) | G78: =RANK(U78,$U$77:$U$79)+COUNTIF($U$76:U77,U78) | I78: =data!$E$63&" "&data!$B$63 | J78: =IF(OR(COUNTA(J72,K72,M72,N72)>0,OR(L72="X",L72="x")),IF(OR(L72="X",L72="x",AND(OR(COUNTA(J72,K72,M72,N72)>0,OR(L72="X",L72="x")),(LEN(SUBSTITUTE(SUBSTITUTE(SUBSTITUTE(J72," ",""),"0",""),"-",""))+LEN(SUBSTITUTE(SUBSTITUTE(SUBSTITUTE(K72," ",""),"0",""),"-","")))=(LEN(SUBSTITUTE(SUBSTITUTE(SUBSTITUTE(M72," ",""),"0",""),"-",""))+LEN(SUBSTITUTE(SUBSTITUTE(SUBSTITUTE(N72," ",""),"0",""),"-",""))))),0,(LEN(SUBSTITUTE(SUBSTITUTE(SUBSTITUTE(J72," ",""),"0",""),"-",""))+LEN(SUBSTITUTE(SUBSTITUTE(SUBSTITUTE(K72," ",""),"0",""),"-",""))>LEN(SUBSTITUTE(SUBSTITUTE(SUBSTITUTE(M72," ",""),"0",""),"-",""))+LEN(SUBSTITUTE(SUBSTITUTE(SUBSTITUTE(N72," ",""),"0",""),"-","")))*1),0)+IF(OR(COUNTA(J74,K74,M74,N74)>0,OR(L74="X",L74="x")),IF(OR(L74="X",L74="x",AND(OR(COUNTA(J74,K74,M74,N74)>0,OR(L74="X",L74="x")),(LEN(SUBSTITUTE(SUBSTITUTE(SUBSTITUTE(J74," ",""),"0",""),"-",""))+LEN(SUBSTITUTE(SUBSTITUTE(SUBSTITUTE(K74," ",""),"0",""),"-","")))=(LEN(SUBSTITUTE(SUBSTITUTE(SUBSTITUTE(M74," ",""),"0",""),"-",""))+LEN(SUBSTITUTE(SUBSTITUTE(SUBSTITUTE(N74," ",""),"0",""),"-",""))))),0,(LEN(SUBSTITUTE(SUBSTITUTE(SUBSTITUTE(M74," ",""),"0",""),"-",""))+LEN(SUBSTITUTE(SUBSTITUTE(SUBSTITUTE(N74," ",""),"0",""),"-",""))>LEN(SUBSTITUTE(SUBSTITUTE(SUBSTITUTE(J74," ",""),"0",""),"-",""))+LEN(SUBSTITUTE(SUBSTITUTE(SUBSTITUTE(K74," ",""),"0",""),"-","")))*1),0) | K78: =IF(OR(COUNTA(J72,K72,M72,N72)>0,OR(L72="X",L72="x")),IF(OR(L72="X",L72="x",AND(OR(COUNTA(J72,K72,M72,N72)>0,OR(L72="X",L72="x")),(LEN(SUBSTITUTE(SUBSTITUTE(SUBSTITUTE(J72," ",""),"0",""),"-",""))+LEN(SUBSTITUTE(SUBSTITUTE(SUBSTITUTE(K72," ",""),"0",""),"-","")))=(LEN(SUBSTITUTE(SUBSTITUTE(SUBSTITUTE(M72," ",""),"0",""),"-",""))+LEN(SUBSTITUTE(SUBSTITUTE(SUBSTITUTE(N72," ",""),"0",""),"-",""))))),0,(LEN(SUBSTITUTE(SUBSTITUTE(SUBSTITUTE(J72," ",""),"0",""),"-",""))+LEN(SUBSTITUTE(SUBSTITUTE(SUBSTITUTE(K72," ",""),"0",""),"-",""))<LEN(SUBSTITUTE(SUBSTITUTE(SUBSTITUTE(M72," ",""),"0",""),"-",""))+LEN(SUBSTITUTE(SUBSTITUTE(SUBSTITUTE(N72," ",""),"0",""),"-","")))*1),0)+IF(OR(COUNTA(J74,K74,M74,N74)>0,OR(L74="X",L74="x")),IF(OR(L74="X",L74="x",AND(OR(COUNTA(J74,K74,M74,N74)>0,OR(L74="X",L74="x")),(LEN(SUBSTITUTE(SUBSTITUTE(SUBSTITUTE(J74," ",""),"0",""),"-",""))+LEN(SUBSTITUTE(SUBSTITUTE(SUBSTITUTE(K74," ",""),"0",""),"-","")))=(LEN(SUBSTITUTE(SUBSTITUTE(SUBSTITUTE(M74," ",""),"0",""),"-",""))+LEN(SUBSTITUTE(SUBSTITUTE(SUBSTITUTE(N74," ",""),"0",""),"-",""))))),0,(LEN(SUBSTITUTE(SUBSTITUTE(SUBSTITUTE(M74," ",""),"0",""),"-",""))+LEN(SUBSTITUTE(SUBSTITUTE(SUBSTITUTE(N74," ",""),"0",""),"-",""))<LEN(SUBSTITUTE(SUBSTITUTE(SUBSTITUTE(J74," ",""),"0",""),"-",""))+LEN(SUBSTITUTE(SUBSTITUTE(SUBSTITUTE(K74," ",""),"0",""),"-","")))*1),0) | L78: =IF(OR(COUNTA(J72,K72,M72,N72)>0,OR(L72="X",L72="x")),IF(OR(L72="X",L72="x",AND(OR(COUNTA(J72,K72,M72,N72)>0,OR(L72="X",L72="x")),(LEN(SUBSTITUTE(SUBSTITUTE(SUBSTITUTE(J72," ",""),"0",""),"-",""))+LEN(SUBSTITUTE(SUBSTITUTE(SUBSTITUTE(K72," ",""),"0",""),"-","")))=(LEN(SUBSTITUTE(SUBSTITUTE(SUBSTITUTE(M72," ",""),"0",""),"-",""))+LEN(SUBSTITUTE(SUBSTITUTE(SUBSTITUTE(N72," ",""),"0",""),"-",""))))),1,0),0)+IF(OR(COUNTA(J74,K74,M74,N74)>0,OR(L74="X",L74="x")),IF(OR(L74="X",L74="x",AND(OR(COUNTA(J74,K74,M74,N74)>0,OR(L74="X",L74="x")),(LEN(SUBSTITUTE(SUBSTITUTE(SUBSTITUTE(J74," ",""),"0",""),"-",""))+LEN(SUBSTITUTE(SUBSTITUTE(SUBSTITUTE(K74," ",""),"0",""),"-","")))=(LEN(SUBSTITUTE(SUBSTITUTE(SUBSTITUTE(M74," ",""),"0",""),"-",""))+LEN(SUBSTITUTE(SUBSTITUTE(SUBSTITUTE(N74," ",""),"0",""),"-",""))))),1,0),0) | M78: =LEN(SUBSTITUTE(SUBSTITUTE(SUBSTITUTE(J72," ",""),"0",""),"-",""))+LEN(SUBSTITUTE(SUBSTITUTE(SUBSTITUTE(K72," ",""),"0",""),"-",""))+LEN(SUBSTITUTE(SUBSTITUTE(SUBSTITUTE(M74," ",""),"0",""),"-",""))+LEN(SUBSTITUTE(SUBSTITUTE(SUBSTITUTE(N74," ",""),"0",""),"-","")) | N78: =LEN(SUBSTITUTE(SUBSTITUTE(SUBSTITUTE(M72," ",""),"0",""),"-",""))+LEN(SUBSTITUTE(SUBSTITUTE(SUBSTITUTE(N72," ",""),"0",""),"-",""))+LEN(SUBSTITUTE(SUBSTITUTE(SUBSTITUTE(J74," ",""),"0",""),"-",""))+LEN(SUBSTITUTE(SUBSTITUTE(SUBSTITUTE(K74," ",""),"0",""),"-","")) | O78: =RANK(AC78,$AC$77:$AC$79)+COUNTIF($AC$76:AC77,AC78) | U78: =(B78*1000000)-(C78*10000)+(D78*100)+(E78*1)-(F78*0.01) | AC78: =(J78*1000000)-(K78*10000)+(L78*100)+(M78*1)-(N78*0.01)
A79: =data!$E$17&" "&data!$B$17 | B79: =IF(OR(COUNTA(B73,C73,E73,F73)>0,OR(D73="X",D73="x")),IF(OR(D73="X",D73="x",AND(OR(COUNTA(B73,C73,E73,F73)>0,OR(D73="X",D73="x")),(LEN(SUBSTITUTE(SUBSTITUTE(SUBSTITUTE(B73," ",""),"0",""),"-",""))+LEN(SUBSTITUTE(SUBSTITUTE(SUBSTITUTE(C73," ",""),"0",""),"-","")))=(LEN(SUBSTITUTE(SUBSTITUTE(SUBSTITUTE(E73," ",""),"0",""),"-",""))+LEN(SUBSTITUTE(SUBSTITUTE(SUBSTITUTE(F73," ",""),"0",""),"-",""))))),0,(LEN(SUBSTITUTE(SUBSTITUTE(SUBSTITUTE(B73," ",""),"0",""),"-",""))+LEN(SUBSTITUTE(SUBSTITUTE(SUBSTITUTE(C73," ",""),"0",""),"-",""))>LEN(SUBSTITUTE(SUBSTITUTE(SUBSTITUTE(E73," ",""),"0",""),"-",""))+LEN(SUBSTITUTE(SUBSTITUTE(SUBSTITUTE(F73," ",""),"0",""),"-","")))*1),0)+IF(OR(COUNTA(B74,C74,E74,F74)>0,OR(D74="X",D74="x")),IF(OR(D74="X",D74="x",AND(OR(COUNTA(B74,C74,E74,F74)>0,OR(D74="X",D74="x")),(LEN(SUBSTITUTE(SUBSTITUTE(SUBSTITUTE(B74," ",""),"0",""),"-",""))+LEN(SUBSTITUTE(SUBSTITUTE(SUBSTITUTE(C74," ",""),"0",""),"-","")))=(LEN(SUBSTITUTE(SUBSTITUTE(SUBSTITUTE(E74," ",""),"0",""),"-",""))+LEN(SUBSTITUTE(SUBSTITUTE(SUBSTITUTE(F74," ",""),"0",""),"-",""))))),0,(LEN(SUBSTITUTE(SUBSTITUTE(SUBSTITUTE(B74," ",""),"0",""),"-",""))+LEN(SUBSTITUTE(SUBSTITUTE(SUBSTITUTE(C74," ",""),"0",""),"-",""))>LEN(SUBSTITUTE(SUBSTITUTE(SUBSTITUTE(E74," ",""),"0",""),"-",""))+LEN(SUBSTITUTE(SUBSTITUTE(SUBSTITUTE(F74," ",""),"0",""),"-","")))*1),0) | C79: =IF(OR(COUNTA(B73,C73,E73,F73)>0,OR(D73="X",D73="x")),IF(OR(D73="X",D73="x",AND(OR(COUNTA(B73,C73,E73,F73)>0,OR(D73="X",D73="x")),(LEN(SUBSTITUTE(SUBSTITUTE(SUBSTITUTE(B73," ",""),"0",""),"-",""))+LEN(SUBSTITUTE(SUBSTITUTE(SUBSTITUTE(C73," ",""),"0",""),"-","")))=(LEN(SUBSTITUTE(SUBSTITUTE(SUBSTITUTE(E73," ",""),"0",""),"-",""))+LEN(SUBSTITUTE(SUBSTITUTE(SUBSTITUTE(F73," ",""),"0",""),"-",""))))),0,(LEN(SUBSTITUTE(SUBSTITUTE(SUBSTITUTE(B73," ",""),"0",""),"-",""))+LEN(SUBSTITUTE(SUBSTITUTE(SUBSTITUTE(C73," ",""),"0",""),"-",""))<LEN(SUBSTITUTE(SUBSTITUTE(SUBSTITUTE(E73," ",""),"0",""),"-",""))+LEN(SUBSTITUTE(SUBSTITUTE(SUBSTITUTE(F73," ",""),"0",""),"-","")))*1),0)+IF(OR(COUNTA(B74,C74,E74,F74)>0,OR(D74="X",D74="x")),IF(OR(D74="X",D74="x",AND(OR(COUNTA(B74,C74,E74,F74)>0,OR(D74="X",D74="x")),(LEN(SUBSTITUTE(SUBSTITUTE(SUBSTITUTE(B74," ",""),"0",""),"-",""))+LEN(SUBSTITUTE(SUBSTITUTE(SUBSTITUTE(C74," ",""),"0",""),"-","")))=(LEN(SUBSTITUTE(SUBSTITUTE(SUBSTITUTE(E74," ",""),"0",""),"-",""))+LEN(SUBSTITUTE(SUBSTITUTE(SUBSTITUTE(F74," ",""),"0",""),"-",""))))),0,(LEN(SUBSTITUTE(SUBSTITUTE(SUBSTITUTE(B74," ",""),"0",""),"-",""))+LEN(SUBSTITUTE(SUBSTITUTE(SUBSTITUTE(C74," ",""),"0",""),"-",""))<LEN(SUBSTITUTE(SUBSTITUTE(SUBSTITUTE(E74," ",""),"0",""),"-",""))+LEN(SUBSTITUTE(SUBSTITUTE(SUBSTITUTE(F74," ",""),"0",""),"-","")))*1),0) | D79: =IF(OR(COUNTA(B73,C73,E73,F73)>0,OR(D73="X",D73="x")),IF(OR(D73="X",D73="x",AND(OR(COUNTA(B73,C73,E73,F73)>0,OR(D73="X",D73="x")),(LEN(SUBSTITUTE(SUBSTITUTE(SUBSTITUTE(B73," ",""),"0",""),"-",""))+LEN(SUBSTITUTE(SUBSTITUTE(SUBSTITUTE(C73," ",""),"0",""),"-","")))=(LEN(SUBSTITUTE(SUBSTITUTE(SUBSTITUTE(E73," ",""),"0",""),"-",""))+LEN(SUBSTITUTE(SUBSTITUTE(SUBSTITUTE(F73," ",""),"0",""),"-",""))))),1,0),0)+IF(OR(COUNTA(B74,C74,E74,F74)>0,OR(D74="X",D74="x")),IF(OR(D74="X",D74="x",AND(OR(COUNTA(B74,C74,E74,F74)>0,OR(D74="X",D74="x")),(LEN(SUBSTITUTE(SUBSTITUTE(SUBSTITUTE(B74," ",""),"0",""),"-",""))+LEN(SUBSTITUTE(SUBSTITUTE(SUBSTITUTE(C74," ",""),"0",""),"-","")))=(LEN(SUBSTITUTE(SUBSTITUTE(SUBSTITUTE(E74," ",""),"0",""),"-",""))+LEN(SUBSTITUTE(SUBSTITUTE(SUBSTITUTE(F74," ",""),"0",""),"-",""))))),1,0),0) | E79: =LEN(SUBSTITUTE(SUBSTITUTE(SUBSTITUTE(B73," ",""),"0",""),"-",""))+LEN(SUBSTITUTE(SUBSTITUTE(SUBSTITUTE(C73," ",""),"0",""),"-",""))+LEN(SUBSTITUTE(SUBSTITUTE(SUBSTITUTE(B74," ",""),"0",""),"-",""))+LEN(SUBSTITUTE(SUBSTITUTE(SUBSTITUTE(C74," ",""),"0",""),"-","")) | F79: =LEN(SUBSTITUTE(SUBSTITUTE(SUBSTITUTE(E73," ",""),"0",""),"-",""))+LEN(SUBSTITUTE(SUBSTITUTE(SUBSTITUTE(F73," ",""),"0",""),"-",""))+LEN(SUBSTITUTE(SUBSTITUTE(SUBSTITUTE(E74," ",""),"0",""),"-",""))+LEN(SUBSTITUTE(SUBSTITUTE(SUBSTITUTE(F74," ",""),"0",""),"-","")) | G79: =RANK(U79,$U$77:$U$79)+COUNTIF($U$76:U78,U79) | I79: =data!$E$64&" "&data!$B$64 | J79: =IF(OR(COUNTA(J73,K73,M73,N73)>0,OR(L73="X",L73="x")),IF(OR(L73="X",L73="x",AND(OR(COUNTA(J73,K73,M73,N73)>0,OR(L73="X",L73="x")),(LEN(SUBSTITUTE(SUBSTITUTE(SUBSTITUTE(J73," ",""),"0",""),"-",""))+LEN(SUBSTITUTE(SUBSTITUTE(SUBSTITUTE(K73," ",""),"0",""),"-","")))=(LEN(SUBSTITUTE(SUBSTITUTE(SUBSTITUTE(M73," ",""),"0",""),"-",""))+LEN(SUBSTITUTE(SUBSTITUTE(SUBSTITUTE(N73," ",""),"0",""),"-",""))))),0,(LEN(SUBSTITUTE(SUBSTITUTE(SUBSTITUTE(J73," ",""),"0",""),"-",""))+LEN(SUBSTITUTE(SUBSTITUTE(SUBSTITUTE(K73," ",""),"0",""),"-",""))>LEN(SUBSTITUTE(SUBSTITUTE(SUBSTITUTE(M73," ",""),"0",""),"-",""))+LEN(SUBSTITUTE(SUBSTITUTE(SUBSTITUTE(N73," ",""),"0",""),"-","")))*1),0)+IF(OR(COUNTA(J74,K74,M74,N74)>0,OR(L74="X",L74="x")),IF(OR(L74="X",L74="x",AND(OR(COUNTA(J74,K74,M74,N74)>0,OR(L74="X",L74="x")),(LEN(SUBSTITUTE(SUBSTITUTE(SUBSTITUTE(J74," ",""),"0",""),"-",""))+LEN(SUBSTITUTE(SUBSTITUTE(SUBSTITUTE(K74," ",""),"0",""),"-","")))=(LEN(SUBSTITUTE(SUBSTITUTE(SUBSTITUTE(M74," ",""),"0",""),"-",""))+LEN(SUBSTITUTE(SUBSTITUTE(SUBSTITUTE(N74," ",""),"0",""),"-",""))))),0,(LEN(SUBSTITUTE(SUBSTITUTE(SUBSTITUTE(J74," ",""),"0",""),"-",""))+LEN(SUBSTITUTE(SUBSTITUTE(SUBSTITUTE(K74," ",""),"0",""),"-",""))>LEN(SUBSTITUTE(SUBSTITUTE(SUBSTITUTE(M74," ",""),"0",""),"-",""))+LEN(SUBSTITUTE(SUBSTITUTE(SUBSTITUTE(N74," ",""),"0",""),"-","")))*1),0) | K79: =IF(OR(COUNTA(J73,K73,M73,N73)>0,OR(L73="X",L73="x")),IF(OR(L73="X",L73="x",AND(OR(COUNTA(J73,K73,M73,N73)>0,OR(L73="X",L73="x")),(LEN(SUBSTITUTE(SUBSTITUTE(SUBSTITUTE(J73," ",""),"0",""),"-",""))+LEN(SUBSTITUTE(SUBSTITUTE(SUBSTITUTE(K73," ",""),"0",""),"-","")))=(LEN(SUBSTITUTE(SUBSTITUTE(SUBSTITUTE(M73," ",""),"0",""),"-",""))+LEN(SUBSTITUTE(SUBSTITUTE(SUBSTITUTE(N73," ",""),"0",""),"-",""))))),0,(LEN(SUBSTITUTE(SUBSTITUTE(SUBSTITUTE(J73," ",""),"0",""),"-",""))+LEN(SUBSTITUTE(SUBSTITUTE(SUBSTITUTE(K73," ",""),"0",""),"-",""))<LEN(SUBSTITUTE(SUBSTITUTE(SUBSTITUTE(M73," ",""),"0",""),"-",""))+LEN(SUBSTITUTE(SUBSTITUTE(SUBSTITUTE(N73," ",""),"0",""),"-","")))*1),0)+IF(OR(COUNTA(J74,K74,M74,N74)>0,OR(L74="X",L74="x")),IF(OR(L74="X",L74="x",AND(OR(COUNTA(J74,K74,M74,N74)>0,OR(L74="X",L74="x")),(LEN(SUBSTITUTE(SUBSTITUTE(SUBSTITUTE(J74," ",""),"0",""),"-",""))+LEN(SUBSTITUTE(SUBSTITUTE(SUBSTITUTE(K74," ",""),"0",""),"-","")))=(LEN(SUBSTITUTE(SUBSTITUTE(SUBSTITUTE(M74," ",""),"0",""),"-",""))+LEN(SUBSTITUTE(SUBSTITUTE(SUBSTITUTE(N74," ",""),"0",""),"-",""))))),0,(LEN(SUBSTITUTE(SUBSTITUTE(SUBSTITUTE(J74," ",""),"0",""),"-",""))+LEN(SUBSTITUTE(SUBSTITUTE(SUBSTITUTE(K74," ",""),"0",""),"-",""))<LEN(SUBSTITUTE(SUBSTITUTE(SUBSTITUTE(M74," ",""),"0",""),"-",""))+LEN(SUBSTITUTE(SUBSTITUTE(SUBSTITUTE(N74," ",""),"0",""),"-","")))*1),0) | L79: =IF(OR(COUNTA(J73,K73,M73,N73)>0,OR(L73="X",L73="x")),IF(OR(L73="X",L73="x",AND(OR(COUNTA(J73,K73,M73,N73)>0,OR(L73="X",L73="x")),(LEN(SUBSTITUTE(SUBSTITUTE(SUBSTITUTE(J73," ",""),"0",""),"-",""))+LEN(SUBSTITUTE(SUBSTITUTE(SUBSTITUTE(K73," ",""),"0",""),"-","")))=(LEN(SUBSTITUTE(SUBSTITUTE(SUBSTITUTE(M73," ",""),"0",""),"-",""))+LEN(SUBSTITUTE(SUBSTITUTE(SUBSTITUTE(N73," ",""),"0",""),"-",""))))),1,0),0)+IF(OR(COUNTA(J74,K74,M74,N74)>0,OR(L74="X",L74="x")),IF(OR(L74="X",L74="x",AND(OR(COUNTA(J74,K74,M74,N74)>0,OR(L74="X",L74="x")),(LEN(SUBSTITUTE(SUBSTITUTE(SUBSTITUTE(J74," ",""),"0",""),"-",""))+LEN(SUBSTITUTE(SUBSTITUTE(SUBSTITUTE(K74," ",""),"0",""),"-","")))=(LEN(SUBSTITUTE(SUBSTITUTE(SUBSTITUTE(M74," ",""),"0",""),"-",""))+LEN(SUBSTITUTE(SUBSTITUTE(SUBSTITUTE(N74," ",""),"0",""),"-",""))))),1,0),0) | M79: =LEN(SUBSTITUTE(SUBSTITUTE(SUBSTITUTE(J73," ",""),"0",""),"-",""))+LEN(SUBSTITUTE(SUBSTITUTE(SUBSTITUTE(K73," ",""),"0",""),"-",""))+LEN(SUBSTITUTE(SUBSTITUTE(SUBSTITUTE(J74," ",""),"0",""),"-",""))+LEN(SUBSTITUTE(SUBSTITUTE(SUBSTITUTE(K74," ",""),"0",""),"-","")) | N79: =LEN(SUBSTITUTE(SUBSTITUTE(SUBSTITUTE(M73," ",""),"0",""),"-",""))+LEN(SUBSTITUTE(SUBSTITUTE(SUBSTITUTE(N73," ",""),"0",""),"-",""))+LEN(SUBSTITUTE(SUBSTITUTE(SUBSTITUTE(M74," ",""),"0",""),"-",""))+LEN(SUBSTITUTE(SUBSTITUTE(SUBSTITUTE(N74," ",""),"0",""),"-","")) | O79: =RANK(AC79,$AC$77:$AC$79)+COUNTIF($AC$76:AC78,AC79) | U79: =(B79*1000000)-(C79*10000)+(D79*100)+(E79*1)-(F79*0.01) | AC79: =(J79*1000000)-(K79*10000)+(L79*100)+(M79*1)-(N79*0.01)
G82: Ranking | O82: Ranking
F83: 1. | G83: =IFERROR(INDEX($A$77:$A$79, MATCH(1, $G$77:$G$79, 0)), "-") | N83: 1. | O83: =IFERROR(INDEX($I$77:$I$79, MATCH(1, $O$77:$O$79, 0)), "-")
F84: 2. | G84: =IFERROR(INDEX($A$77:$A$79, MATCH(2, $G$77:$G$79, 0)), "-") | N84: 2. | O84: =IFERROR(INDEX($I$77:$I$79, MATCH(2, $O$77:$O$79, 0)), "-")
F85: 3. | G85: =IFERROR(INDEX($A$77:$A$79, MATCH(3, $G$77:$G$79, 0)), "-") | N85: 3. | O85: =IFERROR(INDEX($I$77:$I$79, MATCH(3, $O$77:$O$79, 0)), "-")
A87: ='data'!$A$20 | I87: ='data'!$A$67
A88: White | D88: vs | G88: Red | I88: White | L88: vs | O88: Red
A89: =data!$E$19&" "&data!$B$19 | G89: =data!$E$18&" "&data!$B$18 | I89: =data!$E$66&" "&data!$B$66 | O89: =data!$E$65&" "&data!$B$65
A90: =data!$E$20&" "&data!$B$20 | G90: =data!$E$18&" "&data!$B$18 | I90: =data!$E$67&" "&data!$B$67 | O90: =data!$E$65&" "&data!$B$65
A91: =data!$E$20&" "&data!$B$20 | G91: =data!$E$19&" "&data!$B$19 | I91: =data!$E$67&" "&data!$B$67 | O91: =data!$E$66&" "&data!$B$66
A93: Results | B93: W | C93: L | D93: T | E93: PW | F93: PL | G93: Rank | I93: Results | J93: W | K93: L | L93: T | M93: PW | N93: PL | O93: Rank
A94: =data!$E$18&" "&data!$B$18 | B94: =IF(OR(COUNTA(B89,C89,E89,F89)>0,OR(D89="X",D89="x")),IF(OR(D89="X",D89="x",AND(OR(COUNTA(B89,C89,E89,F89)>0,OR(D89="X",D89="x")),(LEN(SUBSTITUTE(SUBSTITUTE(SUBSTITUTE(B89," ",""),"0",""),"-",""))+LEN(SUBSTITUTE(SUBSTITUTE(SUBSTITUTE(C89," ",""),"0",""),"-","")))=(LEN(SUBSTITUTE(SUBSTITUTE(SUBSTITUTE(E89," ",""),"0",""),"-",""))+LEN(SUBSTITUTE(SUBSTITUTE(SUBSTITUTE(F89," ",""),"0",""),"-",""))))),0,(LEN(SUBSTITUTE(SUBSTITUTE(SUBSTITUTE(E89," ",""),"0",""),"-",""))+LEN(SUBSTITUTE(SUBSTITUTE(SUBSTITUTE(F89," ",""),"0",""),"-",""))>LEN(SUBSTITUTE(SUBSTITUTE(SUBSTITUTE(B89," ",""),"0",""),"-",""))+LEN(SUBSTITUTE(SUBSTITUTE(SUBSTITUTE(C89," ",""),"0",""),"-","")))*1),0)+IF(OR(COUNTA(B90,C90,E90,F90)>0,OR(D90="X",D90="x")),IF(OR(D90="X",D90="x",AND(OR(COUNTA(B90,C90,E90,F90)>0,OR(D90="X",D90="x")),(LEN(SUBSTITUTE(SUBSTITUTE(SUBSTITUTE(B90," ",""),"0",""),"-",""))+LEN(SUBSTITUTE(SUBSTITUTE(SUBSTITUTE(C90," ",""),"0",""),"-","")))=(LEN(SUBSTITUTE(SUBSTITUTE(SUBSTITUTE(E90," ",""),"0",""),"-",""))+LEN(SUBSTITUTE(SUBSTITUTE(SUBSTITUTE(F90," ",""),"0",""),"-",""))))),0,(LEN(SUBSTITUTE(SUBSTITUTE(SUBSTITUTE(E90," ",""),"0",""),"-",""))+LEN(SUBSTITUTE(SUBSTITUTE(SUBSTITUTE(F90," ",""),"0",""),"-",""))>LEN(SUBSTITUTE(SUBSTITUTE(SUBSTITUTE(B90," ",""),"0",""),"-",""))+LEN(SUBSTITUTE(SUBSTITUTE(SUBSTITUTE(C90," ",""),"0",""),"-","")))*1),0) | C94: =IF(OR(COUNTA(B89,C89,E89,F89)>0,OR(D89="X",D89="x")),IF(OR(D89="X",D89="x",AND(OR(COUNTA(B89,C89,E89,F89)>0,OR(D89="X",D89="x")),(LEN(SUBSTITUTE(SUBSTITUTE(SUBSTITUTE(B89," ",""),"0",""),"-",""))+LEN(SUBSTITUTE(SUBSTITUTE(SUBSTITUTE(C89," ",""),"0",""),"-","")))=(LEN(SUBSTITUTE(SUBSTITUTE(SUBSTITUTE(E89," ",""),"0",""),"-",""))+LEN(SUBSTITUTE(SUBSTITUTE(SUBSTITUTE(F89," ",""),"0",""),"-",""))))),0,(LEN(SUBSTITUTE(SUBSTITUTE(SUBSTITUTE(E89," ",""),"0",""),"-",""))+LEN(SUBSTITUTE(SUBSTITUTE(SUBSTITUTE(F89," ",""),"0",""),"-",""))<LEN(SUBSTITUTE(SUBSTITUTE(SUBSTITUTE(B89," ",""),"0",""),"-",""))+LEN(SUBSTITUTE(SUBSTITUTE(SUBSTITUTE(C89," ",""),"0",""),"-","")))*1),0)+IF(OR(COUNTA(B90,C90,E90,F90)>0,OR(D90="X",D90="x")),IF(OR(D90="X",D90="x",AND(OR(COUNTA(B90,C90,E90,F90)>0,OR(D90="X",D90="x")),(LEN(SUBSTITUTE(SUBSTITUTE(SUBSTITUTE(B90," ",""),"0",""),"-",""))+LEN(SUBSTITUTE(SUBSTITUTE(SUBSTITUTE(C90," ",""),"0",""),"-","")))=(LEN(SUBSTITUTE(SUBSTITUTE(SUBSTITUTE(E90," ",""),"0",""),"-",""))+LEN(SUBSTITUTE(SUBSTITUTE(SUBSTITUTE(F90," ",""),"0",""),"-",""))))),0,(LEN(SUBSTITUTE(SUBSTITUTE(SUBSTITUTE(E90," ",""),"0",""),"-",""))+LEN(SUBSTITUTE(SUBSTITUTE(SUBSTITUTE(F90," ",""),"0",""),"-",""))<LEN(SUBSTITUTE(SUBSTITUTE(SUBSTITUTE(B90," ",""),"0",""),"-",""))+LEN(SUBSTITUTE(SUBSTITUTE(SUBSTITUTE(C90," ",""),"0",""),"-","")))*1),0) | D94: =IF(OR(COUNTA(B89,C89,E89,F89)>0,OR(D89="X",D89="x")),IF(OR(D89="X",D89="x",AND(OR(COUNTA(B89,C89,E89,F89)>0,OR(D89="X",D89="x")),(LEN(SUBSTITUTE(SUBSTITUTE(SUBSTITUTE(B89," ",""),"0",""),"-",""))+LEN(SUBSTITUTE(SUBSTITUTE(SUBSTITUTE(C89," ",""),"0",""),"-","")))=(LEN(SUBSTITUTE(SUBSTITUTE(SUBSTITUTE(E89," ",""),"0",""),"-",""))+LEN(SUBSTITUTE(SUBSTITUTE(SUBSTITUTE(F89," ",""),"0",""),"-",""))))),1,0),0)+IF(OR(COUNTA(B90,C90,E90,F90)>0,OR(D90="X",D90="x")),IF(OR(D90="X",D90="x",AND(OR(COUNTA(B90,C90,E90,F90)>0,OR(D90="X",D90="x")),(LEN(SUBSTITUTE(SUBSTITUTE(SUBSTITUTE(B90," ",""),"0",""),"-",""))+LEN(SUBSTITUTE(SUBSTITUTE(SUBSTITUTE(C90," ",""),"0",""),"-","")))=(LEN(SUBSTITUTE(SUBSTITUTE(SUBSTITUTE(E90," ",""),"0",""),"-",""))+LEN(SUBSTITUTE(SUBSTITUTE(SUBSTITUTE(F90," ",""),"0",""),"-",""))))),1,0),0) | E94: =LEN(SUBSTITUTE(SUBSTITUTE(SUBSTITUTE(E89," ",""),"0",""),"-",""))+LEN(SUBSTITUTE(SUBSTITUTE(SUBSTITUTE(F89," ",""),"0",""),"-",""))+LEN(SUBSTITUTE(SUBSTITUTE(SUBSTITUTE(E90," ",""),"0",""),"-",""))+LEN(SUBSTITUTE(SUBSTITUTE(SUBSTITUTE(F90," ",""),"0",""),"-","")) | F94: =LEN(SUBSTITUTE(SUBSTITUTE(SUBSTITUTE(B89," ",""),"0",""),"-",""))+LEN(SUBSTITUTE(SUBSTITUTE(SUBSTITUTE(C89," ",""),"0",""),"-",""))+LEN(SUBSTITUTE(SUBSTITUTE(SUBSTITUTE(B90," ",""),"0",""),"-",""))+LEN(SUBSTITUTE(SUBSTITUTE(SUBSTITUTE(C90," ",""),"0",""),"-","")) | G94: =RANK(U94,$U$94:$U$96)+COUNTIF($U$93:U93,U94) | I94: =data!$E$65&" "&data!$B$65 | J94: =IF(OR(COUNTA(J89,K89,M89,N89)>0,OR(L89="X",L89="x")),IF(OR(L89="X",L89="x",AND(OR(COUNTA(J89,K89,M89,N89)>0,OR(L89="X",L89="x")),(LEN(SUBSTITUTE(SUBSTITUTE(SUBSTITUTE(J89," ",""),"0",""),"-",""))+LEN(SUBSTITUTE(SUBSTITUTE(SUBSTITUTE(K89," ",""),"0",""),"-","")))=(LEN(SUBSTITUTE(SUBSTITUTE(SUBSTITUTE(M89," ",""),"0",""),"-",""))+LEN(SUBSTITUTE(SUBSTITUTE(SUBSTITUTE(N89," ",""),"0",""),"-",""))))),0,(LEN(SUBSTITUTE(SUBSTITUTE(SUBSTITUTE(M89," ",""),"0",""),"-",""))+LEN(SUBSTITUTE(SUBSTITUTE(SUBSTITUTE(N89," ",""),"0",""),"-",""))>LEN(SUBSTITUTE(SUBSTITUTE(SUBSTITUTE(J89," ",""),"0",""),"-",""))+LEN(SUBSTITUTE(SUBSTITUTE(SUBSTITUTE(K89," ",""),"0",""),"-","")))*1),0)+IF(OR(COUNTA(J90,K90,M90,N90)>0,OR(L90="X",L90="x")),IF(OR(L90="X",L90="x",AND(OR(COUNTA(J90,K90,M90,N90)>0,OR(L90="X",L90="x")),(LEN(SUBSTITUTE(SUBSTITUTE(SUBSTITUTE(J90," ",""),"0",""),"-",""))+LEN(SUBSTITUTE(SUBSTITUTE(SUBSTITUTE(K90," ",""),"0",""),"-","")))=(LEN(SUBSTITUTE(SUBSTITUTE(SUBSTITUTE(M90," ",""),"0",""),"-",""))+LEN(SUBSTITUTE(SUBSTITUTE(SUBSTITUTE(N90," ",""),"0",""),"-",""))))),0,(LEN(SUBSTITUTE(SUBSTITUTE(SUBSTITUTE(M90," ",""),"0",""),"-",""))+LEN(SUBSTITUTE(SUBSTITUTE(SUBSTITUTE(N90," ",""),"0",""),"-",""))>LEN(SUBSTITUTE(SUBSTITUTE(SUBSTITUTE(J90," ",""),"0",""),"-",""))+LEN(SUBSTITUTE(SUBSTITUTE(SUBSTITUTE(K90," ",""),"0",""),"-","")))*1),0) | K94: =IF(OR(COUNTA(J89,K89,M89,N89)>0,OR(L89="X",L89="x")),IF(OR(L89="X",L89="x",AND(OR(COUNTA(J89,K89,M89,N89)>0,OR(L89="X",L89="x")),(LEN(SUBSTITUTE(SUBSTITUTE(SUBSTITUTE(J89," ",""),"0",""),"-",""))+LEN(SUBSTITUTE(SUBSTITUTE(SUBSTITUTE(K89," ",""),"0",""),"-","")))=(LEN(SUBSTITUTE(SUBSTITUTE(SUBSTITUTE(M89," ",""),"0",""),"-",""))+LEN(SUBSTITUTE(SUBSTITUTE(SUBSTITUTE(N89," ",""),"0",""),"-",""))))),0,(LEN(SUBSTITUTE(SUBSTITUTE(SUBSTITUTE(M89," ",""),"0",""),"-",""))+LEN(SUBSTITUTE(SUBSTITUTE(SUBSTITUTE(N89," ",""),"0",""),"-",""))<LEN(SUBSTITUTE(SUBSTITUTE(SUBSTITUTE(J89," ",""),"0",""),"-",""))+LEN(SUBSTITUTE(SUBSTITUTE(SUBSTITUTE(K89," ",""),"0",""),"-","")))*1),0)+IF(OR(COUNTA(J90,K90,M90,N90)>0,OR(L90="X",L90="x")),IF(OR(L90="X",L90="x",AND(OR(COUNTA(J90,K90,M90,N90)>0,OR(L90="X",L90="x")),(LEN(SUBSTITUTE(SUBSTITUTE(SUBSTITUTE(J90," ",""),"0",""),"-",""))+LEN(SUBSTITUTE(SUBSTITUTE(SUBSTITUTE(K90," ",""),"0",""),"-","")))=(LEN(SUBSTITUTE(SUBSTITUTE(SUBSTITUTE(M90," ",""),"0",""),"-",""))+LEN(SUBSTITUTE(SUBSTITUTE(SUBSTITUTE(N90," ",""),"0",""),"-",""))))),0,(LEN(SUBSTITUTE(SUBSTITUTE(SUBSTITUTE(M90," ",""),"0",""),"-",""))+LEN(SUBSTITUTE(SUBSTITUTE(SUBSTITUTE(N90," ",""),"0",""),"-",""))<LEN(SUBSTITUTE(SUBSTITUTE(SUBSTITUTE(J90," ",""),"0",""),"-",""))+LEN(SUBSTITUTE(SUBSTITUTE(SUBSTITUTE(K90," ",""),"0",""),"-","")))*1),0) | L94: =IF(OR(COUNTA(J89,K89,M89,N89)>0,OR(L89="X",L89="x")),IF(OR(L89="X",L89="x",AND(OR(COUNTA(J89,K89,M89,N89)>0,OR(L89="X",L89="x")),(LEN(SUBSTITUTE(SUBSTITUTE(SUBSTITUTE(J89," ",""),"0",""),"-",""))+LEN(SUBSTITUTE(SUBSTITUTE(SUBSTITUTE(K89," ",""),"0",""),"-","")))=(LEN(SUBSTITUTE(SUBSTITUTE(SUBSTITUTE(M89," ",""),"0",""),"-",""))+LEN(SUBSTITUTE(SUBSTITUTE(SUBSTITUTE(N89," ",""),"0",""),"-",""))))),1,0),0)+IF(OR(COUNTA(J90,K90,M90,N90)>0,OR(L90="X",L90="x")),IF(OR(L90="X",L90="x",AND(OR(COUNTA(J90,K90,M90,N90)>0,OR(L90="X",L90="x")),(LEN(SUBSTITUTE(SUBSTITUTE(SUBSTITUTE(J90," ",""),"0",""),"-",""))+LEN(SUBSTITUTE(SUBSTITUTE(SUBSTITUTE(K90," ",""),"0",""),"-","")))=(LEN(SUBSTITUTE(SUBSTITUTE(SUBSTITUTE(M90," ",""),"0",""),"-",""))+LEN(SUBSTITUTE(SUBSTITUTE(SUBSTITUTE(N90," ",""),"0",""),"-",""))))),1,0),0) | M94: =LEN(SUBSTITUTE(SUBSTITUTE(SUBSTITUTE(M89," ",""),"0",""),"-",""))+LEN(SUBSTITUTE(SUBSTITUTE(SUBSTITUTE(N89," ",""),"0",""),"-",""))+LEN(SUBSTITUTE(SUBSTITUTE(SUBSTITUTE(M90," ",""),"0",""),"-",""))+LEN(SUBSTITUTE(SUBSTITUTE(SUBSTITUTE(N90," ",""),"0",""),"-","")) | N94: =LEN(SUBSTITUTE(SUBSTITUTE(SUBSTITUTE(J89," ",""),"0",""),"-",""))+LEN(SUBSTITUTE(SUBSTITUTE(SUBSTITUTE(K89," ",""),"0",""),"-",""))+LEN(SUBSTITUTE(SUBSTITUTE(SUBSTITUTE(J90," ",""),"0",""),"-",""))+LEN(SUBSTITUTE(SUBSTITUTE(SUBSTITUTE(K90," ",""),"0",""),"-","")) | O94: =RANK(AC94,$AC$94:$AC$96)+COUNTIF($AC$93:AC93,AC94) | U94: =(B94*1000000)-(C94*10000)+(D94*100)+(E94*1)-(F94*0.01) | AC94: =(J94*1000000)-(K94*10000)+(L94*100)+(M94*1)-(N94*0.01)
A95: =data!$E$19&" "&data!$B$19 | B95: =IF(OR(COUNTA(B89,C89,E89,F89)>0,OR(D89="X",D89="x")),IF(OR(D89="X",D89="x",AND(OR(COUNTA(B89,C89,E89,F89)>0,OR(D89="X",D89="x")),(LEN(SUBSTITUTE(SUBSTITUTE(SUBSTITUTE(B89," ",""),"0",""),"-",""))+LEN(SUBSTITUTE(SUBSTITUTE(SUBSTITUTE(C89," ",""),"0",""),"-","")))=(LEN(SUBSTITUTE(SUBSTITUTE(SUBSTITUTE(E89," ",""),"0",""),"-",""))+LEN(SUBSTITUTE(SUBSTITUTE(SUBSTITUTE(F89," ",""),"0",""),"-",""))))),0,(LEN(SUBSTITUTE(SUBSTITUTE(SUBSTITUTE(B89," ",""),"0",""),"-",""))+LEN(SUBSTITUTE(SUBSTITUTE(SUBSTITUTE(C89," ",""),"0",""),"-",""))>LEN(SUBSTITUTE(SUBSTITUTE(SUBSTITUTE(E89," ",""),"0",""),"-",""))+LEN(SUBSTITUTE(SUBSTITUTE(SUBSTITUTE(F89," ",""),"0",""),"-","")))*1),0)+IF(OR(COUNTA(B91,C91,E91,F91)>0,OR(D91="X",D91="x")),IF(OR(D91="X",D91="x",AND(OR(COUNTA(B91,C91,E91,F91)>0,OR(D91="X",D91="x")),(LEN(SUBSTITUTE(SUBSTITUTE(SUBSTITUTE(B91," ",""),"0",""),"-",""))+LEN(SUBSTITUTE(SUBSTITUTE(SUBSTITUTE(C91," ",""),"0",""),"-","")))=(LEN(SUBSTITUTE(SUBSTITUTE(SUBSTITUTE(E91," ",""),"0",""),"-",""))+LEN(SUBSTITUTE(SUBSTITUTE(SUBSTITUTE(F91," ",""),"0",""),"-",""))))),0,(LEN(SUBSTITUTE(SUBSTITUTE(SUBSTITUTE(E91," ",""),"0",""),"-",""))+LEN(SUBSTITUTE(SUBSTITUTE(SUBSTITUTE(F91," ",""),"0",""),"-",""))>LEN(SUBSTITUTE(SUBSTITUTE(SUBSTITUTE(B91," ",""),"0",""),"-",""))+LEN(SUBSTITUTE(SUBSTITUTE(SUBSTITUTE(C91," ",""),"0",""),"-","")))*1),0) | C95: =IF(OR(COUNTA(B89,C89,E89,F89)>0,OR(D89="X",D89="x")),IF(OR(D89="X",D89="x",AND(OR(COUNTA(B89,C89,E89,F89)>0,OR(D89="X",D89="x")),(LEN(SUBSTITUTE(SUBSTITUTE(SUBSTITUTE(B89," ",""),"0",""),"-",""))+LEN(SUBSTITUTE(SUBSTITUTE(SUBSTITUTE(C89," ",""),"0",""),"-","")))=(LEN(SUBSTITUTE(SUBSTITUTE(SUBSTITUTE(E89," ",""),"0",""),"-",""))+LEN(SUBSTITUTE(SUBSTITUTE(SUBSTITUTE(F89," ",""),"0",""),"-",""))))),0,(LEN(SUBSTITUTE(SUBSTITUTE(SUBSTITUTE(B89," ",""),"0",""),"-",""))+LEN(SUBSTITUTE(SUBSTITUTE(SUBSTITUTE(C89," ",""),"0",""),"-",""))<LEN(SUBSTITUTE(SUBSTITUTE(SUBSTITUTE(E89," ",""),"0",""),"-",""))+LEN(SUBSTITUTE(SUBSTITUTE(SUBSTITUTE(F89," ",""),"0",""),"-","")))*1),0)+IF(OR(COUNTA(B91,C91,E91,F91)>0,OR(D91="X",D91="x")),IF(OR(D91="X",D91="x",AND(OR(COUNTA(B91,C91,E91,F91)>0,OR(D91="X",D91="x")),(LEN(SUBSTITUTE(SUBSTITUTE(SUBSTITUTE(B91," ",""),"0",""),"-",""))+LEN(SUBSTITUTE(SUBSTITUTE(SUBSTITUTE(C91," ",""),"0",""),"-","")))=(LEN(SUBSTITUTE(SUBSTITUTE(SUBSTITUTE(E91," ",""),"0",""),"-",""))+LEN(SUBSTITUTE(SUBSTITUTE(SUBSTITUTE(F91," ",""),"0",""),"-",""))))),0,(LEN(SUBSTITUTE(SUBSTITUTE(SUBSTITUTE(E91," ",""),"0",""),"-",""))+LEN(SUBSTITUTE(SUBSTITUTE(SUBSTITUTE(F91," ",""),"0",""),"-",""))<LEN(SUBSTITUTE(SUBSTITUTE(SUBSTITUTE(B91," ",""),"0",""),"-",""))+LEN(SUBSTITUTE(SUBSTITUTE(SUBSTITUTE(C91," ",""),"0",""),"-","")))*1),0) | D95: =IF(OR(COUNTA(B89,C89,E89,F89)>0,OR(D89="X",D89="x")),IF(OR(D89="X",D89="x",AND(OR(COUNTA(B89,C89,E89,F89)>0,OR(D89="X",D89="x")),(LEN(SUBSTITUTE(SUBSTITUTE(SUBSTITUTE(B89," ",""),"0",""),"-",""))+LEN(SUBSTITUTE(SUBSTITUTE(SUBSTITUTE(C89," ",""),"0",""),"-","")))=(LEN(SUBSTITUTE(SUBSTITUTE(SUBSTITUTE(E89," ",""),"0",""),"-",""))+LEN(SUBSTITUTE(SUBSTITUTE(SUBSTITUTE(F89," ",""),"0",""),"-",""))))),1,0),0)+IF(OR(COUNTA(B91,C91,E91,F91)>0,OR(D91="X",D91="x")),IF(OR(D91="X",D91="x",AND(OR(COUNTA(B91,C91,E91,F91)>0,OR(D91="X",D91="x")),(LEN(SUBSTITUTE(SUBSTITUTE(SUBSTITUTE(B91," ",""),"0",""),"-",""))+LEN(SUBSTITUTE(SUBSTITUTE(SUBSTITUTE(C91," ",""),"0",""),"-","")))=(LEN(SUBSTITUTE(SUBSTITUTE(SUBSTITUTE(E91," ",""),"0",""),"-",""))+LEN(SUBSTITUTE(SUBSTITUTE(SUBSTITUTE(F91," ",""),"0",""),"-",""))))),1,0),0) | E95: =LEN(SUBSTITUTE(SUBSTITUTE(SUBSTITUTE(B89," ",""),"0",""),"-",""))+LEN(SUBSTITUTE(SUBSTITUTE(SUBSTITUTE(C89," ",""),"0",""),"-",""))+LEN(SUBSTITUTE(SUBSTITUTE(SUBSTITUTE(E91," ",""),"0",""),"-",""))+LEN(SUBSTITUTE(SUBSTITUTE(SUBSTITUTE(F91," ",""),"0",""),"-","")) | F95: =LEN(SUBSTITUTE(SUBSTITUTE(SUBSTITUTE(E89," ",""),"0",""),"-",""))+LEN(SUBSTITUTE(SUBSTITUTE(SUBSTITUTE(F89," ",""),"0",""),"-",""))+LEN(SUBSTITUTE(SUBSTITUTE(SUBSTITUTE(B91," ",""),"0",""),"-",""))+LEN(SUBSTITUTE(SUBSTITUTE(SUBSTITUTE(C91," ",""),"0",""),"-","")) | G95: =RANK(U95,$U$94:$U$96)+COUNTIF($U$93:U94,U95) | I95: =data!$E$66&" "&data!$B$66 | J95: =IF(OR(COUNTA(J89,K89,M89,N89)>0,OR(L89="X",L89="x")),IF(OR(L89="X",L89="x",AND(OR(COUNTA(J89,K89,M89,N89)>0,OR(L89="X",L89="x")),(LEN(SUBSTITUTE(SUBSTITUTE(SUBSTITUTE(J89," ",""),"0",""),"-",""))+LEN(SUBSTITUTE(SUBSTITUTE(SUBSTITUTE(K89," ",""),"0",""),"-","")))=(LEN(SUBSTITUTE(SUBSTITUTE(SUBSTITUTE(M89," ",""),"0",""),"-",""))+LEN(SUBSTITUTE(SUBSTITUTE(SUBSTITUTE(N89," ",""),"0",""),"-",""))))),0,(LEN(SUBSTITUTE(SUBSTITUTE(SUBSTITUTE(J89," ",""),"0",""),"-",""))+LEN(SUBSTITUTE(SUBSTITUTE(SUBSTITUTE(K89," ",""),"0",""),"-",""))>LEN(SUBSTITUTE(SUBSTITUTE(SUBSTITUTE(M89," ",""),"0",""),"-",""))+LEN(SUBSTITUTE(SUBSTITUTE(SUBSTITUTE(N89," ",""),"0",""),"-","")))*1),0)+IF(OR(COUNTA(J91,K91,M91,N91)>0,OR(L91="X",L91="x")),IF(OR(L91="X",L91="x",AND(OR(COUNTA(J91,K91,M91,N91)>0,OR(L91="X",L91="x")),(LEN(SUBSTITUTE(SUBSTITUTE(SUBSTITUTE(J91," ",""),"0",""),"-",""))+LEN(SUBSTITUTE(SUBSTITUTE(SUBSTITUTE(K91," ",""),"0",""),"-","")))=(LEN(SUBSTITUTE(SUBSTITUTE(SUBSTITUTE(M91," ",""),"0",""),"-",""))+LEN(SUBSTITUTE(SUBSTITUTE(SUBSTITUTE(N91," ",""),"0",""),"-",""))))),0,(LEN(SUBSTITUTE(SUBSTITUTE(SUBSTITUTE(M91," ",""),"0",""),"-",""))+LEN(SUBSTITUTE(SUBSTITUTE(SUBSTITUTE(N91," ",""),"0",""),"-",""))>LEN(SUBSTITUTE(SUBSTITUTE(SUBSTITUTE(J91," ",""),"0",""),"-",""))+LEN(SUBSTITUTE(SUBSTITUTE(SUBSTITUTE(K91," ",""),"0",""),"-","")))*1),0) | K95: =IF(OR(COUNTA(J89,K89,M89,N89)>0,OR(L89="X",L89="x")),IF(OR(L89="X",L89="x",AND(OR(COUNTA(J89,K89,M89,N89)>0,OR(L89="X",L89="x")),(LEN(SUBSTITUTE(SUBSTITUTE(SUBSTITUTE(J89," ",""),"0",""),"-",""))+LEN(SUBSTITUTE(SUBSTITUTE(SUBSTITUTE(K89," ",""),"0",""),"-","")))=(LEN(SUBSTITUTE(SUBSTITUTE(SUBSTITUTE(M89," ",""),"0",""),"-",""))+LEN(SUBSTITUTE(SUBSTITUTE(SUBSTITUTE(N89," ",""),"0",""),"-",""))))),0,(LEN(SUBSTITUTE(SUBSTITUTE(SUBSTITUTE(J89," ",""),"0",""),"-",""))+LEN(SUBSTITUTE(SUBSTITUTE(SUBSTITUTE(K89," ",""),"0",""),"-",""))<LEN(SUBSTITUTE(SUBSTITUTE(SUBSTITUTE(M89," ",""),"0",""),"-",""))+LEN(SUBSTITUTE(SUBSTITUTE(SUBSTITUTE(N89," ",""),"0",""),"-","")))*1),0)+IF(OR(COUNTA(J91,K91,M91,N91)>0,OR(L91="X",L91="x")),IF(OR(L91="X",L91="x",AND(OR(COUNTA(J91,K91,M91,N91)>0,OR(L91="X",L91="x")),(LEN(SUBSTITUTE(SUBSTITUTE(SUBSTITUTE(J91," ",""),"0",""),"-",""))+LEN(SUBSTITUTE(SUBSTITUTE(SUBSTITUTE(K91," ",""),"0",""),"-","")))=(LEN(SUBSTITUTE(SUBSTITUTE(SUBSTITUTE(M91," ",""),"0",""),"-",""))+LEN(SUBSTITUTE(SUBSTITUTE(SUBSTITUTE(N91," ",""),"0",""),"-",""))))),0,(LEN(SUBSTITUTE(SUBSTITUTE(SUBSTITUTE(M91," ",""),"0",""),"-",""))+LEN(SUBSTITUTE(SUBSTITUTE(SUBSTITUTE(N91," ",""),"0",""),"-",""))<LEN(SUBSTITUTE(SUBSTITUTE(SUBSTITUTE(J91," ",""),"0",""),"-",""))+LEN(SUBSTITUTE(SUBSTITUTE(SUBSTITUTE(K91," ",""),"0",""),"-","")))*1),0) | L95: =IF(OR(COUNTA(J89,K89,M89,N89)>0,OR(L89="X",L89="x")),IF(OR(L89="X",L89="x",AND(OR(COUNTA(J89,K89,M89,N89)>0,OR(L89="X",L89="x")),(LEN(SUBSTITUTE(SUBSTITUTE(SUBSTITUTE(J89," ",""),"0",""),"-",""))+LEN(SUBSTITUTE(SUBSTITUTE(SUBSTITUTE(K89," ",""),"0",""),"-","")))=(LEN(SUBSTITUTE(SUBSTITUTE(SUBSTITUTE(M89," ",""),"0",""),"-",""))+LEN(SUBSTITUTE(SUBSTITUTE(SUBSTITUTE(N89," ",""),"0",""),"-",""))))),1,0),0)+IF(OR(COUNTA(J91,K91,M91,N91)>0,OR(L91="X",L91="x")),IF(OR(L91="X",L91="x",AND(OR(COUNTA(J91,K91,M91,N91)>0,OR(L91="X",L91="x")),(LEN(SUBSTITUTE(SUBSTITUTE(SUBSTITUTE(J91," ",""),"0",""),"-",""))+LEN(SUBSTITUTE(SUBSTITUTE(SUBSTITUTE(K91," ",""),"0",""),"-","")))=(LEN(SUBSTITUTE(SUBSTITUTE(SUBSTITUTE(M91," ",""),"0",""),"-",""))+LEN(SUBSTITUTE(SUBSTITUTE(SUBSTITUTE(N91," ",""),"0",""),"-",""))))),1,0),0) | M95: =LEN(SUBSTITUTE(SUBSTITUTE(SUBSTITUTE(J89," ",""),"0",""),"-",""))+LEN(SUBSTITUTE(SUBSTITUTE(SUBSTITUTE(K89," ",""),"0",""),"-",""))+LEN(SUBSTITUTE(SUBSTITUTE(SUBSTITUTE(M91," ",""),"0",""),"-",""))+LEN(SUBSTITUTE(SUBSTITUTE(SUBSTITUTE(N91," ",""),"0",""),"-","")) | N95: =LEN(SUBSTITUTE(SUBSTITUTE(SUBSTITUTE(M89," ",""),"0",""),"-",""))+LEN(SUBSTITUTE(SUBSTITUTE(SUBSTITUTE(N89," ",""),"0",""),"-",""))+LEN(SUBSTITUTE(SUBSTITUTE(SUBSTITUTE(J91," ",""),"0",""),"-",""))+LEN(SUBSTITUTE(SUBSTITUTE(SUBSTITUTE(K91," ",""),"0",""),"-","")) | O95: =RANK(AC95,$AC$94:$AC$96)+COUNTIF($AC$93:AC94,AC95) | U95: =(B95*1000000)-(C95*10000)+(D95*100)+(E95*1)-(F95*0.01) | AC95: =(J95*1000000)-(K95*10000)+(L95*100)+(M95*1)-(N95*0.01)
A96: =data!$E$20&" "&data!$B$20 | B96: =IF(OR(COUNTA(B90,C90,E90,F90)>0,OR(D90="X",D90="x")),IF(OR(D90="X",D90="x",AND(OR(COUNTA(B90,C90,E90,F90)>0,OR(D90="X",D90="x")),(LEN(SUBSTITUTE(SUBSTITUTE(SUBSTITUTE(B90," ",""),"0",""),"-",""))+LEN(SUBSTITUTE(SUBSTITUTE(SUBSTITUTE(C90," ",""),"0",""),"-","")))=(LEN(SUBSTITUTE(SUBSTITUTE(SUBSTITUTE(E90," ",""),"0",""),"-",""))+LEN(SUBSTITUTE(SUBSTITUTE(SUBSTITUTE(F90," ",""),"0",""),"-",""))))),0,(LEN(SUBSTITUTE(SUBSTITUTE(SUBSTITUTE(B90," ",""),"0",""),"-",""))+LEN(SUBSTITUTE(SUBSTITUTE(SUBSTITUTE(C90," ",""),"0",""),"-",""))>LEN(SUBSTITUTE(SUBSTITUTE(SUBSTITUTE(E90," ",""),"0",""),"-",""))+LEN(SUBSTITUTE(SUBSTITUTE(SUBSTITUTE(F90," ",""),"0",""),"-","")))*1),0)+IF(OR(COUNTA(B91,C91,E91,F91)>0,OR(D91="X",D91="x")),IF(OR(D91="X",D91="x",AND(OR(COUNTA(B91,C91,E91,F91)>0,OR(D91="X",D91="x")),(LEN(SUBSTITUTE(SUBSTITUTE(SUBSTITUTE(B91," ",""),"0",""),"-",""))+LEN(SUBSTITUTE(SUBSTITUTE(SUBSTITUTE(C91," ",""),"0",""),"-","")))=(LEN(SUBSTITUTE(SUBSTITUTE(SUBSTITUTE(E91," ",""),"0",""),"-",""))+LEN(SUBSTITUTE(SUBSTITUTE(SUBSTITUTE(F91," ",""),"0",""),"-",""))))),0,(LEN(SUBSTITUTE(SUBSTITUTE(SUBSTITUTE(B91," ",""),"0",""),"-",""))+LEN(SUBSTITUTE(SUBSTITUTE(SUBSTITUTE(C91," ",""),"0",""),"-",""))>LEN(SUBSTITUTE(SUBSTITUTE(SUBSTITUTE(E91," ",""),"0",""),"-",""))+LEN(SUBSTITUTE(SUBSTITUTE(SUBSTITUTE(F91," ",""),"0",""),"-","")))*1),0) | C96: =IF(OR(COUNTA(B90,C90,E90,F90)>0,OR(D90="X",D90="x")),IF(OR(D90="X",D90="x",AND(OR(COUNTA(B90,C90,E90,F90)>0,OR(D90="X",D90="x")),(LEN(SUBSTITUTE(SUBSTITUTE(SUBSTITUTE(B90," ",""),"0",""),"-",""))+LEN(SUBSTITUTE(SUBSTITUTE(SUBSTITUTE(C90," ",""),"0",""),"-","")))=(LEN(SUBSTITUTE(SUBSTITUTE(SUBSTITUTE(E90," ",""),"0",""),"-",""))+LEN(SUBSTITUTE(SUBSTITUTE(SUBSTITUTE(F90," ",""),"0",""),"-",""))))),0,(LEN(SUBSTITUTE(SUBSTITUTE(SUBSTITUTE(B90," ",""),"0",""),"-",""))+LEN(SUBSTITUTE(SUBSTITUTE(SUBSTITUTE(C90," ",""),"0",""),"-",""))<LEN(SUBSTITUTE(SUBSTITUTE(SUBSTITUTE(E90," ",""),"0",""),"-",""))+LEN(SUBSTITUTE(SUBSTITUTE(SUBSTITUTE(F90," ",""),"0",""),"-","")))*1),0)+IF(OR(COUNTA(B91,C91,E91,F91)>0,OR(D91="X",D91="x")),IF(OR(D91="X",D91="x",AND(OR(COUNTA(B91,C91,E91,F91)>0,OR(D91="X",D91="x")),(LEN(SUBSTITUTE(SUBSTITUTE(SUBSTITUTE(B91," ",""),"0",""),"-",""))+LEN(SUBSTITUTE(SUBSTITUTE(SUBSTITUTE(C91," ",""),"0",""),"-","")))=(LEN(SUBSTITUTE(SUBSTITUTE(SUBSTITUTE(E91," ",""),"0",""),"-",""))+LEN(SUBSTITUTE(SUBSTITUTE(SUBSTITUTE(F91," ",""),"0",""),"-",""))))),0,(LEN(SUBSTITUTE(SUBSTITUTE(SUBSTITUTE(B91," ",""),"0",""),"-",""))+LEN(SUBSTITUTE(SUBSTITUTE(SUBSTITUTE(C91," ",""),"0",""),"-",""))<LEN(SUBSTITUTE(SUBSTITUTE(SUBSTITUTE(E91," ",""),"0",""),"-",""))+LEN(SUBSTITUTE(SUBSTITUTE(SUBSTITUTE(F91," ",""),"0",""),"-","")))*1),0) | D96: =IF(OR(COUNTA(B90,C90,E90,F90)>0,OR(D90="X",D90="x")),IF(OR(D90="X",D90="x",AND(OR(COUNTA(B90,C90,E90,F90)>0,OR(D90="X",D90="x")),(LEN(SUBSTITUTE(SUBSTITUTE(SUBSTITUTE(B90," ",""),"0",""),"-",""))+LEN(SUBSTITUTE(SUBSTITUTE(SUBSTITUTE(C90," ",""),"0",""),"-","")))=(LEN(SUBSTITUTE(SUBSTITUTE(SUBSTITUTE(E90," ",""),"0",""),"-",""))+LEN(SUBSTITUTE(SUBSTITUTE(SUBSTITUTE(F90," ",""),"0",""),"-",""))))),1,0),0)+IF(OR(COUNTA(B91,C91,E91,F91)>0,OR(D91="X",D91="x")),IF(OR(D91="X",D91="x",AND(OR(COUNTA(B91,C91,E91,F91)>0,OR(D91="X",D91="x")),(LEN(SUBSTITUTE(SUBSTITUTE(SUBSTITUTE(B91," ",""),"0",""),"-",""))+LEN(SUBSTITUTE(SUBSTITUTE(SUBSTITUTE(C91," ",""),"0",""),"-","")))=(LEN(SUBSTITUTE(SUBSTITUTE(SUBSTITUTE(E91," ",""),"0",""),"-",""))+LEN(SUBSTITUTE(SUBSTITUTE(SUBSTITUTE(F91," ",""),"0",""),"-",""))))),1,0),0) | E96: =LEN(SUBSTITUTE(SUBSTITUTE(SUBSTITUTE(B90," ",""),"0",""),"-",""))+LEN(SUBSTITUTE(SUBSTITUTE(SUBSTITUTE(C90," ",""),"0",""),"-",""))+LEN(SUBSTITUTE(SUBSTITUTE(SUBSTITUTE(B91," ",""),"0",""),"-",""))+LEN(SUBSTITUTE(SUBSTITUTE(SUBSTITUTE(C91," ",""),"0",""),"-","")) | F96: =LEN(SUBSTITUTE(SUBSTITUTE(SUBSTITUTE(E90," ",""),"0",""),"-",""))+LEN(SUBSTITUTE(SUBSTITUTE(SUBSTITUTE(F90," ",""),"0",""),"-",""))+LEN(SUBSTITUTE(SUBSTITUTE(SUBSTITUTE(E91," ",""),"0",""),"-",""))+LEN(SUBSTITUTE(SUBSTITUTE(SUBSTITUTE(F91," ",""),"0",""),"-","")) | G96: =RANK(U96,$U$94:$U$96)+COUNTIF($U$93:U95,U96) | I96: =data!$E$67&" "&data!$B$67 | J96: =IF(OR(COUNTA(J90,K90,M90,N90)>0,OR(L90="X",L90="x")),IF(OR(L90="X",L90="x",AND(OR(COUNTA(J90,K90,M90,N90)>0,OR(L90="X",L90="x")),(LEN(SUBSTITUTE(SUBSTITUTE(SUBSTITUTE(J90," ",""),"0",""),"-",""))+LEN(SUBSTITUTE(SUBSTITUTE(SUBSTITUTE(K90," ",""),"0",""),"-","")))=(LEN(SUBSTITUTE(SUBSTITUTE(SUBSTITUTE(M90," ",""),"0",""),"-",""))+LEN(SUBSTITUTE(SUBSTITUTE(SUBSTITUTE(N90," ",""),"0",""),"-",""))))),0,(LEN(SUBSTITUTE(SUBSTITUTE(SUBSTITUTE(J90," ",""),"0",""),"-",""))+LEN(SUBSTITUTE(SUBSTITUTE(SUBSTITUTE(K90," ",""),"0",""),"-",""))>LEN(SUBSTITUTE(SUBSTITUTE(SUBSTITUTE(M90," ",""),"0",""),"-",""))+LEN(SUBSTITUTE(SUBSTITUTE(SUBSTITUTE(N90," ",""),"0",""),"-","")))*1),0)+IF(OR(COUNTA(J91,K91,M91,N91)>0,OR(L91="X",L91="x")),IF(OR(L91="X",L91="x",AND(OR(COUNTA(J91,K91,M91,N91)>0,OR(L91="X",L91="x")),(LEN(SUBSTITUTE(SUBSTITUTE(SUBSTITUTE(J91," ",""),"0",""),"-",""))+LEN(SUBSTITUTE(SUBSTITUTE(SUBSTITUTE(K91," ",""),"0",""),"-","")))=(LEN(SUBSTITUTE(SUBSTITUTE(SUBSTITUTE(M91," ",""),"0",""),"-",""))+LEN(SUBSTITUTE(SUBSTITUTE(SUBSTITUTE(N91," ",""),"0",""),"-",""))))),0,(LEN(SUBSTITUTE(SUBSTITUTE(SUBSTITUTE(J91," ",""),"0",""),"-",""))+LEN(SUBSTITUTE(SUBSTITUTE(SUBSTITUTE(K91," ",""),"0",""),"-",""))>LEN(SUBSTITUTE(SUBSTITUTE(SUBSTITUTE(M91," ",""),"0",""),"-",""))+LEN(SUBSTITUTE(SUBSTITUTE(SUBSTITUTE(N91," ",""),"0",""),"-","")))*1),0) | K96: =IF(OR(COUNTA(J90,K90,M90,N90)>0,OR(L90="X",L90="x")),IF(OR(L90="X",L90="x",AND(OR(COUNTA(J90,K90,M90,N90)>0,OR(L90="X",L90="x")),(LEN(SUBSTITUTE(SUBSTITUTE(SUBSTITUTE(J90," ",""),"0",""),"-",""))+LEN(SUBSTITUTE(SUBSTITUTE(SUBSTITUTE(K90," ",""),"0",""),"-","")))=(LEN(SUBSTITUTE(SUBSTITUTE(SUBSTITUTE(M90," ",""),"0",""),"-",""))+LEN(SUBSTITUTE(SUBSTITUTE(SUBSTITUTE(N90," ",""),"0",""),"-",""))))),0,(LEN(SUBSTITUTE(SUBSTITUTE(SUBSTITUTE(J90," ",""),"0",""),"-",""))+LEN(SUBSTITUTE(SUBSTITUTE(SUBSTITUTE(K90," ",""),"0",""),"-",""))<LEN(SUBSTITUTE(SUBSTITUTE(SUBSTITUTE(M90," ",""),"0",""),"-",""))+LEN(SUBSTITUTE(SUBSTITUTE(SUBSTITUTE(N90," ",""),"0",""),"-","")))*1),0)+IF(OR(COUNTA(J91,K91,M91,N91)>0,OR(L91="X",L91="x")),IF(OR(L91="X",L91="x",AND(OR(COUNTA(J91,K91,M91,N91)>0,OR(L91="X",L91="x")),(LEN(SUBSTITUTE(SUBSTITUTE(SUBSTITUTE(J91," ",""),"0",""),"-",""))+LEN(SUBSTITUTE(SUBSTITUTE(SUBSTITUTE(K91," ",""),"0",""),"-","")))=(LEN(SUBSTITUTE(SUBSTITUTE(SUBSTITUTE(M91," ",""),"0",""),"-",""))+LEN(SUBSTITUTE(SUBSTITUTE(SUBSTITUTE(N91," ",""),"0",""),"-",""))))),0,(LEN(SUBSTITUTE(SUBSTITUTE(SUBSTITUTE(J91," ",""),"0",""),"-",""))+LEN(SUBSTITUTE(SUBSTITUTE(SUBSTITUTE(K91," ",""),"0",""),"-",""))<LEN(SUBSTITUTE(SUBSTITUTE(SUBSTITUTE(M91," ",""),"0",""),"-",""))+LEN(SUBSTITUTE(SUBSTITUTE(SUBSTITUTE(N91," ",""),"0",""),"-","")))*1),0) | L96: =IF(OR(COUNTA(J90,K90,M90,N90)>0,OR(L90="X",L90="x")),IF(OR(L90="X",L90="x",AND(OR(COUNTA(J90,K90,M90,N90)>0,OR(L90="X",L90="x")),(LEN(SUBSTITUTE(SUBSTITUTE(SUBSTITUTE(J90," ",""),"0",""),"-",""))+LEN(SUBSTITUTE(SUBSTITUTE(SUBSTITUTE(K90," ",""),"0",""),"-","")))=(LEN(SUBSTITUTE(SUBSTITUTE(SUBSTITUTE(M90," ",""),"0",""),"-",""))+LEN(SUBSTITUTE(SUBSTITUTE(SUBSTITUTE(N90," ",""),"0",""),"-",""))))),1,0),0)+IF(OR(COUNTA(J91,K91,M91,N91)>0,OR(L91="X",L91="x")),IF(OR(L91="X",L91="x",AND(OR(COUNTA(J91,K91,M91,N91)>0,OR(L91="X",L91="x")),(LEN(SUBSTITUTE(SUBSTITUTE(SUBSTITUTE(J91," ",""),"0",""),"-",""))+LEN(SUBSTITUTE(SUBSTITUTE(SUBSTITUTE(K91," ",""),"0",""),"-","")))=(LEN(SUBSTITUTE(SUBSTITUTE(SUBSTITUTE(M91," ",""),"0",""),"-",""))+LEN(SUBSTITUTE(SUBSTITUTE(SUBSTITUTE(N91," ",""),"0",""),"-",""))))),1,0),0) | M96: =LEN(SUBSTITUTE(SUBSTITUTE(SUBSTITUTE(J90," ",""),"0",""),"-",""))+LEN(SUBSTITUTE(SUBSTITUTE(SUBSTITUTE(K90," ",""),"0",""),"-",""))+LEN(SUBSTITUTE(SUBSTITUTE(SUBSTITUTE(J91," ",""),"0",""),"-",""))+LEN(SUBSTITUTE(SUBSTITUTE(SUBSTITUTE(K91," ",""),"0",""),"-","")) | N96: =LEN(SUBSTITUTE(SUBSTITUTE(SUBSTITUTE(M90," ",""),"0",""),"-",""))+LEN(SUBSTITUTE(SUBSTITUTE(SUBSTITUTE(N90," ",""),"0",""),"-",""))+LEN(SUBSTITUTE(SUBSTITUTE(SUBSTITUTE(M91," ",""),"0",""),"-",""))+LEN(SUBSTITUTE(SUBSTITUTE(SUBSTITUTE(N91," ",""),"0",""),"-","")) | O96: =RANK(AC96,$AC$94:$AC$96)+COUNTIF($AC$93:AC95,AC96) | U96: =(B96*1000000)-(C96*10000)+(D96*100)+(E96*1)-(F96*0.01) | AC96: =(J96*1000000)-(K96*10000)+(L96*100)+(M96*1)-(N96*0.01)
G99: Ranking | O99: Ranking
F100: 1. | G100: =IFERROR(INDEX($A$94:$A$96, MATCH(1, $G$94:$G$96, 0)), "-") | N100: 1. | O100: =IFERROR(INDEX($I$94:$I$96, MATCH(1, $O$94:$O$96, 0)), "-")
F101: 2. | G101: =IFERROR(INDEX($A$94:$A$96, MATCH(2, $G$94:$G$96, 0)), "-") | N101: 2. | O101: =IFERROR(INDEX($I$94:$I$96, MATCH(2, $O$94:$O$96, 0)), "-")
F102: 3. | G102: =IFERROR(INDEX($A$94:$A$96, MATCH(3, $G$94:$G$96, 0)), "-") | N102: 3. | O102: =IFERROR(INDEX($I$94:$I$96, MATCH(3, $O$94:$O$96, 0)), "-")
A104: ='data'!$A$23 | I104: ='data'!$A$70
A105: White | D105: vs | G105: Red | I105: White | L105: vs | O105: Red
A106: =data!$E$22&" "&data!$B$22 | G106: =data!$E$21&" "&data!$B$21 | I106: =data!$E$69&" "&data!$B$69 | O106: =data!$E$68&" "&data!$B$68
A107: =data!$E$23&" "&data!$B$23 | G107: =data!$E$21&" "&data!$B$21 | I107: =data!$E$70&" "&data!$B$70 | O107: =data!$E$68&" "&data!$B$68
A108: =data!$E$23&" "&data!$B$23 | G108: =data!$E$22&" "&data!$B$22 | I108: =data!$E$70&" "&data!$B$70 | O108: =data!$E$69&" "&data!$B$69
A110: Results | B110: W | C110: L | D110: T | E110: PW | F110: PL | G110: Rank | I110: Results | J110: W | K110: L | L110: T | M110: PW | N110: PL | O110: Rank
A111: =data!$E$21&" "&data!$B$21 | B111: =IF(OR(COUNTA(B106,C106,E106,F106)>0,OR(D106="X",D106="x")),IF(OR(D106="X",D106="x",AND(OR(COUNTA(B106,C106,E106,F106)>0,OR(D106="X",D106="x")),(LEN(SUBSTITUTE(SUBSTITUTE(SUBSTITUTE(B106," ",""),"0",""),"-",""))+LEN(SUBSTITUTE(SUBSTITUTE(SUBSTITUTE(C106," ",""),"0",""),"-","")))=(LEN(SUBSTITUTE(SUBSTITUTE(SUBSTITUTE(E106," ",""),"0",""),"-",""))+LEN(SUBSTITUTE(SUBSTITUTE(SUBSTITUTE(F106," ",""),"0",""),"-",""))))),0,(LEN(SUBSTITUTE(SUBSTITUTE(SUBSTITUTE(E106," ",""),"0",""),"-",""))+LEN(SUBSTITUTE(SUBSTITUTE(SUBSTITUTE(F106," ",""),"0",""),"-",""))>LEN(SUBSTITUTE(SUBSTITUTE(SUBSTITUTE(B106," ",""),"0",""),"-",""))+LEN(SUBSTITUTE(SUBSTITUTE(SUBSTITUTE(C106," ",""),"0",""),"-","")))*1),0)+IF(OR(COUNTA(B107,C107,E107,F107)>0,OR(D107="X",D107="x")),IF(OR(D107="X",D107="x",AND(OR(COUNTA(B107,C107,E107,F107)>0,OR(D107="X",D107="x")),(LEN(SUBSTITUTE(SUBSTITUTE(SUBSTITUTE(B107," ",""),"0",""),"-",""))+LEN(SUBSTITUTE(SUBSTITUTE(SUBSTITUTE(C107," ",""),"0",""),"-","")))=(LEN(SUBSTITUTE(SUBSTITUTE(SUBSTITUTE(E107," ",""),"0",""),"-",""))+LEN(SUBSTITUTE(SUBSTITUTE(SUBSTITUTE(F107," ",""),"0",""),"-",""))))),0,(LEN(SUBSTITUTE(SUBSTITUTE(SUBSTITUTE(E107," ",""),"0",""),"-",""))+LEN(SUBSTITUTE(SUBSTITUTE(SUBSTITUTE(F107," ",""),"0",""),"-",""))>LEN(SUBSTITUTE(SUBSTITUTE(SUBSTITUTE(B107," ",""),"0",""),"-",""))+LEN(SUBSTITUTE(SUBSTITUTE(SUBSTITUTE(C107," ",""),"0",""),"-","")))*1),0) | C111: =IF(OR(COUNTA(B106,C106,E106,F106)>0,OR(D106="X",D106="x")),IF(OR(D106="X",D106="x",AND(OR(COUNTA(B106,C106,E106,F106)>0,OR(D106="X",D106="x")),(LEN(SUBSTITUTE(SUBSTITUTE(SUBSTITUTE(B106," ",""),"0",""),"-",""))+LEN(SUBSTITUTE(SUBSTITUTE(SUBSTITUTE(C106," ",""),"0",""),"-","")))=(LEN(SUBSTITUTE(SUBSTITUTE(SUBSTITUTE(E106," ",""),"0",""),"-",""))+LEN(SUBSTITUTE(SUBSTITUTE(SUBSTITUTE(F106," ",""),"0",""),"-",""))))),0,(LEN(SUBSTITUTE(SUBSTITUTE(SUBSTITUTE(E106," ",""),"0",""),"-",""))+LEN(SUBSTITUTE(SUBSTITUTE(SUBSTITUTE(F106," ",""),"0",""),"-",""))<LEN(SUBSTITUTE(SUBSTITUTE(SUBSTITUTE(B106," ",""),"0",""),"-",""))+LEN(SUBSTITUTE(SUBSTITUTE(SUBSTITUTE(C106," ",""),"0",""),"-","")))*1),0)+IF(OR(COUNTA(B107,C107,E107,F107)>0,OR(D107="X",D107="x")),IF(OR(D107="X",D107="x",AND(OR(COUNTA(B107,C107,E107,F107)>0,OR(D107="X",D107="x")),(LEN(SUBSTITUTE(SUBSTITUTE(SUBSTITUTE(B107," ",""),"0",""),"-",""))+LEN(SUBSTITUTE(SUBSTITUTE(SUBSTITUTE(C107," ",""),"0",""),"-","")))=(LEN(SUBSTITUTE(SUBSTITUTE(SUBSTITUTE(E107," ",""),"0",""),"-",""))+LEN(SUBSTITUTE(SUBSTITUTE(SUBSTITUTE(F107," ",""),"0",""),"-",""))))),0,(LEN(SUBSTITUTE(SUBSTITUTE(SUBSTITUTE(E107," ",""),"0",""),"-",""))+LEN(SUBSTITUTE(SUBSTITUTE(SUBSTITUTE(F107," ",""),"0",""),"-",""))<LEN(SUBSTITUTE(SUBSTITUTE(SUBSTITUTE(B107," ",""),"0",""),"-",""))+LEN(SUBSTITUTE(SUBSTITUTE(SUBSTITUTE(C107," ",""),"0",""),"-","")))*1),0) | D111: =IF(OR(COUNTA(B106,C106,E106,F106)>0,OR(D106="X",D106="x")),IF(OR(D106="X",D106="x",AND(OR(COUNTA(B106,C106,E106,F106)>0,OR(D106="X",D106="x")),(LEN(SUBSTITUTE(SUBSTITUTE(SUBSTITUTE(B106," ",""),"0",""),"-",""))+LEN(SUBSTITUTE(SUBSTITUTE(SUBSTITUTE(C106," ",""),"0",""),"-","")))=(LEN(SUBSTITUTE(SUBSTITUTE(SUBSTITUTE(E106," ",""),"0",""),"-",""))+LEN(SUBSTITUTE(SUBSTITUTE(SUBSTITUTE(F106," ",""),"0",""),"-",""))))),1,0),0)+IF(OR(COUNTA(B107,C107,E107,F107)>0,OR(D107="X",D107="x")),IF(OR(D107="X",D107="x",AND(OR(COUNTA(B107,C107,E107,F107)>0,OR(D107="X",D107="x")),(LEN(SUBSTITUTE(SUBSTITUTE(SUBSTITUTE(B107," ",""),"0",""),"-",""))+LEN(SUBSTITUTE(SUBSTITUTE(SUBSTITUTE(C107," ",""),"0",""),"-","")))=(LEN(SUBSTITUTE(SUBSTITUTE(SUBSTITUTE(E107," ",""),"0",""),"-",""))+LEN(SUBSTITUTE(SUBSTITUTE(SUBSTITUTE(F107," ",""),"0",""),"-",""))))),1,0),0) | E111: =LEN(SUBSTITUTE(SUBSTITUTE(SUBSTITUTE(E106," ",""),"0",""),"-",""))+LEN(SUBSTITUTE(SUBSTITUTE(SUBSTITUTE(F106," ",""),"0",""),"-",""))+LEN(SUBSTITUTE(SUBSTITUTE(SUBSTITUTE(E107," ",""),"0",""),"-",""))+LEN(SUBSTITUTE(SUBSTITUTE(SUBSTITUTE(F107," ",""),"0",""),"-","")) | F111: =LEN(SUBSTITUTE(SUBSTITUTE(SUBSTITUTE(B106," ",""),"0",""),"-",""))+LEN(SUBSTITUTE(SUBSTITUTE(SUBSTITUTE(C106," ",""),"0",""),"-",""))+LEN(SUBSTITUTE(SUBSTITUTE(SUBSTITUTE(B107," ",""),"0",""),"-",""))+LEN(SUBSTITUTE(SUBSTITUTE(SUBSTITUTE(C107," ",""),"0",""),"-","")) | G111: =RANK(U111,$U$111:$U$113)+COUNTIF($U$110:U110,U111) | I111: =data!$E$68&" "&data!$B$68 | J111: =IF(OR(COUNTA(J106,K106,M106,N106)>0,OR(L106="X",L106="x")),IF(OR(L106="X",L106="x",AND(OR(COUNTA(J106,K106,M106,N106)>0,OR(L106="X",L106="x")),(LEN(SUBSTITUTE(SUBSTITUTE(SUBSTITUTE(J106," ",""),"0",""),"-",""))+LEN(SUBSTITUTE(SUBSTITUTE(SUBSTITUTE(K106," ",""),"0",""),"-","")))=(LEN(SUBSTITUTE(SUBSTITUTE(SUBSTITUTE(M106," ",""),"0",""),"-",""))+LEN(SUBSTITUTE(SUBSTITUTE(SUBSTITUTE(N106," ",""),"0",""),"-",""))))),0,(LEN(SUBSTITUTE(SUBSTITUTE(SUBSTITUTE(M106," ",""),"0",""),"-",""))+LEN(SUBSTITUTE(SUBSTITUTE(SUBSTITUTE(N106," ",""),"0",""),"-",""))>LEN(SUBSTITUTE(SUBSTITUTE(SUBSTITUTE(J106," ",""),"0",""),"-",""))+LEN(SUBSTITUTE(SUBSTITUTE(SUBSTITUTE(K106," ",""),"0",""),"-","")))*1),0)+IF(OR(COUNTA(J107,K107,M107,N107)>0,OR(L107="X",L107="x")),IF(OR(L107="X",L107="x",AND(OR(COUNTA(J107,K107,M107,N107)>0,OR(L107="X",L107="x")),(LEN(SUBSTITUTE(SUBSTITUTE(SUBSTITUTE(J107," ",""),"0",""),"-",""))+LEN(SUBSTITUTE(SUBSTITUTE(SUBSTITUTE(K107," ",""),"0",""),"-","")))=(LEN(SUBSTITUTE(SUBSTITUTE(SUBSTITUTE(M107," ",""),"0",""),"-",""))+LEN(SUBSTITUTE(SUBSTITUTE(SUBSTITUTE(N107," ",""),"0",""),"-",""))))),0,(LEN(SUBSTITUTE(SUBSTITUTE(SUBSTITUTE(M107," ",""),"0",""),"-",""))+LEN(SUBSTITUTE(SUBSTITUTE(SUBSTITUTE(N107," ",""),"0",""),"-",""))>LEN(SUBSTITUTE(SUBSTITUTE(SUBSTITUTE(J107," ",""),"0",""),"-",""))+LEN(SUBSTITUTE(SUBSTITUTE(SUBSTITUTE(K107," ",""),"0",""),"-","")))*1),0) | K111: =IF(OR(COUNTA(J106,K106,M106,N106)>0,OR(L106="X",L106="x")),IF(OR(L106="X",L106="x",AND(OR(COUNTA(J106,K106,M106,N106)>0,OR(L106="X",L106="x")),(LEN(SUBSTITUTE(SUBSTITUTE(SUBSTITUTE(J106," ",""),"0",""),"-",""))+LEN(SUBSTITUTE(SUBSTITUTE(SUBSTITUTE(K106," ",""),"0",""),"-","")))=(LEN(SUBSTITUTE(SUBSTITUTE(SUBSTITUTE(M106," ",""),"0",""),"-",""))+LEN(SUBSTITUTE(SUBSTITUTE(SUBSTITUTE(N106," ",""),"0",""),"-",""))))),0,(LEN(SUBSTITUTE(SUBSTITUTE(SUBSTITUTE(M106," ",""),"0",""),"-",""))+LEN(SUBSTITUTE(SUBSTITUTE(SUBSTITUTE(N106," ",""),"0",""),"-",""))<LEN(SUBSTITUTE(SUBSTITUTE(SUBSTITUTE(J106," ",""),"0",""),"-",""))+LEN(SUBSTITUTE(SUBSTITUTE(SUBSTITUTE(K106," ",""),"0",""),"-","")))*1),0)+IF(OR(COUNTA(J107,K107,M107,N107)>0,OR(L107="X",L107="x")),IF(OR(L107="X",L107="x",AND(OR(COUNTA(J107,K107,M107,N107)>0,OR(L107="X",L107="x")),(LEN(SUBSTITUTE(SUBSTITUTE(SUBSTITUTE(J107," ",""),"0",""),"-",""))+LEN(SUBSTITUTE(SUBSTITUTE(SUBSTITUTE(K107," ",""),"0",""),"-","")))=(LEN(SUBSTITUTE(SUBSTITUTE(SUBSTITUTE(M107," ",""),"0",""),"-",""))+LEN(SUBSTITUTE(SUBSTITUTE(SUBSTITUTE(N107," ",""),"0",""),"-",""))))),0,(LEN(SUBSTITUTE(SUBSTITUTE(SUBSTITUTE(M107," ",""),"0",""),"-",""))+LEN(SUBSTITUTE(SUBSTITUTE(SUBSTITUTE(N107," ",""),"0",""),"-",""))<LEN(SUBSTITUTE(SUBSTITUTE(SUBSTITUTE(J107," ",""),"0",""),"-",""))+LEN(SUBSTITUTE(SUBSTITUTE(SUBSTITUTE(K107," ",""),"0",""),"-","")))*1),0) | L111: =IF(OR(COUNTA(J106,K106,M106,N106)>0,OR(L106="X",L106="x")),IF(OR(L106="X",L106="x",AND(OR(COUNTA(J106,K106,M106,N106)>0,OR(L106="X",L106="x")),(LEN(SUBSTITUTE(SUBSTITUTE(SUBSTITUTE(J106," ",""),"0",""),"-",""))+LEN(SUBSTITUTE(SUBSTITUTE(SUBSTITUTE(K106," ",""),"0",""),"-","")))=(LEN(SUBSTITUTE(SUBSTITUTE(SUBSTITUTE(M106," ",""),"0",""),"-",""))+LEN(SUBSTITUTE(SUBSTITUTE(SUBSTITUTE(N106," ",""),"0",""),"-",""))))),1,0),0)+IF(OR(COUNTA(J107,K107,M107,N107)>0,OR(L107="X",L107="x")),IF(OR(L107="X",L107="x",AND(OR(COUNTA(J107,K107,M107,N107)>0,OR(L107="X",L107="x")),(LEN(SUBSTITUTE(SUBSTITUTE(SUBSTITUTE(J107," ",""),"0",""),"-",""))+LEN(SUBSTITUTE(SUBSTITUTE(SUBSTITUTE(K107," ",""),"0",""),"-","")))=(LEN(SUBSTITUTE(SUBSTITUTE(SUBSTITUTE(M107," ",""),"0",""),"-",""))+LEN(SUBSTITUTE(SUBSTITUTE(SUBSTITUTE(N107," ",""),"0",""),"-",""))))),1,0),0) | M111: =LEN(SUBSTITUTE(SUBSTITUTE(SUBSTITUTE(M106," ",""),"0",""),"-",""))+LEN(SUBSTITUTE(SUBSTITUTE(SUBSTITUTE(N106," ",""),"0",""),"-",""))+LEN(SUBSTITUTE(SUBSTITUTE(SUBSTITUTE(M107," ",""),"0",""),"-",""))+LEN(SUBSTITUTE(SUBSTITUTE(SUBSTITUTE(N107," ",""),"0",""),"-","")) | N111: =LEN(SUBSTITUTE(SUBSTITUTE(SUBSTITUTE(J106," ",""),"0",""),"-",""))+LEN(SUBSTITUTE(SUBSTITUTE(SUBSTITUTE(K106," ",""),"0",""),"-",""))+LEN(SUBSTITUTE(SUBSTITUTE(SUBSTITUTE(J107," ",""),"0",""),"-",""))+LEN(SUBSTITUTE(SUBSTITUTE(SUBSTITUTE(K107," ",""),"0",""),"-","")) | O111: =RANK(AC111,$AC$111:$AC$113)+COUNTIF($AC$110:AC110,AC111) | U111: =(B111*1000000)-(C111*10000)+(D111*100)+(E111*1)-(F111*0.01) | AC111: =(J111*1000000)-(K111*10000)+(L111*100)+(M111*1)-(N111*0.01)
A112: =data!$E$22&" "&data!$B$22 | B112: =IF(OR(COUNTA(B106,C106,E106,F106)>0,OR(D106="X",D106="x")),IF(OR(D106="X",D106="x",AND(OR(COUNTA(B106,C106,E106,F106)>0,OR(D106="X",D106="x")),(LEN(SUBSTITUTE(SUBSTITUTE(SUBSTITUTE(B106," ",""),"0",""),"-",""))+LEN(SUBSTITUTE(SUBSTITUTE(SUBSTITUTE(C106," ",""),"0",""),"-","")))=(LEN(SUBSTITUTE(SUBSTITUTE(SUBSTITUTE(E106," ",""),"0",""),"-",""))+LEN(SUBSTITUTE(SUBSTITUTE(SUBSTITUTE(F106," ",""),"0",""),"-",""))))),0,(LEN(SUBSTITUTE(SUBSTITUTE(SUBSTITUTE(B106," ",""),"0",""),"-",""))+LEN(SUBSTITUTE(SUBSTITUTE(SUBSTITUTE(C106," ",""),"0",""),"-",""))>LEN(SUBSTITUTE(SUBSTITUTE(SUBSTITUTE(E106," ",""),"0",""),"-",""))+LEN(SUBSTITUTE(SUBSTITUTE(SUBSTITUTE(F106," ",""),"0",""),"-","")))*1),0)+IF(OR(COUNTA(B108,C108,E108,F108)>0,OR(D108="X",D108="x")),IF(OR(D108="X",D108="x",AND(OR(COUNTA(B108,C108,E108,F108)>0,OR(D108="X",D108="x")),(LEN(SUBSTITUTE(SUBSTITUTE(SUBSTITUTE(B108," ",""),"0",""),"-",""))+LEN(SUBSTITUTE(SUBSTITUTE(SUBSTITUTE(C108," ",""),"0",""),"-","")))=(LEN(SUBSTITUTE(SUBSTITUTE(SUBSTITUTE(E108," ",""),"0",""),"-",""))+LEN(SUBSTITUTE(SUBSTITUTE(SUBSTITUTE(F108," ",""),"0",""),"-",""))))),0,(LEN(SUBSTITUTE(SUBSTITUTE(SUBSTITUTE(E108," ",""),"0",""),"-",""))+LEN(SUBSTITUTE(SUBSTITUTE(SUBSTITUTE(F108," ",""),"0",""),"-",""))>LEN(SUBSTITUTE(SUBSTITUTE(SUBSTITUTE(B108," ",""),"0",""),"-",""))+LEN(SUBSTITUTE(SUBSTITUTE(SUBSTITUTE(C108," ",""),"0",""),"-","")))*1),0) | C112: =IF(OR(COUNTA(B106,C106,E106,F106)>0,OR(D106="X",D106="x")),IF(OR(D106="X",D106="x",AND(OR(COUNTA(B106,C106,E106,F106)>0,OR(D106="X",D106="x")),(LEN(SUBSTITUTE(SUBSTITUTE(SUBSTITUTE(B106," ",""),"0",""),"-",""))+LEN(SUBSTITUTE(SUBSTITUTE(SUBSTITUTE(C106," ",""),"0",""),"-","")))=(LEN(SUBSTITUTE(SUBSTITUTE(SUBSTITUTE(E106," ",""),"0",""),"-",""))+LEN(SUBSTITUTE(SUBSTITUTE(SUBSTITUTE(F106," ",""),"0",""),"-",""))))),0,(LEN(SUBSTITUTE(SUBSTITUTE(SUBSTITUTE(B106," ",""),"0",""),"-",""))+LEN(SUBSTITUTE(SUBSTITUTE(SUBSTITUTE(C106," ",""),"0",""),"-",""))<LEN(SUBSTITUTE(SUBSTITUTE(SUBSTITUTE(E106," ",""),"0",""),"-",""))+LEN(SUBSTITUTE(SUBSTITUTE(SUBSTITUTE(F106," ",""),"0",""),"-","")))*1),0)+IF(OR(COUNTA(B108,C108,E108,F108)>0,OR(D108="X",D108="x")),IF(OR(D108="X",D108="x",AND(OR(COUNTA(B108,C108,E108,F108)>0,OR(D108="X",D108="x")),(LEN(SUBSTITUTE(SUBSTITUTE(SUBSTITUTE(B108," ",""),"0",""),"-",""))+LEN(SUBSTITUTE(SUBSTITUTE(SUBSTITUTE(C108," ",""),"0",""),"-","")))=(LEN(SUBSTITUTE(SUBSTITUTE(SUBSTITUTE(E108," ",""),"0",""),"-",""))+LEN(SUBSTITUTE(SUBSTITUTE(SUBSTITUTE(F108," ",""),"0",""),"-",""))))),0,(LEN(SUBSTITUTE(SUBSTITUTE(SUBSTITUTE(E108," ",""),"0",""),"-",""))+LEN(SUBSTITUTE(SUBSTITUTE(SUBSTITUTE(F108," ",""),"0",""),"-",""))<LEN(SUBSTITUTE(SUBSTITUTE(SUBSTITUTE(B108," ",""),"0",""),"-",""))+LEN(SUBSTITUTE(SUBSTITUTE(SUBSTITUTE(C108," ",""),"0",""),"-","")))*1),0) | D112: =IF(OR(COUNTA(B106,C106,E106,F106)>0,OR(D106="X",D106="x")),IF(OR(D106="X",D106="x",AND(OR(COUNTA(B106,C106,E106,F106)>0,OR(D106="X",D106="x")),(LEN(SUBSTITUTE(SUBSTITUTE(SUBSTITUTE(B106," ",""),"0",""),"-",""))+LEN(SUBSTITUTE(SUBSTITUTE(SUBSTITUTE(C106," ",""),"0",""),"-","")))=(LEN(SUBSTITUTE(SUBSTITUTE(SUBSTITUTE(E106," ",""),"0",""),"-",""))+LEN(SUBSTITUTE(SUBSTITUTE(SUBSTITUTE(F106," ",""),"0",""),"-",""))))),1,0),0)+IF(OR(COUNTA(B108,C108,E108,F108)>0,OR(D108="X",D108="x")),IF(OR(D108="X",D108="x",AND(OR(COUNTA(B108,C108,E108,F108)>0,OR(D108="X",D108="x")),(LEN(SUBSTITUTE(SUBSTITUTE(SUBSTITUTE(B108," ",""),"0",""),"-",""))+LEN(SUBSTITUTE(SUBSTITUTE(SUBSTITUTE(C108," ",""),"0",""),"-","")))=(LEN(SUBSTITUTE(SUBSTITUTE(SUBSTITUTE(E108," ",""),"0",""),"-",""))+LEN(SUBSTITUTE(SUBSTITUTE(SUBSTITUTE(F108," ",""),"0",""),"-",""))))),1,0),0) | E112: =LEN(SUBSTITUTE(SUBSTITUTE(SUBSTITUTE(B106," ",""),"0",""),"-",""))+LEN(SUBSTITUTE(SUBSTITUTE(SUBSTITUTE(C106," ",""),"0",""),"-",""))+LEN(SUBSTITUTE(SUBSTITUTE(SUBSTITUTE(E108," ",""),"0",""),"-",""))+LEN(SUBSTITUTE(SUBSTITUTE(SUBSTITUTE(F108," ",""),"0",""),"-","")) | F112: =LEN(SUBSTITUTE(SUBSTITUTE(SUBSTITUTE(E106," ",""),"0",""),"-",""))+LEN(SUBSTITUTE(SUBSTITUTE(SUBSTITUTE(F106," ",""),"0",""),"-",""))+LEN(SUBSTITUTE(SUBSTITUTE(SUBSTITUTE(B108," ",""),"0",""),"-",""))+LEN(SUBSTITUTE(SUBSTITUTE(SUBSTITUTE(C108," ",""),"0",""),"-","")) | G112: =RANK(U112,$U$111:$U$113)+COUNTIF($U$110:U111,U112) | I112: =data!$E$69&" "&data!$B$69 | J112: =IF(OR(COUNTA(J106,K106,M106,N106)>0,OR(L106="X",L106="x")),IF(OR(L106="X",L106="x",AND(OR(COUNTA(J106,K106,M106,N106)>0,OR(L106="X",L106="x")),(LEN(SUBSTITUTE(SUBSTITUTE(SUBSTITUTE(J106," ",""),"0",""),"-",""))+LEN(SUBSTITUTE(SUBSTITUTE(SUBSTITUTE(K106," ",""),"0",""),"-","")))=(LEN(SUBSTITUTE(SUBSTITUTE(SUBSTITUTE(M106," ",""),"0",""),"-",""))+LEN(SUBSTITUTE(SUBSTITUTE(SUBSTITUTE(N106," ",""),"0",""),"-",""))))),0,(LEN(SUBSTITUTE(SUBSTITUTE(SUBSTITUTE(J106," ",""),"0",""),"-",""))+LEN(SUBSTITUTE(SUBSTITUTE(SUBSTITUTE(K106," ",""),"0",""),"-",""))>LEN(SUBSTITUTE(SUBSTITUTE(SUBSTITUTE(M106," ",""),"0",""),"-",""))+LEN(SUBSTITUTE(SUBSTITUTE(SUBSTITUTE(N106," ",""),"0",""),"-","")))*1),0)+IF(OR(COUNTA(J108,K108,M108,N108)>0,OR(L108="X",L108="x")),IF(OR(L108="X",L108="x",AND(OR(COUNTA(J108,K108,M108,N108)>0,OR(L108="X",L108="x")),(LEN(SUBSTITUTE(SUBSTITUTE(SUBSTITUTE(J108," ",""),"0",""),"-",""))+LEN(SUBSTITUTE(SUBSTITUTE(SUBSTITUTE(K108," ",""),"0",""),"-","")))=(LEN(SUBSTITUTE(SUBSTITUTE(SUBSTITUTE(M108," ",""),"0",""),"-",""))+LEN(SUBSTITUTE(SUBSTITUTE(SUBSTITUTE(N108," ",""),"0",""),"-",""))))),0,(LEN(SUBSTITUTE(SUBSTITUTE(SUBSTITUTE(M108," ",""),"0",""),"-",""))+LEN(SUBSTITUTE(SUBSTITUTE(SUBSTITUTE(N108," ",""),"0",""),"-",""))>LEN(SUBSTITUTE(SUBSTITUTE(SUBSTITUTE(J108," ",""),"0",""),"-",""))+LEN(SUBSTITUTE(SUBSTITUTE(SUBSTITUTE(K108," ",""),"0",""),"-","")))*1),0) | K112: =IF(OR(COUNTA(J106,K106,M106,N106)>0,OR(L106="X",L106="x")),IF(OR(L106="X",L106="x",AND(OR(COUNTA(J106,K106,M106,N106)>0,OR(L106="X",L106="x")),(LEN(SUBSTITUTE(SUBSTITUTE(SUBSTITUTE(J106," ",""),"0",""),"-",""))+LEN(SUBSTITUTE(SUBSTITUTE(SUBSTITUTE(K106," ",""),"0",""),"-","")))=(LEN(SUBSTITUTE(SUBSTITUTE(SUBSTITUTE(M106," ",""),"0",""),"-",""))+LEN(SUBSTITUTE(SUBSTITUTE(SUBSTITUTE(N106," ",""),"0",""),"-",""))))),0,(LEN(SUBSTITUTE(SUBSTITUTE(SUBSTITUTE(J106," ",""),"0",""),"-",""))+LEN(SUBSTITUTE(SUBSTITUTE(SUBSTITUTE(K106," ",""),"0",""),"-",""))<LEN(SUBSTITUTE(SUBSTITUTE(SUBSTITUTE(M106," ",""),"0",""),"-",""))+LEN(SUBSTITUTE(SUBSTITUTE(SUBSTITUTE(N106," ",""),"0",""),"-","")))*1),0)+IF(OR(COUNTA(J108,K108,M108,N108)>0,OR(L108="X",L108="x")),IF(OR(L108="X",L108="x",AND(OR(COUNTA(J108,K108,M108,N108)>0,OR(L108="X",L108="x")),(LEN(SUBSTITUTE(SUBSTITUTE(SUBSTITUTE(J108," ",""),"0",""),"-",""))+LEN(SUBSTITUTE(SUBSTITUTE(SUBSTITUTE(K108," ",""),"0",""),"-","")))=(LEN(SUBSTITUTE(SUBSTITUTE(SUBSTITUTE(M108," ",""),"0",""),"-",""))+LEN(SUBSTITUTE(SUBSTITUTE(SUBSTITUTE(N108," ",""),"0",""),"-",""))))),0,(LEN(SUBSTITUTE(SUBSTITUTE(SUBSTITUTE(M108," ",""),"0",""),"-",""))+LEN(SUBSTITUTE(SUBSTITUTE(SUBSTITUTE(N108," ",""),"0",""),"-",""))<LEN(SUBSTITUTE(SUBSTITUTE(SUBSTITUTE(J108," ",""),"0",""),"-",""))+LEN(SUBSTITUTE(SUBSTITUTE(SUBSTITUTE(K108," ",""),"0",""),"-","")))*1),0) | L112: =IF(OR(COUNTA(J106,K106,M106,N106)>0,OR(L106="X",L106="x")),IF(OR(L106="X",L106="x",AND(OR(COUNTA(J106,K106,M106,N106)>0,OR(L106="X",L106="x")),(LEN(SUBSTITUTE(SUBSTITUTE(SUBSTITUTE(J106," ",""),"0",""),"-",""))+LEN(SUBSTITUTE(SUBSTITUTE(SUBSTITUTE(K106," ",""),"0",""),"-","")))=(LEN(SUBSTITUTE(SUBSTITUTE(SUBSTITUTE(M106," ",""),"0",""),"-",""))+LEN(SUBSTITUTE(SUBSTITUTE(SUBSTITUTE(N106," ",""),"0",""),"-",""))))),1,0),0)+IF(OR(COUNTA(J108,K108,M108,N108)>0,OR(L108="X",L108="x")),IF(OR(L108="X",L108="x",AND(OR(COUNTA(J108,K108,M108,N108)>0,OR(L108="X",L108="x")),(LEN(SUBSTITUTE(SUBSTITUTE(SUBSTITUTE(J108," ",""),"0",""),"-",""))+LEN(SUBSTITUTE(SUBSTITUTE(SUBSTITUTE(K108," ",""),"0",""),"-","")))=(LEN(SUBSTITUTE(SUBSTITUTE(SUBSTITUTE(M108," ",""),"0",""),"-",""))+LEN(SUBSTITUTE(SUBSTITUTE(SUBSTITUTE(N108," ",""),"0",""),"-",""))))),1,0),0) | M112: =LEN(SUBSTITUTE(SUBSTITUTE(SUBSTITUTE(J106," ",""),"0",""),"-",""))+LEN(SUBSTITUTE(SUBSTITUTE(SUBSTITUTE(K106," ",""),"0",""),"-",""))+LEN(SUBSTITUTE(SUBSTITUTE(SUBSTITUTE(M108," ",""),"0",""),"-",""))+LEN(SUBSTITUTE(SUBSTITUTE(SUBSTITUTE(N108," ",""),"0",""),"-","")) | N112: =LEN(SUBSTITUTE(SUBSTITUTE(SUBSTITUTE(M106," ",""),"0",""),"-",""))+LEN(SUBSTITUTE(SUBSTITUTE(SUBSTITUTE(N106," ",""),"0",""),"-",""))+LEN(SUBSTITUTE(SUBSTITUTE(SUBSTITUTE(J108," ",""),"0",""),"-",""))+LEN(SUBSTITUTE(SUBSTITUTE(SUBSTITUTE(K108," ",""),"0",""),"-","")) | O112: =RANK(AC112,$AC$111:$AC$113)+COUNTIF($AC$110:AC111,AC112) | U112: =(B112*1000000)-(C112*10000)+(D112*100)+(E112*1)-(F112*0.01) | AC112: =(J112*1000000)-(K112*10000)+(L112*100)+(M112*1)-(N112*0.01)
A113: =data!$E$23&" "&data!$B$23 | B113: =IF(OR(COUNTA(B107,C107,E107,F107)>0,OR(D107="X",D107="x")),IF(OR(D107="X",D107="x",AND(OR(COUNTA(B107,C107,E107,F107)>0,OR(D107="X",D107="x")),(LEN(SUBSTITUTE(SUBSTITUTE(SUBSTITUTE(B107," ",""),"0",""),"-",""))+LEN(SUBSTITUTE(SUBSTITUTE(SUBSTITUTE(C107," ",""),"0",""),"-","")))=(LEN(SUBSTITUTE(SUBSTITUTE(SUBSTITUTE(E107," ",""),"0",""),"-",""))+LEN(SUBSTITUTE(SUBSTITUTE(SUBSTITUTE(F107," ",""),"0",""),"-",""))))),0,(LEN(SUBSTITUTE(SUBSTITUTE(SUBSTITUTE(B107," ",""),"0",""),"-",""))+LEN(SUBSTITUTE(SUBSTITUTE(SUBSTITUTE(C107," ",""),"0",""),"-",""))>LEN(SUBSTITUTE(SUBSTITUTE(SUBSTITUTE(E107," ",""),"0",""),"-",""))+LEN(SUBSTITUTE(SUBSTITUTE(SUBSTITUTE(F107," ",""),"0",""),"-","")))*1),0)+IF(OR(COUNTA(B108,C108,E108,F108)>0,OR(D108="X",D108="x")),IF(OR(D108="X",D108="x",AND(OR(COUNTA(B108,C108,E108,F108)>0,OR(D108="X",D108="x")),(LEN(SUBSTITUTE(SUBSTITUTE(SUBSTITUTE(B108," ",""),"0",""),"-",""))+LEN(SUBSTITUTE(SUBSTITUTE(SUBSTITUTE(C108," ",""),"0",""),"-","")))=(LEN(SUBSTITUTE(SUBSTITUTE(SUBSTITUTE(E108," ",""),"0",""),"-",""))+LEN(SUBSTITUTE(SUBSTITUTE(SUBSTITUTE(F108," ",""),"0",""),"-",""))))),0,(LEN(SUBSTITUTE(SUBSTITUTE(SUBSTITUTE(B108," ",""),"0",""),"-",""))+LEN(SUBSTITUTE(SUBSTITUTE(SUBSTITUTE(C108," ",""),"0",""),"-",""))>LEN(SUBSTITUTE(SUBSTITUTE(SUBSTITUTE(E108," ",""),"0",""),"-",""))+LEN(SUBSTITUTE(SUBSTITUTE(SUBSTITUTE(F108," ",""),"0",""),"-","")))*1),0) | C113: =IF(OR(COUNTA(B107,C107,E107,F107)>0,OR(D107="X",D107="x")),IF(OR(D107="X",D107="x",AND(OR(COUNTA(B107,C107,E107,F107)>0,OR(D107="X",D107="x")),(LEN(SUBSTITUTE(SUBSTITUTE(SUBSTITUTE(B107," ",""),"0",""),"-",""))+LEN(SUBSTITUTE(SUBSTITUTE(SUBSTITUTE(C107," ",""),"0",""),"-","")))=(LEN(SUBSTITUTE(SUBSTITUTE(SUBSTITUTE(E107," ",""),"0",""),"-",""))+LEN(SUBSTITUTE(SUBSTITUTE(SUBSTITUTE(F107," ",""),"0",""),"-",""))))),0,(LEN(SUBSTITUTE(SUBSTITUTE(SUBSTITUTE(B107," ",""),"0",""),"-",""))+LEN(SUBSTITUTE(SUBSTITUTE(SUBSTITUTE(C107," ",""),"0",""),"-",""))<LEN(SUBSTITUTE(SUBSTITUTE(SUBSTITUTE(E107," ",""),"0",""),"-",""))+LEN(SUBSTITUTE(SUBSTITUTE(SUBSTITUTE(F107," ",""),"0",""),"-","")))*1),0)+IF(OR(COUNTA(B108,C108,E108,F108)>0,OR(D108="X",D108="x")),IF(OR(D108="X",D108="x",AND(OR(COUNTA(B108,C108,E108,F108)>0,OR(D108="X",D108="x")),(LEN(SUBSTITUTE(SUBSTITUTE(SUBSTITUTE(B108," ",""),"0",""),"-",""))+LEN(SUBSTITUTE(SUBSTITUTE(SUBSTITUTE(C108," ",""),"0",""),"-","")))=(LEN(SUBSTITUTE(SUBSTITUTE(SUBSTITUTE(E108," ",""),"0",""),"-",""))+LEN(SUBSTITUTE(SUBSTITUTE(SUBSTITUTE(F108," ",""),"0",""),"-",""))))),0,(LEN(SUBSTITUTE(SUBSTITUTE(SUBSTITUTE(B108," ",""),"0",""),"-",""))+LEN(SUBSTITUTE(SUBSTITUTE(SUBSTITUTE(C108," ",""),"0",""),"-",""))<LEN(SUBSTITUTE(SUBSTITUTE(SUBSTITUTE(E108," ",""),"0",""),"-",""))+LEN(SUBSTITUTE(SUBSTITUTE(SUBSTITUTE(F108," ",""),"0",""),"-","")))*1),0) | D113: =IF(OR(COUNTA(B107,C107,E107,F107)>0,OR(D107="X",D107="x")),IF(OR(D107="X",D107="x",AND(OR(COUNTA(B107,C107,E107,F107)>0,OR(D107="X",D107="x")),(LEN(SUBSTITUTE(SUBSTITUTE(SUBSTITUTE(B107," ",""),"0",""),"-",""))+LEN(SUBSTITUTE(SUBSTITUTE(SUBSTITUTE(C107," ",""),"0",""),"-","")))=(LEN(SUBSTITUTE(SUBSTITUTE(SUBSTITUTE(E107," ",""),"0",""),"-",""))+LEN(SUBSTITUTE(SUBSTITUTE(SUBSTITUTE(F107," ",""),"0",""),"-",""))))),1,0),0)+IF(OR(COUNTA(B108,C108,E108,F108)>0,OR(D108="X",D108="x")),IF(OR(D108="X",D108="x",AND(OR(COUNTA(B108,C108,E108,F108)>0,OR(D108="X",D108="x")),(LEN(SUBSTITUTE(SUBSTITUTE(SUBSTITUTE(B108," ",""),"0",""),"-",""))+LEN(SUBSTITUTE(SUBSTITUTE(SUBSTITUTE(C108," ",""),"0",""),"-","")))=(LEN(SUBSTITUTE(SUBSTITUTE(SUBSTITUTE(E108," ",""),"0",""),"-",""))+LEN(SUBSTITUTE(SUBSTITUTE(SUBSTITUTE(F108," ",""),"0",""),"-",""))))),1,0),0) | E113: =LEN(SUBSTITUTE(SUBSTITUTE(SUBSTITUTE(B107," ",""),"0",""),"-",""))+LEN(SUBSTITUTE(SUBSTITUTE(SUBSTITUTE(C107," ",""),"0",""),"-",""))+LEN(SUBSTITUTE(SUBSTITUTE(SUBSTITUTE(B108," ",""),"0",""),"-",""))+LEN(SUBSTITUTE(SUBSTITUTE(SUBSTITUTE(C108," ",""),"0",""),"-","")) | F113: =LEN(SUBSTITUTE(SUBSTITUTE(SUBSTITUTE(E107," ",""),"0",""),"-",""))+LEN(SUBSTITUTE(SUBSTITUTE(SUBSTITUTE(F107," ",""),"0",""),"-",""))+LEN(SUBSTITUTE(SUBSTITUTE(SUBSTITUTE(E108," ",""),"0",""),"-",""))+LEN(SUBSTITUTE(SUBSTITUTE(SUBSTITUTE(F108," ",""),"0",""),"-","")) | G113: =RANK(U113,$U$111:$U$113)+COUNTIF($U$110:U112,U113) | I113: =data!$E$70&" "&data!$B$70 | J113: =IF(OR(COUNTA(J107,K107,M107,N107)>0,OR(L107="X",L107="x")),IF(OR(L107="X",L107="x",AND(OR(COUNTA(J107,K107,M107,N107)>0,OR(L107="X",L107="x")),(LEN(SUBSTITUTE(SUBSTITUTE(SUBSTITUTE(J107," ",""),"0",""),"-",""))+LEN(SUBSTITUTE(SUBSTITUTE(SUBSTITUTE(K107," ",""),"0",""),"-","")))=(LEN(SUBSTITUTE(SUBSTITUTE(SUBSTITUTE(M107," ",""),"0",""),"-",""))+LEN(SUBSTITUTE(SUBSTITUTE(SUBSTITUTE(N107," ",""),"0",""),"-",""))))),0,(LEN(SUBSTITUTE(SUBSTITUTE(SUBSTITUTE(J107," ",""),"0",""),"-",""))+LEN(SUBSTITUTE(SUBSTITUTE(SUBSTITUTE(K107," ",""),"0",""),"-",""))>LEN(SUBSTITUTE(SUBSTITUTE(SUBSTITUTE(M107," ",""),"0",""),"-",""))+LEN(SUBSTITUTE(SUBSTITUTE(SUBSTITUTE(N107," ",""),"0",""),"-","")))*1),0)+IF(OR(COUNTA(J108,K108,M108,N108)>0,OR(L108="X",L108="x")),IF(OR(L108="X",L108="x",AND(OR(COUNTA(J108,K108,M108,N108)>0,OR(L108="X",L108="x")),(LEN(SUBSTITUTE(SUBSTITUTE(SUBSTITUTE(J108," ",""),"0",""),"-",""))+LEN(SUBSTITUTE(SUBSTITUTE(SUBSTITUTE(K108," ",""),"0",""),"-","")))=(LEN(SUBSTITUTE(SUBSTITUTE(SUBSTITUTE(M108," ",""),"0",""),"-",""))+LEN(SUBSTITUTE(SUBSTITUTE(SUBSTITUTE(N108," ",""),"0",""),"-",""))))),0,(LEN(SUBSTITUTE(SUBSTITUTE(SUBSTITUTE(J108," ",""),"0",""),"-",""))+LEN(SUBSTITUTE(SUBSTITUTE(SUBSTITUTE(K108," ",""),"0",""),"-",""))>LEN(SUBSTITUTE(SUBSTITUTE(SUBSTITUTE(M108," ",""),"0",""),"-",""))+LEN(SUBSTITUTE(SUBSTITUTE(SUBSTITUTE(N108," ",""),"0",""),"-","")))*1),0) | K113: =IF(OR(COUNTA(J107,K107,M107,N107)>0,OR(L107="X",L107="x")),IF(OR(L107="X",L107="x",AND(OR(COUNTA(J107,K107,M107,N107)>0,OR(L107="X",L107="x")),(LEN(SUBSTITUTE(SUBSTITUTE(SUBSTITUTE(J107," ",""),"0",""),"-",""))+LEN(SUBSTITUTE(SUBSTITUTE(SUBSTITUTE(K107," ",""),"0",""),"-","")))=(LEN(SUBSTITUTE(SUBSTITUTE(SUBSTITUTE(M107," ",""),"0",""),"-",""))+LEN(SUBSTITUTE(SUBSTITUTE(SUBSTITUTE(N107," ",""),"0",""),"-",""))))),0,(LEN(SUBSTITUTE(SUBSTITUTE(SUBSTITUTE(J107," ",""),"0",""),"-",""))+LEN(SUBSTITUTE(SUBSTITUTE(SUBSTITUTE(K107," ",""),"0",""),"-",""))<LEN(SUBSTITUTE(SUBSTITUTE(SUBSTITUTE(M107," ",""),"0",""),"-",""))+LEN(SUBSTITUTE(SUBSTITUTE(SUBSTITUTE(N107," ",""),"0",""),"-","")))*1),0)+IF(OR(COUNTA(J108,K108,M108,N108)>0,OR(L108="X",L108="x")),IF(OR(L108="X",L108="x",AND(OR(COUNTA(J108,K108,M108,N108)>0,OR(L108="X",L108="x")),(LEN(SUBSTITUTE(SUBSTITUTE(SUBSTITUTE(J108," ",""),"0",""),"-",""))+LEN(SUBSTITUTE(SUBSTITUTE(SUBSTITUTE(K108," ",""),"0",""),"-","")))=(LEN(SUBSTITUTE(SUBSTITUTE(SUBSTITUTE(M108," ",""),"0",""),"-",""))+LEN(SUBSTITUTE(SUBSTITUTE(SUBSTITUTE(N108," ",""),"0",""),"-",""))))),0,(LEN(SUBSTITUTE(SUBSTITUTE(SUBSTITUTE(J108," ",""),"0",""),"-",""))+LEN(SUBSTITUTE(SUBSTITUTE(SUBSTITUTE(K108," ",""),"0",""),"-",""))<LEN(SUBSTITUTE(SUBSTITUTE(SUBSTITUTE(M108," ",""),"0",""),"-",""))+LEN(SUBSTITUTE(SUBSTITUTE(SUBSTITUTE(N108," ",""),"0",""),"-","")))*1),0) | L113: =IF(OR(COUNTA(J107,K107,M107,N107)>0,OR(L107="X",L107="x")),IF(OR(L107="X",L107="x",AND(OR(COUNTA(J107,K107,M107,N107)>0,OR(L107="X",L107="x")),(LEN(SUBSTITUTE(SUBSTITUTE(SUBSTITUTE(J107," ",""),"0",""),"-",""))+LEN(SUBSTITUTE(SUBSTITUTE(SUBSTITUTE(K107," ",""),"0",""),"-","")))=(LEN(SUBSTITUTE(SUBSTITUTE(SUBSTITUTE(M107," ",""),"0",""),"-",""))+LEN(SUBSTITUTE(SUBSTITUTE(SUBSTITUTE(N107," ",""),"0",""),"-",""))))),1,0),0)+IF(OR(COUNTA(J108,K108,M108,N108)>0,OR(L108="X",L108="x")),IF(OR(L108="X",L108="x",AND(OR(COUNTA(J108,K108,M108,N108)>0,OR(L108="X",L108="x")),(LEN(SUBSTITUTE(SUBSTITUTE(SUBSTITUTE(J108," ",""),"0",""),"-",""))+LEN(SUBSTITUTE(SUBSTITUTE(SUBSTITUTE(K108," ",""),"0",""),"-","")))=(LEN(SUBSTITUTE(SUBSTITUTE(SUBSTITUTE(M108," ",""),"0",""),"-",""))+LEN(SUBSTITUTE(SUBSTITUTE(SUBSTITUTE(N108," ",""),"0",""),"-",""))))),1,0),0) | M113: =LEN(SUBSTITUTE(SUBSTITUTE(SUBSTITUTE(J107," ",""),"0",""),"-",""))+LEN(SUBSTITUTE(SUBSTITUTE(SUBSTITUTE(K107," ",""),"0",""),"-",""))+LEN(SUBSTITUTE(SUBSTITUTE(SUBSTITUTE(J108," ",""),"0",""),"-",""))+LEN(SUBSTITUTE(SUBSTITUTE(SUBSTITUTE(K108," ",""),"0",""),"-","")) | N113: =LEN(SUBSTITUTE(SUBSTITUTE(SUBSTITUTE(M107," ",""),"0",""),"-",""))+LEN(SUBSTITUTE(SUBSTITUTE(SUBSTITUTE(N107," ",""),"0",""),"-",""))+LEN(SUBSTITUTE(SUBSTITUTE(SUBSTITUTE(M108," ",""),"0",""),"-",""))+LEN(SUBSTITUTE(SUBSTITUTE(SUBSTITUTE(N108," ",""),"0",""),"-","")) | O113: =RANK(AC113,$AC$111:$AC$113)+COUNTIF($AC$110:AC112,AC113) | U113: =(B113*1000000)-(C113*10000)+(D113*100)+(E113*1)-(F113*0.01) | AC113: =(J113*1000000)-(K113*10000)+(L113*100)+(M113*1)-(N113*0.01)
G116: Ranking | O116: Ranking
F117: 1. | G117: =IFERROR(INDEX($A$111:$A$113, MATCH(1, $G$111:$G$113, 0)), "-") | N117: 1. | O117: =IFERROR(INDEX($I$111:$I$113, MATCH(1, $O$111:$O$113, 0)), "-")
F118: 2. | G118: =IFERROR(INDEX($A$111:$A$113, MATCH(2, $G$111:$G$113, 0)), "-") | N118: 2. | O118: =IFERROR(INDEX($I$111:$I$113, MATCH(2, $O$111:$O$113, 0)), "-")
F119: 3. | G119: =IFERROR(INDEX($A$111:$A$113, MATCH(3, $G$111:$G$113, 0)), "-") | N119: 3. | O119: =IFERROR(INDEX($I$111:$I$113, MATCH(3, $O$111:$O$113, 0)), "-")
A121: ='data'!$A$26 | I121: ='data'!$A$73
A122: White | D122: vs | G122: Red | I122: White | L122: vs | O122: Red
A123: =data!$E$25&" "&data!$B$25 | G123: =data!$E$24&" "&data!$B$24 | I123: =data!$E$72&" "&data!$B$72 | O123: =data!$E$71&" "&data!$B$71
A124: =data!$E$26&" "&data!$B$26 | G124: =data!$E$24&" "&data!$B$24 | I124: =data!$E$73&" "&data!$B$73 | O124: =data!$E$71&" "&data!$B$71
A125: =data!$E$26&" "&data!$B$26 | G125: =data!$E$25&" "&data!$B$25 | I125: =data!$E$73&" "&data!$B$73 | O125: =data!$E$72&" "&data!$B$72
A127: Results | B127: W | C127: L | D127: T | E127: PW | F127: PL | G127: Rank | I127: Results | J127: W | K127: L | L127: T | M127: PW | N127: PL | O127: Rank
