Workbook

Sheet data
A1: Title prefix:
A2: Pool | B2: Player Name | C2: Player Dojo | D2: Player Number | E2: Metadata
A3: Pool A | B3: Kevin Clark | C3: Team Alpha | D3: K1
A4: Pool A | B4: Nathan Lee | C4: Team Delta | D4: K2
A5: Pool A | B5: Quentin Allen | C5: Team Beta | D5: K3
A6: Pool A | B6: Robert Young | C6: Team Gamma | D6: K4
A7: Pool B | B7: Michael Lewis | C7: Team Gamma | D7: K5
A8: Pool B | B8: Steven Hernandez | C8: Team Delta | D8: K6
A9: Pool B | B9: Thomas King | C9: Team Epsilon | D9: K7
A10: Pool C | B10: Luke Rodriguez | C10: Team Beta | D10: K8
A11: Pool C | B11: Oliver Walker | C11: Team Epsilon | D11: K9
A12: Pool C | B12: Paul Hall | C12: Team Alpha | D12: K10

Sheet Time Estimator
A1: Number of pools | B1: Team size | C1: Matches per pool | D1: Time per match | E1: Total time for matches | F1: Padding time for rotation | G1: Time for breaks | H1: Total Time
A2: 3 | B2: 5 | C2: 12 | D2: 0.0020833333 | E2: =(A2*B2*C2*D2) | F2: 0.00034722222 | G2: 0.020833333 | H2: =C2*I2+J2
A3: 0 | B3: 0 | C3: 0 | D3: 0.0020833333 | E3: =(A3*B3*C3*D3) | F3: 0.00034722222 | G3: 0.020833333 | H3: =E3+(A3*C3*F3)+G3
A7: Number of Elimination Matches | B7: Team size | D7: Time per match | E7: Total time for matches | F7: Padding time for rotation | G7: Time for breaks | H7: Total Time
A8: 5 | B8: 5 | D8: 0.0027777778 | E8: =(A8*B8*D8) | F8: 0.00034722222 | G8: 0.020833333 | H8: =E8+(A8*F8)+G8
E13: Tournament Summary
A14: 2 | E14: Total Pool Time | H14: =H2
E15: Total Elimination Time | H15: =H8
E16: Grand Total (Sequential) | H16: =H14+H15
E17: Grand Total (Parallel across Courts) | H17: =H16/A14
E18: Start Time: | H18: 0.375
E19: Estimated Finish Time | H19: =H18+H17

Sheet Pool Draw
B2: =IF(data!$B$1="","Tournament Pools",data!$B$1&" - Tournament Pools")
B5: ='data'!$A$6 | D5: ='data'!$A$9 | F5: ='data'!$A$12
B6: =data!$D$3&" "&data!$B$3 | D6: =data!$D$7&" "&data!$B$7 | F6: =data!$D$10&" "&data!$B$10
B7: =data!$D$4&" "&data!$B$4 | D7: =data!$D$8&" "&data!$B$8 | F7: =data!$D$11&" "&data!$B$11
B8: =data!$D$5&" "&data!$B$5 | D8: =data!$D$9&" "&data!$B$9 | F8: =data!$D$12&" "&data!$B$12
B9: =data!$D$6&" "&data!$B$6

Sheet Pool Matches
A1: Shiaijo A | I1: Shiaijo B
A2: ='data'!$A$6 | I2: ='data'!$A$12
A3: White | D3: vs | G3: Red | I3: White | L3: vs | O3: Red
A4: =data!$D$4&" "&data!$B$4 | B4: =IF(UPPER(D5)="X",0,IF((LEN(SUBSTITUTE(SUBSTITUTE(SUBSTITUTE(B5," ",""),"0",""),"-",""))+LEN(SUBSTITUTE(SUBSTITUTE(SUBSTITUTE(C5," ",""),"0",""),"-","")))>(LEN(SUBSTITUTE(SUBSTITUTE(SUBSTITUTE(E5," ",""),"0",""),"-",""))+LEN(SUBSTITUTE(SUBSTITUTE(SUBSTITUTE(F5," ",""),"0",""),"-",""))),1,0))+IF(UPPER(D6)="X",0,IF((LEN(SUBSTITUTE(SUBSTITUTE(SUBSTITUTE(B6," ",""),"0",""),"-",""))+LEN(SUBSTITUTE(SUBSTITUTE(SUBSTITUTE(C6," ",""),"0",""),"-","")))>(LEN(SUBSTITUTE(SUBSTITUTE(SUBSTITUTE(E6," ",""),"0",""),"-",""))+LEN(SUBSTITUTE(SUBSTITUTE(SUBSTITUTE(F6," ",""),"0",""),"-",""))),1,0))+IF(UPPER(D7)="X",0,IF((LEN(SUBSTITUTE(SUBSTITUTE(SUBSTITUTE(B7," ",""),"0",""),"-",""))+LEN(SUBSTITUTE(SUBSTITUTE(SUBSTITUTE(C7," ",""),"0",""),"-","")))>(LEN(SUBSTITUTE(SUBSTITUTE(SUBSTITUTE(E7," ",""),"0",""),"-",""))+LEN(SUBSTITUTE(SUBSTITUTE(SUBSTITUTE(F7," ",""),"0",""),"-",""))),1,0))+IF(UPPER(D8)="X",0,IF((LEN(SUBSTITUTE(SUBSTITUTE(SUBSTITUTE(B8," ",""),"0",""),"-",""))+LEN(SUBSTITUTE(SUBSTITUTE(SUBSTITUTE(C8," ",""),"0",""),"-","")))>(LEN(SUBSTITUTE(SUBSTITUTE(SUBSTITUTE(E8," ",""),"0",""),"-",""))+LEN(SUBSTITUTE(SUBSTITUTE(SUBSTITUTE(F8," ",""),"0",""),"-",""))),1,0))+IF(UPPER(D9)="X",0,IF((LEN(SUBSTITUTE(SUBSTITUTE(SUBSTITUTE(B9," ",""),"0",""),"-",""))+LEN(SUBSTITUTE(SUBSTITUTE(SUBSTITUTE(C9," ",""),"0",""),"-","")))>(LEN(SUBSTITUTE(SUBSTITUTE(SUBSTITUTE(E9," ",""),"0",""),"-",""))+LEN(SUBSTITUTE(SUBSTITUTE(SUBSTITUTE(F9," ",""),"0",""),"-",""))),1,0)) | C4: =LEN(SUBSTITUTE(SUBSTITUTE(SUBSTITUTE(B5," ",""),"0",""),"-",""))+LEN(SUBSTITUTE(SUBSTITUTE(SUBSTITUTE(C5," ",""),"0",""),"-",""))+LEN(SUBSTITUTE(SUBSTITUTE(SUBSTITUTE(B6," ",""),"0",""),"-",""))+LEN(SUBSTITUTE(SUBSTITUTE(SUBSTITUTE(C6," ",""),"0",""),"-",""))+LEN(SUBSTITUTE(SUBSTITUTE(SUBSTITUTE(B7," ",""),"0",""),"-",""))+LEN(SUBSTITUTE(SUBSTITUTE(SUBSTITUTE(C7," ",""),"0",""),"-",""))+LEN(SUBSTITUTE(SUBSTITUTE(SUBSTITUTE(B8," ",""),"0",""),"-",""))+LEN(SUBSTITUTE(SUBSTITUTE(SUBSTITUTE(C8," ",""),"0",""),"-",""))+LEN(SUBSTITUTE(SUBSTITUTE(SUBSTITUTE(B9," ",""),"0",""),"-",""))+LEN(SUBSTITUTE(SUBSTITUTE(SUBSTITUTE(C9," ",""),"0",""),"-","")) | E4: =LEN(SUBSTITUTE(SUBSTITUTE(SUBSTITUTE(E5," ",""),"0",""),"-",""))+LEN(SUBSTITUTE(SUBSTITUTE(SUBSTITUTE(F5," ",""),"0",""),"-",""))+LEN(SUBSTITUTE(SUBSTITUTE(SUBSTITUTE(E6," ",""),"0",""),"-",""))+LEN(SUBSTITUTE(SUBSTITUTE(SUBSTITUTE(F6," ",""),"0",""),"-",""))+LEN(SUBSTITUTE(SUBSTITUTE(SUBSTITUTE(E7," ",""),"0",""),"-",""))+LEN(SUBSTITUTE(SUBSTITUTE(SUBSTITUTE(F7," ",""),"0",""),"-",""))+LEN(SUBSTITUTE(SUBSTITUTE(SUBSTITUTE(E8," ",""),"0",""),"-",""))+LEN(SUBSTITUTE(SUBSTITUTE(SUBSTITUTE(F8," ",""),"0",""),"-",""))+LEN(SUBSTITUTE(SUBSTITUTE(SUBSTITUTE(E9," ",""),"0",""),"-",""))+LEN(SUBSTITUTE(SUBSTITUTE(SUBSTITUTE(F9," ",""),"0",""),"-","")) | F4: =IF(UPPER(D5)="X",0,IF((LEN(SUBSTITUTE(SUBSTITUTE(SUBSTITUTE(E5," ",""),"0",""),"-",""))+LEN(SUBSTITUTE(SUBSTITUTE(SUBSTITUTE(F5," ",""),"0",""),"-","")))>(LEN(SUBSTITUTE(SUBSTITUTE(SUBSTITUTE(B5," ",""),"0",""),"-",""))+LEN(SUBSTITUTE(SUBSTITUTE(SUBSTITUTE(C5," ",""),"0",""),"-",""))),1,0))+IF(UPPER(D6)="X",0,IF((LEN(SUBSTITUTE(SUBSTITUTE(SUBSTITUTE(E6," ",""),"0",""),"-",""))+LEN(SUBSTITUTE(SUBSTITUTE(SUBSTITUTE(F6," ",""),"0",""),"-","")))>(LEN(SUBSTITUTE(SUBSTITUTE(SUBSTITUTE(B6," ",""),"0",""),"-",""))+LEN(SUBSTITUTE(SUBSTITUTE(SUBSTITUTE(C6," ",""),"0",""),"-",""))),1,0))+IF(UPPER(D7)="X",0,IF((LEN(SUBSTITUTE(SUBSTITUTE(SUBSTITUTE(E7," ",""),"0",""),"-",""))+LEN(SUBSTITUTE(SUBSTITUTE(SUBSTITUTE(F7," ",""),"0",""),"-","")))>(LEN(SUBSTITUTE(SUBSTITUTE(SUBSTITUTE(B7," ",""),"0",""),"-",""))+LEN(SUBSTITUTE(SUBSTITUTE(SUBSTITUTE(C7," ",""),"0",""),"-",""))),1,0))+IF(UPPER(D8)="X",0,IF((LEN(SUBSTITUTE(SUBSTITUTE(SUBSTITUTE(E8," ",""),"0",""),"-",""))+LEN(SUBSTITUTE(SUBSTITUTE(SUBSTITUTE(F8," ",""),"0",""),"-","")))>(LEN(SUBSTITUTE(SUBSTITUTE(SUBSTITUTE(B8," ",""),"0",""),"-",""))+LEN(SUBSTITUTE(SUBSTITUTE(SUBSTITUTE(C8," ",""),"0",""),"-",""))),1,0))+IF(UPPER(D9)="X",0,IF((LEN(SUBSTITUTE(SUBSTITUTE(SUBSTITUTE(E9," ",""),"0",""),"-",""))+LEN(SUBSTITUTE(SUBSTITUTE(SUBSTITUTE(F9," ",""),"0",""),"-","")))>(LEN(SUBSTITUTE(SUBSTITUTE(SUBSTITUTE(B9," ",""),"0",""),"-",""))+LEN(SUBSTITUTE(SUBSTITUTE(SUBSTITUTE(C9," ",""),"0",""),"-",""))),1,0)) | G4: =data!$D$3&" "&data!$B$3 | I4: =data!$D$11&" "&data!$B$11 | J4: =IF(UPPER(L5)="X",0,IF((LEN(SUBSTITUTE(SUBSTITUTE(SUBSTITUTE(J5," ",""),"0",""),"-",""))+LEN(SUBSTITUTE(SUBSTITUTE(SUBSTITUTE(K5," ",""),"0",""),"-","")))>(LEN(SUBSTITUTE(SUBSTITUTE(SUBSTITUTE(M5," ",""),"0",""),"-",""))+LEN(SUBSTITUTE(SUBSTITUTE(SUBSTITUTE(N5," ",""),"0",""),"-",""))),1,0))+IF(UPPER(L6)="X",0,IF((LEN(SUBSTITUTE(SUBSTITUTE(SUBSTITUTE(J6," ",""),"0",""),"-",""))+LEN(SUBSTITUTE(SUBSTITUTE(SUBSTITUTE(K6," ",""),"0",""),"-","")))>(LEN(SUBSTITUTE(SUBSTITUTE(SUBSTITUTE(M6," ",""),"0",""),"-",""))+LEN(SUBSTITUTE(SUBSTITUTE(SUBSTITUTE(N6," ",""),"0",""),"-",""))),1,0))+IF(UPPER(L7)="X",0,IF((LEN(SUBSTITUTE(SUBSTITUTE(SUBSTITUTE(J7," ",""),"0",""),"-",""))+LEN(SUBSTITUTE(SUBSTITUTE(SUBSTITUTE(K7," ",""),"0",""),"-","")))>(LEN(SUBSTITUTE(SUBSTITUTE(SUBSTITUTE(M7," ",""),"0",""),"-",""))+LEN(SUBSTITUTE(SUBSTITUTE(SUBSTITUTE(N7," ",""),"0",""),"-",""))),1,0))+IF(UPPER(L8)="X",0,IF((LEN(SUBSTITUTE(SUBSTITUTE(SUBSTITUTE(J8," ",""),"0",""),"-",""))+LEN(SUBSTITUTE(SUBSTITUTE(SUBSTITUTE(K8," ",""),"0",""),"-","")))>(LEN(SUBSTITUTE(SUBSTITUTE(SUBSTITUTE(M8," ",""),"0",""),"-",""))+LEN(SUBSTITUTE(SUBSTITUTE(SUBSTITUTE(N8," ",""),"0",""),"-",""))),1,0))+IF(UPPER(L9)="X",0,IF((LEN(SUBSTITUTE(SUBSTITUTE(SUBSTITUTE(J9," ",""),"0",""),"-",""))+LEN(SUBSTITUTE(SUBSTITUTE(SUBSTITUTE(K9," ",""),"0",""),"-","")))>(LEN(SUBSTITUTE(SUBSTITUTE(SUBSTITUTE(M9," ",""),"0",""),"-",""))+LEN(SUBSTITUTE(SUBSTITUTE(SUBSTITUTE(N9," ",""),"0",""),"-",""))),1,0)) | K4: =LEN(SUBSTITUTE(SUBSTITUTE(SUBSTITUTE(J5," ",""),"0",""),"-",""))+LEN(SUBSTITUTE(SUBSTITUTE(SUBSTITUTE(K5," ",""),"0",""),"-",""))+LEN(SUBSTITUTE(SUBSTITUTE(SUBSTITUTE(J6," ",""),"0",""),"-",""))+LEN(SUBSTITUTE(SUBSTITUTE(SUBSTITUTE(K6," ",""),"0",""),"-",""))+LEN(SUBSTITUTE(SUBSTITUTE(SUBSTITUTE(J7," ",""),"0",""),"-",""))+LEN(SUBSTITUTE(SUBSTITUTE(SUBSTITUTE(K7," ",""),"0",""),"-",""))+LEN(SUBSTITUTE(SUBSTITUTE(SUBSTITUTE(J8," ",""),"0",""),"-",""))+LEN(SUBSTITUTE(SUBSTITUTE(SUBSTITUTE(K8," ",""),"0",""),"-",""))+LEN(SUBSTITUTE(SUBSTITUTE(SUBSTITUTE(J9," ",""),"0",""),"-",""))+LEN(SUBSTITUTE(SUBSTITUTE(SUBSTITUTE(K9," ",""),"0",""),"-","")) | M4: =LEN(SUBSTITUTE(SUBSTITUTE(SUBSTITUTE(M5," ",""),"0",""),"-",""))+LEN(SUBSTITUTE(SUBSTITUTE(SUBSTITUTE(N5," ",""),"0",""),"-",""))+LEN(SUBSTITUTE(SUBSTITUTE(SUBSTITUTE(M6," ",""),"0",""),"-",""))+LEN(SUBSTITUTE(SUBSTITUTE(SUBSTITUTE(N6," ",""),"0",""),"-",""))+LEN(SUBSTITUTE(SUBSTITUTE(SUBSTITUTE(M7," ",""),"0",""),"-",""))+LEN(SUBSTITUTE(SUBSTITUTE(SUBSTITUTE(N7," ",""),"0",""),"-",""))+LEN(SUBSTITUTE(SUBSTITUTE(SUBSTITUTE(M8," ",""),"0",""),"-",""))+LEN(SUBSTITUTE(SUBSTITUTE(SUBSTITUTE(N8," ",""),"0",""),"-",""))+LEN(SUBSTITUTE(SUBSTITUTE(SUBSTITUTE(M9," ",""),"0",""),"-",""))+LEN(SUBSTITUTE(SUBSTITUTE(SUBSTITUTE(N9," ",""),"0",""),"-","")) | N4: =IF(UPPER(L5)="X",0,IF((LEN(SUBSTITUTE(SUBSTITUTE(SUBSTITUTE(M5," ",""),"0",""),"-",""))+LEN(SUBSTITUTE(SUBSTITUTE(SUBSTITUTE(N5," ",""),"0",""),"-","")))>(LEN(SUBSTITUTE(SUBSTITUTE(SUBSTITUTE(J5," ",""),"0",""),"-",""))+LEN(SUBSTITUTE(SUBSTITUTE(SUBSTITUTE(K5," ",""),"0",""),"-",""))),1,0))+IF(UPPER(L6)="X",0,IF((LEN(SUBSTITUTE(SUBSTITUTE(SUBSTITUTE(M6," ",""),"0",""),"-",""))+LEN(SUBSTITUTE(SUBSTITUTE(SUBSTITUTE(N6," ",""),"0",""),"-","")))>(LEN(SUBSTITUTE(SUBSTITUTE(SUBSTITUTE(J6," ",""),"0",""),"-",""))+LEN(SUBSTITUTE(SUBSTITUTE(SUBSTITUTE(K6," ",""),"0",""),"-",""))),1,0))+IF(UPPER(L7)="X",0,IF((LEN(SUBSTITUTE(SUBSTITUTE(SUBSTITUTE(M7," ",""),"0",""),"-",""))+LEN(SUBSTITUTE(SUBSTITUTE(SUBSTITUTE(N7," ",""),"0",""),"-","")))>(LEN(SUBSTITUTE(SUBSTITUTE(SUBSTITUTE(J7," ",""),"0",""),"-",""))+LEN(SUBSTITUTE(SUBSTITUTE(SUBSTITUTE(K7," ",""),"0",""),"-",""))),1,0))+IF(UPPER(L8)="X",0,IF((LEN(SUBSTITUTE(SUBSTITUTE(SUBSTITUTE(M8," ",""),"0",""),"-",""))+LEN(SUBSTITUTE(SUBSTITUTE(SUBSTITUTE(N8," ",""),"0",""),"-","")))>(LEN(SUBSTITUTE(SUBSTITUTE(SUBSTITUTE(J8," ",""),"0",""),"-",""))+LEN(SUBSTITUTE(SUBSTITUTE(SUBSTITUTE(K8," ",""),"0",""),"-",""))),1,0))+IF(UPPER(L9)="X",0,IF((LEN(SUBSTITUTE(SUBSTITUTE(SUBSTITUTE(M9," ",""),"0",""),"-",""))+LEN(SUBSTITUTE(SUBSTITUTE(SUBSTITUTE(N9," ",""),"0",""),"-","")))>(LEN(SUBSTITUTE(SUBSTITUTE(SUBSTITUTE(J9," ",""),"0",""),"-",""))+LEN(SUBSTITUTE(SUBSTITUTE(SUBSTITUTE(K9," ",""),"0",""),"-",""))),1,0)) | O4: =data!$D$10&" "&data!$B$10
A5: 1 | G5: 1 | I5: 1 | O5: 1
A6: 2 | G6: 2 | I6: 2 | O6: 2
A7: 3 | G7: 3 | I7: 3 | O7: 3
A8: 4 | G8: 4 | I8: 4 | O8: 4
A9: 5 | G9: 5 | I9: 5 | O9: 5
A11: White | D11: vs | G11: Red | I11: White | L11: vs | O11: Red
A12: =data!$D$4&" "&data!$B$4 | B12: =IF(UPPER(D13)="X",0,IF((LEN(SUBSTITUTE(SUBSTITUTE(SUBSTITUTE(B13," ",""),"0",""),"-",""))+LEN(SUBSTITUTE(SUBSTITUTE(SUBSTITUTE(C13," ",""),"0",""),"-","")))>(LEN(SUBSTITUTE(SUBSTITUTE(SUBSTITUTE(E13," ",""),"0",""),"-",""))+LEN(SUBSTITUTE(SUBSTITUTE(SUBSTITUTE(F13," ",""),"0",""),"-",""))),1,0))+IF(UPPER(D14)="X",0,IF((LEN(SUBSTITUTE(SUBSTITUTE(SUBSTITUTE(B14," ",""),"0",""),"-",""))+LEN(SUBSTITUTE(SUBSTITUTE(SUBSTITUTE(C14," ",""),"0",""),"-","")))>(LEN(SUBSTITUTE(SUBSTITUTE(SUBSTITUTE(E14," ",""),"0",""),"-",""))+LEN(SUBSTITUTE(SUBSTITUTE(SUBSTITUTE(F14," ",""),"0",""),"-",""))),1,0))+IF(UPPER(D15)="X",0,IF((LEN(SUBSTITUTE(SUBSTITUTE(SUBSTITUTE(B15," ",""),"0",""),"-",""))+LEN(SUBSTITUTE(SUBSTITUTE(SUBSTITUTE(C15," ",""),"0",""),"-","")))>(LEN(SUBSTITUTE(SUBSTITUTE(SUBSTITUTE(E15," ",""),"0",""),"-",""))+LEN(SUBSTITUTE(SUBSTITUTE(SUBSTITUTE(F15," ",""),"0",""),"-",""))),1,0))+IF(UPPER(D16)="X",0,IF((LEN(SUBSTITUTE(SUBSTITUTE(SUBSTITUTE(B16," ",""),"0",""),"-",""))+LEN(SUBSTITUTE(SUBSTITUTE(SUBSTITUTE(C16," ",""),"0",""),"-","")))>(LEN(SUBSTITUTE(SUBSTITUTE(SUBSTITUTE(E16," ",""),"0",""),"-",""))+LEN(SUBSTITUTE(SUBSTITUTE(SUBSTITUTE(F16," ",""),"0",""),"-",""))),1,0))+IF(UPPER(D17)="X",0,IF((LEN(SUBSTITUTE(SUBSTITUTE(SUBSTITUTE(B17," ",""),"0",""),"-",""))+LEN(SUBSTITUTE(SUBSTITUTE(SUBSTITUTE(C17," ",""),"0",""),"-","")))>(LEN(SUBSTITUTE(SUBSTITUTE(SUBSTITUTE(E17," ",""),"0",""),"-",""))+LEN(SUBSTITUTE(SUBSTITUTE(SUBSTITUTE(F17," ",""),"0",""),"-",""))),1,0)) | C12: =LEN(SUBSTITUTE(SUBSTITUTE(SUBSTITUTE(B13," ",""),"0",""),"-",""))+LEN(SUBSTITUTE(SUBSTITUTE(SUBSTITUTE(C13," ",""),"0",""),"-",""))+LEN(SUBSTITUTE(SUBSTITUTE(SUBSTITUTE(B14," ",""),"0",""),"-",""))+LEN(SUBSTITUTE(SUBSTITUTE(SUBSTITUTE(C14," ",""),"0",""),"-",""))+LEN(SUBSTITUTE(SUBSTITUTE(SUBSTITUTE(B15," ",""),"0",""),"-",""))+LEN(SUBSTITUTE(SUBSTITUTE(SUBSTITUTE(C15," ",""),"0",""),"-",""))+LEN(SUBSTITUTE(SUBSTITUTE(SUBSTITUTE(B16," ",""),"0",""),"-",""))+LEN(SUBSTITUTE(SUBSTITUTE(SUBSTITUTE(C16," ",""),"0",""),"-",""))+LEN(SUBSTITUTE(SUBSTITUTE(SUBSTITUTE(B17," ",""),"0",""),"-",""))+LEN(SUBSTITUTE(SUBSTITUTE(SUBSTITUTE(C17," ",""),"0",""),"-","")) | E12: =LEN(SUBSTITUTE(SUBSTITUTE(SUBSTITUTE(E13," ",""),"0",""),"-",""))+LEN(SUBSTITUTE(SUBSTITUTE(SUBSTITUTE(F13," ",""),"0",""),"-",""))+LEN(SUBSTITUTE(SUBSTITUTE(SUBSTITUTE(E14," ",""),"0",""),"-",""))+LEN(SUBSTITUTE(SUBSTITUTE(SUBSTITUTE(F14," ",""),"0",""),"-",""))+LEN(SUBSTITUTE(SUBSTITUTE(SUBSTITUTE(E15," ",""),"0",""),"-",""))+LEN(SUBSTITUTE(SUBSTITUTE(SUBSTITUTE(F15," ",""),"0",""),"-",""))+LEN(SUBSTITUTE(SUBSTITUTE(SUBSTITUTE(E16," ",""),"0",""),"-",""))+LEN(SUBSTITUTE(SUBSTITUTE(SUBSTITUTE(F16," ",""),"0",""),"-",""))+LEN(SUBSTITUTE(SUBSTITUTE(SUBSTITUTE(E17," ",""),"0",""),"-",""))+LEN(SUBSTITUTE(SUBSTITUTE(SUBSTITUTE(F17," ",""),"0",""),"-","")) | F12: =IF(UPPER(D13)="X",0,IF((LEN(SUBSTITUTE(SUBSTITUTE(SUBSTITUTE(E13," ",""),"0",""),"-",""))+LEN(SUBSTITUTE(SUBSTITUTE(SUBSTITUTE(F13," ",""),"0",""),"-","")))>(LEN(SUBSTITUTE(SUBSTITUTE(SUBSTITUTE(B13," ",""),"0",""),"-",""))+LEN(SUBSTITUTE(SUBSTITUTE(SUBSTITUTE(C13," ",""),"0",""),"-",""))),1,0))+IF(UPPER(D14)="X",0,IF((LEN(SUBSTITUTE(SUBSTITUTE(SUBSTITUTE(E14," ",""),"0",""),"-",""))+LEN(SUBSTITUTE(SUBSTITUTE(SUBSTITUTE(F14," ",""),"0",""),"-","")))>(LEN(SUBSTITUTE(SUBSTITUTE(SUBSTITUTE(B14," ",""),"0",""),"-",""))+LEN(SUBSTITUTE(SUBSTITUTE(SUBSTITUTE(C14," ",""),"0",""),"-",""))),1,0))+IF(UPPER(D15)="X",0,IF((LEN(SUBSTITUTE(SUBSTITUTE(SUBSTITUTE(E15," ",""),"0",""),"-",""))+LEN(SUBSTITUTE(SUBSTITUTE(SUBSTITUTE(F15," ",""),"0",""),"-","")))>(LEN(SUBSTITUTE(SUBSTITUTE(SUBSTITUTE(B15," ",""),"0",""),"-",""))+LEN(SUBSTITUTE(SUBSTITUTE(SUBSTITUTE(C15," ",""),"0",""),"-",""))),1,0))+IF(UPPER(D16)="X",0,IF((LEN(SUBSTITUTE(SUBSTITUTE(SUBSTITUTE(E16," ",""),"0",""),"-",""))+LEN(SUBSTITUTE(SUBSTITUTE(SUBSTITUTE(F16," ",""),"0",""),"-","")))>(LEN(SUBSTITUTE(SUBSTITUTE(SUBSTITUTE(B16," ",""),"0",""),"-",""))+LEN(SUBSTITUTE(SUBSTITUTE(SUBSTITUTE(C16," ",""),"0",""),"-",""))),1,0))+IF(UPPER(D17)="X",0,IF((LEN(SUBSTITUTE(SUBSTITUTE(SUBSTITUTE(E17," ",""),"0",""),"-",""))+LEN(SUBSTITUTE(SUBSTITUTE(SUBSTITUTE(F17," ",""),"0",""),"-","")))>(LEN(SUBSTITUTE(SUBSTITUTE(SUBSTITUTE(B17," ",""),"0",""),"-",""))+LEN(SUBSTITUTE(SUBSTITUTE(SUBSTITUTE(C17," ",""),"0",""),"-",""))),1,0)) | G12: =data!$D$5&" "&data!$B$5 | I12: =data!$D$12&" "&data!$B$12 | J12: =IF(UPPER(L13)="X",0,IF((LEN(SUBSTITUTE(SUBSTITUTE(SUBSTITUTE(J13," ",""),"0",""),"-",""))+LEN(SUBSTITUTE(SUBSTITUTE(SUBSTITUTE(K13," ",""),"0",""),"-","")))>(LEN(SUBSTITUTE(SUBSTITUTE(SUBSTITUTE(M13," ",""),"0",""),"-",""))+LEN(SUBSTITUTE(SUBSTITUTE(SUBSTITUTE(N13," ",""),"0",""),"-",""))),1,0))+IF(UPPER(L14)="X",0,IF((LEN(SUBSTITUTE(SUBSTITUTE(SUBSTITUTE(J14," ",""),"0",""),"-",""))+LEN(SUBSTITUTE(SUBSTITUTE(SUBSTITUTE(K14," ",""),"0",""),"-","")))>(LEN(SUBSTITUTE(SUBSTITUTE(SUBSTITUTE(M14," ",""),"0",""),"-",""))+LEN(SUBSTITUTE(SUBSTITUTE(SUBSTITUTE(N14," ",""),"0",""),"-",""))),1,0))+IF(UPPER(L15)="X",0,IF((LEN(SUBSTITUTE(SUBSTITUTE(SUBSTITUTE(J15," ",""),"0",""),"-",""))+LEN(SUBSTITUTE(SUBSTITUTE(SUBSTITUTE(K15," ",""),"0",""),"-","")))>(LEN(SUBSTITUTE(SUBSTITUTE(SUBSTITUTE(M15," ",""),"0",""),"-",""))+LEN(SUBSTITUTE(SUBSTITUTE(SUBSTITUTE(N15," ",""),"0",""),"-",""))),1,0))+IF(UPPER(L16)="X",0,IF((LEN(SUBSTITUTE(SUBSTITUTE(SUBSTITUTE(J16," ",""),"0",""),"-",""))+LEN(SUBSTITUTE(SUBSTITUTE(SUBSTITUTE(K16," ",""),"0",""),"-","")))>(LEN(SUBSTITUTE(SUBSTITUTE(SUBSTITUTE(M16," ",""),"0",""),"-",""))+LEN(SUBSTITUTE(SUBSTITUTE(SUBSTITUTE(N16," ",""),"0",""),"-",""))),1,0))+IF(UPPER(L17)="X",0,IF((LEN(SUBSTITUTE(SUBSTITUTE(SUBSTITUTE(J17," ",""),"0",""),"-",""))+LEN(SUBSTITUTE(SUBSTITUTE(SUBSTITUTE(K17," ",""),"0",""),"-","")))>(LEN(SUBSTITUTE(SUBSTITUTE(SUBSTITUTE(M17," ",""),"0",""),"-",""))+LEN(SUBSTITUTE(SUBSTITUTE(SUBSTITUTE(N17," ",""),"0",""),"-",""))),1,0)) | K12: =LEN(SUBSTITUTE(SUBSTITUTE(SUBSTITUTE(J13," ",""),"0",""),"-",""))+LEN(SUBSTITUTE(SUBSTITUTE(SUBSTITUTE(K13," ",""),"0",""),"-",""))+LEN(SUBSTITUTE(SUBSTITUTE(SUBSTITUTE(J14," ",""),"0",""),"-",""))+LEN(SUBSTITUTE(SUBSTITUTE(SUBSTITUTE(K14," ",""),"0",""),"-",""))+LEN(SUBSTITUTE(SUBSTITUTE(SUBSTITUTE(J15," ",""),"0",""),"-",""))+LEN(SUBSTITUTE(SUBSTITUTE(SUBSTITUTE(K15," ",""),"0",""),"-",""))+LEN(SUBSTITUTE(SUBSTITUTE(SUBSTITUTE(J16," ",""),"0",""),"-",""))+LEN(SUBSTITUTE(SUBSTITUTE(SUBSTITUTE(K16," ",""),"0",""),"-",""))+LEN(SUBSTITUTE(SUBSTITUTE(SUBSTITUTE(J17," ",""),"0",""),"-",""))+LEN(SUBSTITUTE(SUBSTITUTE(SUBSTITUTE(K17," ",""),"0",""),"-","")) | M12: =LEN(SUBSTITUTE(SUBSTITUTE(SUBSTITUTE(M13," ",""),"0",""),"-",""))+LEN(SUBSTITUTE(SUBSTITUTE(SUBSTITUTE(N13," ",""),"0",""),"-",""))+LEN(SUBSTITUTE(SUBSTITUTE(SUBSTITUTE(M14," ",""),"0",""),"-",""))+LEN(SUBSTITUTE(SUBSTITUTE(SUBSTITUTE(N14," ",""),"0",""),"-",""))+LEN(SUBSTITUTE(SUBSTITUTE(SUBSTITUTE(M15," ",""),"0",""),"-",""))+LEN(SUBSTITUTE(SUBSTITUTE(SUBSTITUTE(N15," ",""),"0",""),"-",""))+LEN(SUBSTITUTE(SUBSTITUTE(SUBSTITUTE(M16," ",""),"0",""),"-",""))+LEN(SUBSTITUTE(SUBSTITUTE(SUBSTITUTE(N16," ",""),"0",""),"-",""))+LEN(SUBSTITUTE(SUBSTITUTE(SUBSTITUTE(M17," ",""),"0",""),"-",""))+LEN(SUBSTITUTE(SUBSTITUTE(SUBSTITUTE(N17," ",""),"0",""),"-","")) | N12: =IF(UPPER(L13)="X",0,IF((LEN(SUBSTITUTE(SUBSTITUTE(SUBSTITUTE(M13," ",""),"0",""),"-",""))+LEN(SUBSTITUTE(SUBSTITUTE(SUBSTITUTE(N13," ",""),"0",""),"-","")))>(LEN(SUBSTITUTE(SUBSTITUTE(SUBSTITUTE(J13," ",""),"0",""),"-",""))+LEN(SUBSTITUTE(SUBSTITUTE(SUBSTITUTE(K13," ",""),"0",""),"-",""))),1,0))+IF(UPPER(L14)="X",0,IF((LEN(SUBSTITUTE(SUBSTITUTE(SUBSTITUTE(M14," ",""),"0",""),"-",""))+LEN(SUBSTITUTE(SUBSTITUTE(SUBSTITUTE(N14," ",""),"0",""),"-","")))>(LEN(SUBSTITUTE(SUBSTITUTE(SUBSTITUTE(J14," ",""),"0",""),"-",""))+LEN(SUBSTITUTE(SUBSTITUTE(SUBSTITUTE(K14," ",""),"0",""),"-",""))),1,0))+IF(UPPER(L15)="X",0,IF((LEN(SUBSTITUTE(SUBSTITUTE(SUBSTITUTE(M15," ",""),"0",""),"-",""))+LEN(SUBSTITUTE(SUBSTITUTE(SUBSTITUTE(N15," ",""),"0",""),"-","")))>(LEN(SUBSTITUTE(SUBSTITUTE(SUBSTITUTE(J15," ",""),"0",""),"-",""))+LEN(SUBSTITUTE(SUBSTITUTE(SUBSTITUTE(K15," ",""),"0",""),"-",""))),1,0))+IF(UPPER(L16)="X",0,IF((LEN(SUBSTITUTE(SUBSTITUTE(SUBSTITUTE(M16," ",""),"0",""),"-",""))+LEN(SUBSTITUTE(SUBSTITUTE(SUBSTITUTE(N16," ",""),"0",""),"-","")))>(LEN(SUBSTITUTE(SUBSTITUTE(SUBSTITUTE(J16," ",""),"0",""),"-",""))+LEN(SUBSTITUTE(SUBSTITUTE(SUBSTITUTE(K16," ",""),"0",""),"-",""))),1,0))+IF(UPPER(L17)="X",0,IF((LEN(SUBSTITUTE(SUBSTITUTE(SUBSTITUTE(M17," ",""),"0",""),"-",""))+LEN(SUBSTITUTE(SUBSTITUTE(SUBSTITUTE(N17," ",""),"0",""),"-","")))>(LEN(SUBSTITUTE(SUBSTITUTE(SUBSTITUTE(J17," ",""),"0",""),"-",""))+LEN(SUBSTITUTE(SUBSTITUTE(SUBSTITUTE(K17," ",""),"0",""),"-",""))),1,0)) | O12: =data!$D$10&" "&data!$B$10
A13: 1 | G13: 1 | I13: 1 | O13: 1
A14: 2 | G14: 2 | I14: 2 | O14: 2
A15: 3 | G15: 3 | I15: 3 | O15: 3
A16: 4 | G16: 4 | I16: 4 | O16: 4
A17: 5 | G17: 5 | I17: 5 | O17: 5
A19: White | D19: vs | G19: Red | I19: White | L19: vs | O19: Red
A20: =data!$D$6&" "&data!$B$6 | B20: =IF(UPPER(D21)="X",0,IF((LEN(SUBSTITUTE(SUBSTITUTE(SUBSTITUTE(B21," ",""),"0",""),"-",""))+LEN(SUBSTITUTE(SUBSTITUTE(SUBSTITUTE(C21," ",""),"0",""),"-","")))>(LEN(SUBSTITUTE(SUBSTITUTE(SUBSTITUTE(E21," ",""),"0",""),"-",""))+LEN(SUBSTITUTE(SUBSTITUTE(SUBSTITUTE(F21," ",""),"0",""),"-",""))),1,0))+IF(UPPER(D22)="X",0,IF((LEN(SUBSTITUTE(SUBSTITUTE(SUBSTITUTE(B22," ",""),"0",""),"-",""))+LEN(SUBSTITUTE(SUBSTITUTE(SUBSTITUTE(C22," ",""),"0",""),"-","")))>(LEN(SUBSTITUTE(SUBSTITUTE(SUBSTITUTE(E22," ",""),"0",""),"-",""))+LEN(SUBSTITUTE(SUBSTITUTE(SUBSTITUTE(F22," ",""),"0",""),"-",""))),1,0))+IF(UPPER(D23)="X",0,IF((LEN(SUBSTITUTE(SUBSTITUTE(SUBSTITUTE(B23," ",""),"0",""),"-",""))+LEN(SUBSTITUTE(SUBSTITUTE(SUBSTITUTE(C23," ",""),"0",""),"-","")))>(LEN(SUBSTITUTE(SUBSTITUTE(SUBSTITUTE(E23," ",""),"0",""),"-",""))+LEN(SUBSTITUTE(SUBSTITUTE(SUBSTITUTE(F23," ",""),"0",""),"-",""))),1,0))+IF(UPPER(D24)="X",0,IF((LEN(SUBSTITUTE(SUBSTITUTE(SUBSTITUTE(B24," ",""),"0",""),"-",""))+LEN(SUBSTITUTE(SUBSTITUTE(SUBSTITUTE(C24," ",""),"0",""),"-","")))>(LEN(SUBSTITUTE(SUBSTITUTE(SUBSTITUTE(E24," ",""),"0",""),"-",""))+LEN(SUBSTITUTE(SUBSTITUTE(SUBSTITUTE(F24," ",""),"0",""),"-",""))),1,0))+IF(UPPER(D25)="X",0,IF((LEN(SUBSTITUTE(SUBSTITUTE(SUBSTITUTE(B25," ",""),"0",""),"-",""))+LEN(SUBSTITUTE(SUBSTITUTE(SUBSTITUTE(C25," ",""),"0",""),"-","")))>(LEN(SUBSTITUTE(SUBSTITUTE(SUBSTITUTE(E25," ",""),"0",""),"-",""))+LEN(SUBSTITUTE(SUBSTITUTE(SUBSTITUTE(F25," ",""),"0",""),"-",""))),1,0)) | C20: =LEN(SUBSTITUTE(SUBSTITUTE(SUBSTITUTE(B21," ",""),"0",""),"-",""))+LEN(SUBSTITUTE(SUBSTITUTE(SUBSTITUTE(C21," ",""),"0",""),"-",""))+LEN(SUBSTITUTE(SUBSTITUTE(SUBSTITUTE(B22," ",""),"0",""),"-",""))+LEN(SUBSTITUTE(SUBSTITUTE(SUBSTITUTE(C22," ",""),"0",""),"-",""))+LEN(SUBSTITUTE(SUBSTITUTE(SUBSTITUTE(B23," ",""),"0",""),"-",""))+LEN(SUBSTITUTE(SUBSTITUTE(SUBSTITUTE(C23," ",""),"0",""),"-",""))+LEN(SUBSTITUTE(SUBSTITUTE(SUBSTITUTE(B24," ",""),"0",""),"-",""))+LEN(SUBSTITUTE(SUBSTITUTE(SUBSTITUTE(C24," ",""),"0",""),"-",""))+LEN(SUBSTITUTE(SUBSTITUTE(SUBSTITUTE(B25," ",""),"0",""),"-",""))+LEN(SUBSTITUTE(SUBSTITUTE(SUBSTITUTE(C25," ",""),"0",""),"-","")) | E20: =LEN(SUBSTITUTE(SUBSTITUTE(SUBSTITUTE(E21," ",""),"0",""),"-",""))+LEN(SUBSTITUTE(SUBSTITUTE(SUBSTITUTE(F21," ",""),"0",""),"-",""))+LEN(SUBSTITUTE(SUBSTITUTE(SUBSTITUTE(E22," ",""),"0",""),"-",""))+LEN(SUBSTITUTE(SUBSTITUTE(SUBSTITUTE(F22," ",""),"0",""),"-",""))+LEN(SUBSTITUTE(SUBSTITUTE(SUBSTITUTE(E23," ",""),"0",""),"-",""))+LEN(SUBSTITUTE(SUBSTITUTE(SUBSTITUTE(F23," ",""),"0",""),"-",""))+LEN(SUBSTITUTE(SUBSTITUTE(SUBSTITUTE(E24," ",""),"0",""),"-",""))+LEN(SUBSTITUTE(SUBSTITUTE(SUBSTITUTE(F24," ",""),"0",""),"-",""))+LEN(SUBSTITUTE(SUBSTITUTE(SUBSTITUTE(E25," ",""),"0",""),"-",""))+LEN(SUBSTITUTE(SUBSTITUTE(SUBSTITUTE(F25," ",""),"0",""),"-","")) | F20: =IF(UPPER(D21)="X",0,IF((LEN(SUBSTITUTE(SUBSTITUTE(SUBSTITUTE(E21," ",""),"0",""),"-",""))+LEN(SUBSTITUTE(SUBSTITUTE(SUBSTITUTE(F21," ",""),"0",""),"-","")))>(LEN(SUBSTITUTE(SUBSTITUTE(SUBSTITUTE(B21," ",""),"0",""),"-",""))+LEN(SUBSTITUTE(SUBSTITUTE(SUBSTITUTE(C21," ",""),"0",""),"-",""))),1,0))+IF(UPPER(D22)="X",0,IF((LEN(SUBSTITUTE(SUBSTITUTE(SUBSTITUTE(E22," ",""),"0",""),"-",""))+LEN(SUBSTITUTE(SUBSTITUTE(SUBSTITUTE(F22," ",""),"0",""),"-","")))>(LEN(SUBSTITUTE(SUBSTITUTE(SUBSTITUTE(B22," ",""),"0",""),"-",""))+LEN(SUBSTITUTE(SUBSTITUTE(SUBSTITUTE(C22," ",""),"0",""),"-",""))),1,0))+IF(UPPER(D23)="X",0,IF((LEN(SUBSTITUTE(SUBSTITUTE(SUBSTITUTE(E23," ",""),"0",""),"-",""))+LEN(SUBSTITUTE(SUBSTITUTE(SUBSTITUTE(F23," ",""),"0",""),"-","")))>(LEN(SUBSTITUTE(SUBSTITUTE(SUBSTITUTE(B23," ",""),"0",""),"-",""))+LEN(SUBSTITUTE(SUBSTITUTE(SUBSTITUTE(C23," ",""),"0",""),"-",""))),1,0))+IF(UPPER(D24)="X",0,IF((LEN(SUBSTITUTE(SUBSTITUTE(SUBSTITUTE(E24," ",""),"0",""),"-",""))+LEN(SUBSTITUTE(SUBSTITUTE(SUBSTITUTE(F24," ",""),"0",""),"-","")))>(LEN(SUBSTITUTE(SUBSTITUTE(SUBSTITUTE(B24," ",""),"0",""),"-",""))+LEN(SUBSTITUTE(SUBSTITUTE(SUBSTITUTE(C24," ",""),"0",""),"-",""))),1,0))+IF(UPPER(D25)="X",0,IF((LEN(SUBSTITUTE(SUBSTITUTE(SUBSTITUTE(E25," ",""),"0",""),"-",""))+LEN(SUBSTITUTE(SUBSTITUTE(SUBSTITUTE(F25," ",""),"0",""),"-","")))>(LEN(SUBSTITUTE(SUBSTITUTE(SUBSTITUTE(B25," ",""),"0",""),"-",""))+LEN(SUBSTITUTE(SUBSTITUTE(SUBSTITUTE(C25," ",""),"0",""),"-",""))),1,0)) | G20: =data!$D$5&" "&data!$B$5 | I20: =data!$D$12&" "&data!$B$12 | J20: =IF(UPPER(L21)="X",0,IF((LEN(SUBSTITUTE(SUBSTITUTE(SUBSTITUTE(J21," ",""),"0",""),"-",""))+LEN(SUBSTITUTE(SUBSTITUTE(SUBSTITUTE(K21," ",""),"0",""),"-","")))>(LEN(SUBSTITUTE(SUBSTITUTE(SUBSTITUTE(M21," ",""),"0",""),"-",""))+LEN(SUBSTITUTE(SUBSTITUTE(SUBSTITUTE(N21," ",""),"0",""),"-",""))),1,0))+IF(UPPER(L22)="X",0,IF((LEN(SUBSTITUTE(SUBSTITUTE(SUBSTITUTE(J22," ",""),"0",""),"-",""))+LEN(SUBSTITUTE(SUBSTITUTE(SUBSTITUTE(K22," ",""),"0",""),"-","")))>(LEN(SUBSTITUTE(SUBSTITUTE(SUBSTITUTE(M22," ",""),"0",""),"-",""))+LEN(SUBSTITUTE(SUBSTITUTE(SUBSTITUTE(N22," ",""),"0",""),"-",""))),1,0))+IF(UPPER(L23)="X",0,IF((LEN(SUBSTITUTE(SUBSTITUTE(SUBSTITUTE(J23," ",""),"0",""),"-",""))+LEN(SUBSTITUTE(SUBSTITUTE(SUBSTITUTE(K23," ",""),"0",""),"-","")))>(LEN(SUBSTITUTE(SUBSTITUTE(SUBSTITUTE(M23," ",""),"0",""),"-",""))+LEN(SUBSTITUTE(SUBSTITUTE(SUBSTITUTE(N23," ",""),"0",""),"-",""))),1,0))+IF(UPPER(L24)="X",0,IF((LEN(SUBSTITUTE(SUBSTITUTE(SUBSTITUTE(J24," ",""),"0",""),"-",""))+LEN(SUBSTITUTE(SUBSTITUTE(SUBSTITUTE(K24," ",""),"0",""),"-","")))>(LEN(SUBSTITUTE(SUBSTITUTE(SUBSTITUTE(M24," ",""),"0",""),"-",""))+LEN(SUBSTITUTE(SUBSTITUTE(SUBSTITUTE(N24," ",""),"0",""),"-",""))),1,0))+IF(UPPER(L25)="X",0,IF((LEN(SUBSTITUTE(SUBSTITUTE(SUBSTITUTE(J25," ",""),"0",""),"-",""))+LEN(SUBSTITUTE(SUBSTITUTE(SUBSTITUTE(K25," ",""),"0",""),"-","")))>(LEN(SUBSTITUTE(SUBSTITUTE(SUBSTITUTE(M25," ",""),"0",""),"-",""))+LEN(SUBSTITUTE(SUBSTITUTE(SUBSTITUTE(N25," ",""),"0",""),"-",""))),1,0)) | K20: =LEN(SUBSTITUTE(SUBSTITUTE(SUBSTITUTE(J21," ",""),"0",""),"-",""))+LEN(SUBSTITUTE(SUBSTITUTE(SUBSTITUTE(K21," ",""),"0",""),"-",""))+LEN(SUBSTITUTE(SUBSTITUTE(SUBSTITUTE(J22," ",""),"0",""),"-",""))+LEN(SUBSTITUTE(SUBSTITUTE(SUBSTITUTE(K22," ",""),"0",""),"-",""))+LEN(SUBSTITUTE(SUBSTITUTE(SUBSTITUTE(J23," ",""),"0",""),"-",""))+LEN(SUBSTITUTE(SUBSTITUTE(SUBSTITUTE(K23," ",""),"0",""),"-",""))+LEN(SUBSTITUTE(SUBSTITUTE(SUBSTITUTE(J24," ",""),"0",""),"-",""))+LEN(SUBSTITUTE(SUBSTITUTE(SUBSTITUTE(K24," ",""),"0",""),"-",""))+LEN(SUBSTITUTE(SUBSTITUTE(SUBSTITUTE(J25," ",""),"0",""),"-",""))+LEN(SUBSTITUTE(SUBSTITUTE(SUBSTITUTE(K25," ",""),"0",""),"-","")) | M20: =LEN(SUBSTITUTE(SUBSTITUTE(SUBSTITUTE(M21," ",""),"0",""),"-",""))+LEN(SUBSTITUTE(SUBSTITUTE(SUBSTITUTE(N21," ",""),"0",""),"-",""))+LEN(SUBSTITUTE(SUBSTITUTE(SUBSTITUTE(M22," ",""),"0",""),"-",""))+LEN(SUBSTITUTE(SUBSTITUTE(SUBSTITUTE(N22," ",""),"0",""),"-",""))+LEN(SUBSTITUTE(SUBSTITUTE(SUBSTITUTE(M23," ",""),"0",""),"-",""))+LEN(SUBSTITUTE(SUBSTITUTE(SUBSTITUTE(N23," ",""),"0",""),"-",""))+LEN(SUBSTITUTE(SUBSTITUTE(SUBSTITUTE(M24," ",""),"0",""),"-",""))+LEN(SUBSTITUTE(SUBSTITUTE(SUBSTITUTE(N24," ",""),"0",""),"-",""))+LEN(SUBSTITUTE(SUBSTITUTE(SUBSTITUTE(M25," ",""),"0",""),"-",""))+LEN(SUBSTITUTE(SUBSTITUTE(SUBSTITUTE(N25," ",""),"0",""),"-","")) | N20: =IF(UPPER(L21)="X",0,IF((LEN(SUBSTITUTE(SUBSTITUTE(SUBSTITUTE(M21," ",""),"0",""),"-",""))+LEN(SUBSTITUTE(SUBSTITUTE(SUBSTITUTE(N21," ",""),"0",""),"-","")))>(LEN(SUBSTITUTE(SUBSTITUTE(SUBSTITUTE(J21," ",""),"0",""),"-",""))+LEN(SUBSTITUTE(SUBSTITUTE(SUBSTITUTE(K21," ",""),"0",""),"-",""))),1,0))+IF(UPPER(L22)="X",0,IF((LEN(SUBSTITUTE(SUBSTITUTE(SUBSTITUTE(M22," ",""),"0",""),"-",""))+LEN(SUBSTITUTE(SUBSTITUTE(SUBSTITUTE(N22," ",""),"0",""),"-","")))>(LEN(SUBSTITUTE(SUBSTITUTE(SUBSTITUTE(J22," ",""),"0",""),"-",""))+LEN(SUBSTITUTE(SUBSTITUTE(SUBSTITUTE(K22," ",""),"0",""),"-",""))),1,0))+IF(UPPER(L23)="X",0,IF((LEN(SUBSTITUTE(SUBSTITUTE(SUBSTITUTE(M23," ",""),"0",""),"-",""))+LEN(SUBSTITUTE(SUBSTITUTE(SUBSTITUTE(N23," ",""),"0",""),"-","")))>(LEN(SUBSTITUTE(SUBSTITUTE(SUBSTITUTE(J23," ",""),"0",""),"-",""))+LEN(SUBSTITUTE(SUBSTITUTE(SUBSTITUTE(K23," ",""),"0",""),"-",""))),1,0))+IF(UPPER(L24)="X",0,IF((LEN(SUBSTITUTE(SUBSTITUTE(SUBSTITUTE(M24," ",""),"0",""),"-",""))+LEN(SUBSTITUTE(SUBSTITUTE(SUBSTITUTE(N24," ",""),"0",""),"-","")))>(LEN(SUBSTITUTE(SUBSTITUTE(SUBSTITUTE(J24," ",""),"0",""),"-",""))+LEN(SUBSTITUTE(SUBSTITUTE(SUBSTITUTE(K24," ",""),"0",""),"-",""))),1,0))+IF(UPPER(L25)="X",0,IF((LEN(SUBSTITUTE(SUBSTITUTE(SUBSTITUTE(M25," ",""),"0",""),"-",""))+LEN(SUBSTITUTE(SUBSTITUTE(SUBSTITUTE(N25," ",""),"0",""),"-","")))>(LEN(SUBSTITUTE(SUBSTITUTE(SUBSTITUTE(J25," ",""),"0",""),"-",""))+LEN(SUBSTITUTE(SUBSTITUTE(SUBSTITUTE(K25," ",""),"0",""),"-",""))),1,0)) | O20: =data!$D$11&" "&data!$B$11
A21: 1 | G21: 1 | I21: 1 | O21: 1
A22: 2 | G22: 2 | I22: 2 | O22: 2
A23: 3 | G23: 3 | I23: 3 | O23: 3
A24: 4 | G24: 4 | I24: 4 | O24: 4
A25: 5 | G25: 5 | I25: 5 | O25: 5
A27: White | D27: vs | G27: Red
A28: =data!$D$6&" "&data!$B$6 | B28: =IF(UPPER(D29)="X",0,IF((LEN(SUBSTITUTE(SUBSTITUTE(SUBSTITUTE(B29," ",""),"0",""),"-",""))+LEN(SUBSTITUTE(SUBSTITUTE(SUBSTITUTE(C29," ",""),"0",""),"-","")))>(LEN(SUBSTITUTE(SUBSTITUTE(SUBSTITUTE(E29," ",""),"0",""),"-",""))+LEN(SUBSTITUTE(SUBSTITUTE(SUBSTITUTE(F29," ",""),"0",""),"-",""))),1,0))+IF(UPPER(D30)="X",0,IF((LEN(SUBSTITUTE(SUBSTITUTE(SUBSTITUTE(B30," ",""),"0",""),"-",""))+LEN(SUBSTITUTE(SUBSTITUTE(SUBSTITUTE(C30," ",""),"0",""),"-","")))>(LEN(SUBSTITUTE(SUBSTITUTE(SUBSTITUTE(E30," ",""),"0",""),"-",""))+LEN(SUBSTITUTE(SUBSTITUTE(SUBSTITUTE(F30," ",""),"0",""),"-",""))),1,0))+IF(UPPER(D31)="X",0,IF((LEN(SUBSTITUTE(SUBSTITUTE(SUBSTITUTE(B31," ",""),"0",""),"-",""))+LEN(SUBSTITUTE(SUBSTITUTE(SUBSTITUTE(C31," ",""),"0",""),"-","")))>(LEN(SUBSTITUTE(SUBSTITUTE(SUBSTITUTE(E31," ",""),"0",""),"-",""))+LEN(SUBSTITUTE(SUBSTITUTE(SUBSTITUTE(F31," ",""),"0",""),"-",""))),1,0))+IF(UPPER(D32)="X",0,IF((LEN(SUBSTITUTE(SUBSTITUTE(SUBSTITUTE(B32," ",""),"0",""),"-",""))+LEN(SUBSTITUTE(SUBSTITUTE(SUBSTITUTE(C32," ",""),"0",""),"-","")))>(LEN(SUBSTITUTE(SUBSTITUTE(SUBSTITUTE(E32," ",""),"0",""),"-",""))+LEN(SUBSTITUTE(SUBSTITUTE(SUBSTITUTE(F32," ",""),"0",""),"-",""))),1,0))+IF(UPPER(D33)="X",0,IF((LEN(SUBSTITUTE(SUBSTITUTE(SUBSTITUTE(B33," ",""),"0",""),"-",""))+LEN(SUBSTITUTE(SUBSTITUTE(SUBSTITUTE(C33," ",""),"0",""),"-","")))>(LEN(SUBSTITUTE(SUBSTITUTE(SUBSTITUTE(E33," ",""),"0",""),"-",""))+LEN(SUBSTITUTE(SUBSTITUTE(SUBSTITUTE(F33," ",""),"0",""),"-",""))),1,0)) | C28: =LEN(SUBSTITUTE(SUBSTITUTE(SUBSTITUTE(B29," ",""),"0",""),"-",""))+LEN(SUBSTITUTE(SUBSTITUTE(SUBSTITUTE(C29," ",""),"0",""),"-",""))+LEN(SUBSTITUTE(SUBSTITUTE(SUBSTITUTE(B30," ",""),"0",""),"-",""))+LEN(SUBSTITUTE(SUBSTITUTE(SUBSTITUTE(C30," ",""),"0",""),"-",""))+LEN(SUBSTITUTE(SUBSTITUTE(SUBSTITUTE(B31," ",""),"0",""),"-",""))+LEN(SUBSTITUTE(SUBSTITUTE(SUBSTITUTE(C31," ",""),"0",""),"-",""))+LEN(SUBSTITUTE(SUBSTITUTE(SUBSTITUTE(B32," ",""),"0",""),"-",""))+LEN(SUBSTITUTE(SUBSTITUTE(SUBSTITUTE(C32," ",""),"0",""),"-",""))+LEN(SUBSTITUTE(SUBSTITUTE(SUBSTITUTE(B33," ",""),"0",""),"-",""))+LEN(SUBSTITUTE(SUBSTITUTE(SUBSTITUTE(C33," ",""),"0",""),"-","")) | E28: =LEN(SUBSTITUTE(SUBSTITUTE(SUBSTITUTE(E29," ",""),"0",""),"-",""))+LEN(SUBSTITUTE(SUBSTITUTE(SUBSTITUTE(F29," ",""),"0",""),"-",""))+LEN(SUBSTITUTE(SUBSTITUTE(SUBSTITUTE(E30," ",""),"0",""),"-",""))+LEN(SUBSTITUTE(SUBSTITUTE(SUBSTITUTE(F30," ",""),"0",""),"-",""))+LEN(SUBSTITUTE(SUBSTITUTE(SUBSTITUTE(E31," ",""),"0",""),"-",""))+LEN(SUBSTITUTE(SUBSTITUTE(SUBSTITUTE(F31," ",""),"0",""),"-",""))+LEN(SUBSTITUTE(SUBSTITUTE(SUBSTITUTE(E32," ",""),"0",""),"-",""))+LEN(SUBSTITUTE(SUBSTITUTE(SUBSTITUTE(F32," ",""),"0",""),"-",""))+LEN(SUBSTITUTE(SUBSTITUTE(SUBSTITUTE(E33," ",""),"0",""),"-",""))+LEN(SUBSTITUTE(SUBSTITUTE(SUBSTITUTE(F33," ",""),"0",""),"-","")) | F28: =IF(UPPER(D29)="X",0,IF((LEN(SUBSTITUTE(SUBSTITUTE(SUBSTITUTE(E29," ",""),"0",""),"-",""))+LEN(SUBSTITUTE(SUBSTITUTE(SUBSTITUTE(F29," ",""),"0",""),"-","")))>(LEN(SUBSTITUTE(SUBSTITUTE(SUBSTITUTE(B29," ",""),"0",""),"-",""))+LEN(SUBSTITUTE(SUBSTITUTE(SUBSTITUTE(C29," ",""),"0",""),"-",""))),1,0))+IF(UPPER(D30)="X",0,IF((LEN(SUBSTITUTE(SUBSTITUTE(SUBSTITUTE(E30," ",""),"0",""),"-",""))+LEN(SUBSTITUTE(SUBSTITUTE(SUBSTITUTE(F30," ",""),"0",""),"-","")))>(LEN(SUBSTITUTE(SUBSTITUTE(SUBSTITUTE(B30," ",""),"0",""),"-",""))+LEN(SUBSTITUTE(SUBSTITUTE(SUBSTITUTE(C30," ",""),"0",""),"-",""))),1,0))+IF(UPPER(D31)="X",0,IF((LEN(SUBSTITUTE(SUBSTITUTE(SUBSTITUTE(E31," ",""),"0",""),"-",""))+LEN(SUBSTITUTE(SUBSTITUTE(SUBSTITUTE(F31," ",""),"0",""),"-","")))>(LEN(SUBSTITUTE(SUBSTITUTE(SUBSTITUTE(B31," ",""),"0",""),"-",""))+LEN(SUBSTITUTE(SUBSTITUTE(SUBSTITUTE(C31," ",""),"0",""),"-",""))),1,0))+IF(UPPER(D32)="X",0,IF((LEN(SUBSTITUTE(SUBSTITUTE(SUBSTITUTE(E32," ",""),"0",""),"-",""))+LEN(SUBSTITUTE(SUBSTITUTE(SUBSTITUTE(F32," ",""),"0",""),"-","")))>(LEN(SUBSTITUTE(SUBSTITUTE(SUBSTITUTE(B32," ",""),"0",""),"-",""))+LEN(SUBSTITUTE(SUBSTITUTE(SUBSTITUTE(C32," ",""),"0",""),"-",""))),1,0))+IF(UPPER(D33)="X",0,IF((LEN(SUBSTITUTE(SUBSTITUTE(SUBSTITUTE(E33," ",""),"0",""),"-",""))+LEN(SUBSTITUTE(SUBSTITUTE(SUBSTITUTE(F33," ",""),"0",""),"-","")))>(LEN(SUBSTITUTE(SUBSTITUTE(SUBSTITUTE(B33," ",""),"0",""),"-",""))+LEN(SUBSTITUTE(SUBSTITUTE(SUBSTITUTE(C33," ",""),"0",""),"-",""))),1,0)) | G28: =data!$D$3&" "&data!$B$3
A29: 1 | G29: 1
A30: 2 | G30: 2
A31: 3 | G31: 3
A32: 4 | G32: 4
A33: 5 | G33: 5
A35: White | D35: vs | G35: Red
A36: =data!$D$5&" "&data!$B$5 | B36: =IF(UPPER(D37)="X",0,IF((LEN(SUBSTITUTE(SUBSTITUTE(SUBSTITUTE(B37," ",""),"0",""),"-",""))+LEN(SUBSTITUTE(SUBSTITUTE(SUBSTITUTE(C37," ",""),"0",""),"-","")))>(LEN(SUBSTITUTE(SUBSTITUTE(SUBSTITUTE(E37," ",""),"0",""),"-",""))+LEN(SUBSTITUTE(SUBSTITUTE(SUBSTITUTE(F37," ",""),"0",""),"-",""))),1,0))+IF(UPPER(D38)="X",0,IF((LEN(SUBSTITUTE(SUBSTITUTE(SUBSTITUTE(B38," ",""),"0",""),"-",""))+LEN(SUBSTITUTE(SUBSTITUTE(SUBSTITUTE(C38," ",""),"0",""),"-","")))>(LEN(SUBSTITUTE(SUBSTITUTE(SUBSTITUTE(E38," ",""),"0",""),"-",""))+LEN(SUBSTITUTE(SUBSTITUTE(SUBSTITUTE(F38," ",""),"0",""),"-",""))),1,0))+IF(UPPER(D39)="X",0,IF((LEN(SUBSTITUTE(SUBSTITUTE(SUBSTITUTE(B39," ",""),"0",""),"-",""))+LEN(SUBSTITUTE(SUBSTITUTE(SUBSTITUTE(C39," ",""),"0",""),"-","")))>(LEN(SUBSTITUTE(SUBSTITUTE(SUBSTITUTE(E39," ",""),"0",""),"-",""))+LEN(SUBSTITUTE(SUBSTITUTE(SUBSTITUTE(F39," ",""),"0",""),"-",""))),1,0))+IF(UPPER(D40)="X",0,IF((LEN(SUBSTITUTE(SUBSTITUTE(SUBSTITUTE(B40," ",""),"0",""),"-",""))+LEN(SUBSTITUTE(SUBSTITUTE(SUBSTITUTE(C40," ",""),"0",""),"-","")))>(LEN(SUBSTITUTE(SUBSTITUTE(SUBSTITUTE(E40," ",""),"0",""),"-",""))+LEN(SUBSTITUTE(SUBSTITUTE(SUBSTITUTE(F40," ",""),"0",""),"-",""))),1,0))+IF(UPPER(D41)="X",0,IF((LEN(SUBSTITUTE(SUBSTITUTE(SUBSTITUTE(B41," ",""),"0",""),"-",""))+LEN(SUBSTITUTE(SUBSTITUTE(SUBSTITUTE(C41," ",""),"0",""),"-","")))>(LEN(SUBSTITUTE(SUBSTITUTE(SUBSTITUTE(E41," ",""),"0",""),"-",""))+LEN(SUBSTITUTE(SUBSTITUTE(SUBSTITUTE(F41," ",""),"0",""),"-",""))),1,0)) | C36: =LEN(SUBSTITUTE(SUBSTITUTE(SUBSTITUTE(B37," ",""),"0",""),"-",""))+LEN(SUBSTITUTE(SUBSTITUTE(SUBSTITUTE(C37," ",""),"0",""),"-",""))+LEN(SUBSTITUTE(SUBSTITUTE(SUBSTITUTE(B38," ",""),"0",""),"-",""))+LEN(SUBSTITUTE(SUBSTITUTE(SUBSTITUTE(C38," ",""),"0",""),"-",""))+LEN(SUBSTITUTE(SUBSTITUTE(SUBSTITUTE(B39," ",""),"0",""),"-",""))+LEN(SUBSTITUTE(SUBSTITUTE(SUBSTITUTE(C39," ",""),"0",""),"-",""))+LEN(SUBSTITUTE(SUBSTITUTE(SUBSTITUTE(B40," ",""),"0",""),"-",""))+LEN(SUBSTITUTE(SUBSTITUTE(SUBSTITUTE(C40," ",""),"0",""),"-",""))+LEN(SUBSTITUTE(SUBSTITUTE(SUBSTITUTE(B41," ",""),"0",""),"-",""))+LEN(SUBSTITUTE(SUBSTITUTE(SUBSTITUTE(C41," ",""),"0",""),"-","")) | E36: =LEN(SUBSTITUTE(SUBSTITUTE(SUBSTITUTE(E37," ",""),"0",""),"-",""))+LEN(SUBSTITUTE(SUBSTITUTE(SUBSTITUTE(F37," ",""),"0",""),"-",""))+LEN(SUBSTITUTE(SUBSTITUTE(SUBSTITUTE(E38," ",""),"0",""),"-",""))+LEN(SUBSTITUTE(SUBSTITUTE(SUBSTITUTE(F38," ",""),"0",""),"-",""))+LEN(SUBSTITUTE(SUBSTITUTE(SUBSTITUTE(E39," ",""),"0",""),"-",""))+LEN(SUBSTITUTE(SUBSTITUTE(SUBSTITUTE(F39," ",""),"0",""),"-",""))+LEN(SUBSTITUTE(SUBSTITUTE(SUBSTITUTE(E40," ",""),"0",""),"-",""))+LEN(SUBSTITUTE(SUBSTITUTE(SUBSTITUTE(F40," ",""),"0",""),"-",""))+LEN(SUBSTITUTE(SUBSTITUTE(SUBSTITUTE(E41," ",""),"0",""),"-",""))+LEN(SUBSTITUTE(SUBSTITUTE(SUBSTITUTE(F41," ",""),"0",""),"-","")) | F36: =IF(UPPER(D37)="X",0,IF((LEN(SUBSTITUTE(SUBSTITUTE(SUBSTITUTE(E37," ",""),"0",""),"-",""))+LEN(SUBSTITUTE(SUBSTITUTE(SUBSTITUTE(F37," ",""),"0",""),"-","")))>(LEN(SUBSTITUTE(SUBSTITUTE(SUBSTITUTE(B37," ",""),"0",""),"-",""))+LEN(SUBSTITUTE(SUBSTITUTE(SUBSTITUTE(C37," ",""),"0",""),"-",""))),1,0))+IF(UPPER(D38)="X",0,IF((LEN(SUBSTITUTE(SUBSTITUTE(SUBSTITUTE(E38," ",""),"0",""),"-",""))+LEN(SUBSTITUTE(SUBSTITUTE(SUBSTITUTE(F38," ",""),"0",""),"-","")))>(LEN(SUBSTITUTE(SUBSTITUTE(SUBSTITUTE(B38," ",""),"0",""),"-",""))+LEN(SUBSTITUTE(SUBSTITUTE(SUBSTITUTE(C38," ",""),"0",""),"-",""))),1,0))+IF(UPPER(D39)="X",0,IF((LEN(SUBSTITUTE(SUBSTITUTE(SUBSTITUTE(E39," ",""),"0",""),"-",""))+LEN(SUBSTITUTE(SUBSTITUTE(SUBSTITUTE(F39," ",""),"0",""),"-","")))>(LEN(SUBSTITUTE(SUBSTITUTE(SUBSTITUTE(B39," ",""),"0",""),"-",""))+LEN(SUBSTITUTE(SUBSTITUTE(SUBSTITUTE(C39," ",""),"0",""),"-",""))),1,0))+IF(UPPER(D40)="X",0,IF((LEN(SUBSTITUTE(SUBSTITUTE(SUBSTITUTE(E40," ",""),"0",""),"-",""))+LEN(SUBSTITUTE(SUBSTITUTE(SUBSTITUTE(F40," ",""),"0",""),"-","")))>(LEN(SUBSTITUTE(SUBSTITUTE(SUBSTITUTE(B40," ",""),"0",""),"-",""))+LEN(SUBSTITUTE(SUBSTITUTE(SUBSTITUTE(C40," ",""),"0",""),"-",""))),1,0))+IF(UPPER(D41)="X",0,IF((LEN(SUBSTITUTE(SUBSTITUTE(SUBSTITUTE(E41," ",""),"0",""),"-",""))+LEN(SUBSTITUTE(SUBSTITUTE(SUBSTITUTE(F41," ",""),"0",""),"-","")))>(LEN(SUBSTITUTE(SUBSTITUTE(SUBSTITUTE(B41," ",""),"0",""),"-",""))+LEN(SUBSTITUTE(SUBSTITUTE(SUBSTITUTE(C41," ",""),"0",""),"-",""))),1,0)) | G36: =data!$D$3&" "&data!$B$3
A37: 1 | G37: 1
A38: 2 | G38: 2
A39: 3 | G39: 3
A40: 4 | G40: 4
A41: 5 | G41: 5
A43: White | D43: vs | G43: Red
A44: =data!$D$6&" "&data!$B$6 | B44: =IF(UPPER(D45)="X",0,IF((LEN(SUBSTITUTE(SUBSTITUTE(SUBSTITUTE(B45," ",""),"0",""),"-",""))+LEN(SUBSTITUTE(SUBSTITUTE(SUBSTITUTE(C45," ",""),"0",""),"-","")))>(LEN(SUBSTITUTE(SUBSTITUTE(SUBSTITUTE(E45," ",""),"0",""),"-",""))+LEN(SUBSTITUTE(SUBSTITUTE(SUBSTITUTE(F45," ",""),"0",""),"-",""))),1,0))+IF(UPPER(D46)="X",0,IF((LEN(SUBSTITUTE(SUBSTITUTE(SUBSTITUTE(B46," ",""),"0",""),"-",""))+LEN(SUBSTITUTE(SUBSTITUTE(SUBSTITUTE(C46," ",""),"0",""),"-","")))>(LEN(SUBSTITUTE(SUBSTITUTE(SUBSTITUTE(E46," ",""),"0",""),"-",""))+LEN(SUBSTITUTE(SUBSTITUTE(SUBSTITUTE(F46," ",""),"0",""),"-",""))),1,0))+IF(UPPER(D47)="X",0,IF((LEN(SUBSTITUTE(SUBSTITUTE(SUBSTITUTE(B47," ",""),"0",""),"-",""))+LEN(SUBSTITUTE(SUBSTITUTE(SUBSTITUTE(C47," ",""),"0",""),"-","")))>(LEN(SUBSTITUTE(SUBSTITUTE(SUBSTITUTE(E47," ",""),"0",""),"-",""))+LEN(SUBSTITUTE(SUBSTITUTE(SUBSTITUTE(F47," ",""),"0",""),"-",""))),1,0))+IF(UPPER(D48)="X",0,IF((LEN(SUBSTITUTE(SUBSTITUTE(SUBSTITUTE(B48," ",""),"0",""),"-",""))+LEN(SUBSTITUTE(SUBSTITUTE(SUBSTITUTE(C48," ",""),"0",""),"-","")))>(LEN(SUBSTITUTE(SUBSTITUTE(SUBSTITUTE(E48," ",""),"0",""),"-",""))+LEN(SUBSTITUTE(SUBSTITUTE(SUBSTITUTE(F48," ",""),"0",""),"-",""))),1,0))+IF(UPPER(D49)="X",0,IF((LEN(SUBSTITUTE(SUBSTITUTE(SUBSTITUTE(B49," ",""),"0",""),"-",""))+LEN(SUBSTITUTE(SUBSTITUTE(SUBSTITUTE(C49," ",""),"0",""),"-","")))>(LEN(SUBSTITUTE(SUBSTITUTE(SUBSTITUTE(E49," ",""),"0",""),"-",""))+LEN(SUBSTITUTE(SUBSTITUTE(SUBSTITUTE(F49," ",""),"0",""),"-",""))),1,0)) | C44: =LEN(SUBSTITUTE(SUBSTITUTE(SUBSTITUTE(B45," ",""),"0",""),"-",""))+LEN(SUBSTITUTE(SUBSTITUTE(SUBSTITUTE(C45," ",""),"0",""),"-",""))+LEN(SUBSTITUTE(SUBSTITUTE(SUBSTITUTE(B46," ",""),"0",""),"-",""))+LEN(SUBSTITUTE(SUBSTITUTE(SUBSTITUTE(C46," ",""),"0",""),"-",""))+LEN(SUBSTITUTE(SUBSTITUTE(SUBSTITUTE(B47," ",""),"0",""),"-",""))+LEN(SUBSTITUTE(SUBSTITUTE(SUBSTITUTE(C47," ",""),"0",""),"-",""))+LEN(SUBSTITUTE(SUBSTITUTE(SUBSTITUTE(B48," ",""),"0",""),"-",""))+LEN(SUBSTITUTE(SUBSTITUTE(SUBSTITUTE(C48," ",""),"0",""),"-",""))+LEN(SUBSTITUTE(SUBSTITUTE(SUBSTITUTE(B49," ",""),"0",""),"-",""))+LEN(SUBSTITUTE(SUBSTITUTE(SUBSTITUTE(C49," ",""),"0",""),"-","")) | E44: =LEN(SUBSTITUTE(SUBSTITUTE(SUBSTITUTE(E45," ",""),"0",""),"-",""))+LEN(SUBSTITUTE(SUBSTITUTE(SUBSTITUTE(F45," ",""),"0",""),"-",""))+LEN(SUBSTITUTE(SUBSTITUTE(SUBSTITUTE(E46," ",""),"0",""),"-",""))+LEN(SUBSTITUTE(SUBSTITUTE(SUBSTITUTE(F46," ",""),"0",""),"-",""))+LEN(SUBSTITUTE(SUBSTITUTE(SUBSTITUTE(E47," ",""),"0",""),"-",""))+LEN(SUBSTITUTE(SUBSTITUTE(SUBSTITUTE(F47," ",""),"0",""),"-",""))+LEN(SUBSTITUTE(SUBSTITUTE(SUBSTITUTE(E48," ",""),"0",""),"-",""))+LEN(SUBSTITUTE(SUBSTITUTE(SUBSTITUTE(F48," ",""),"0",""),"-",""))+LEN(SUBSTITUTE(SUBSTITUTE(SUBSTITUTE(E49," ",""),"0",""),"-",""))+LEN(SUBSTITUTE(SUBSTITUTE(SUBSTITUTE(F49," ",""),"0",""),"-","")) | F44: =IF(UPPER(D45)="X",0,IF((LEN(SUBSTITUTE(SUBSTITUTE(SUBSTITUTE(E45," ",""),"0",""),"-",""))+LEN(SUBSTITUTE(SUBSTITUTE(SUBSTITUTE(F45," ",""),"0",""),"-","")))>(LEN(SUBSTITUTE(SUBSTITUTE(SUBSTITUTE(B45," ",""),"0",""),"-",""))+LEN(SUBSTITUTE(SUBSTITUTE(SUBSTITUTE(C45," ",""),"0",""),"-",""))),1,0))+IF(UPPER(D46)="X",0,IF((LEN(SUBSTITUTE(SUBSTITUTE(SUBSTITUTE(E46," ",""),"0",""),"-",""))+LEN(SUBSTITUTE(SUBSTITUTE(SUBSTITUTE(F46," ",""),"0",""),"-","")))>(LEN(SUBSTITUTE(SUBSTITUTE(SUBSTITUTE(B46," ",""),"0",""),"-",""))+LEN(SUBSTITUTE(SUBSTITUTE(SUBSTITUTE(C46," ",""),"0",""),"-",""))),1,0))+IF(UPPER(D47)="X",0,IF((LEN(SUBSTITUTE(SUBSTITUTE(SUBSTITUTE(E47," ",""),"0",""),"-",""))+LEN(SUBSTITUTE(SUBSTITUTE(SUBSTITUTE(F47," ",""),"0",""),"-","")))>(LEN(SUBSTITUTE(SUBSTITUTE(SUBSTITUTE(B47," ",""),"0",""),"-",""))+LEN(SUBSTITUTE(SUBSTITUTE(SUBSTITUTE(C47," ",""),"0",""),"-",""))),1,0))+IF(UPPER(D48)="X",0,IF((LEN(SUBSTITUTE(SUBSTITUTE(SUBSTITUTE(E48," ",""),"0",""),"-",""))+LEN(SUBSTITUTE(SUBSTITUTE(SUBSTITUTE(F48," ",""),"0",""),"-","")))>(LEN(SUBSTITUTE(SUBSTITUTE(SUBSTITUTE(B48," ",""),"0",""),"-",""))+LEN(SUBSTITUTE(SUBSTITUTE(SUBSTITUTE(C48," ",""),"0",""),"-",""))),1,0))+IF(UPPER(D49)="X",0,IF((LEN(SUBSTITUTE(SUBSTITUTE(SUBSTITUTE(E49," ",""),"0",""),"-",""))+LEN(SUBSTITUTE(SUBSTITUTE(SUBSTITUTE(F49," ",""),"0",""),"-","")))>(LEN(SUBSTITUTE(SUBSTITUTE(SUBSTITUTE(B49," ",""),"0",""),"-",""))+LEN(SUBSTITUTE(SUBSTITUTE(SUBSTITUTE(C49," ",""),"0",""),"-",""))),1,0)) | G44: =data!$D$4&" "&data!$B$4
A45: 1 | G45: 1
A46: 2 | G46: 2
A47: 3 | G47: 3
A48: 4 | G48: 4
A49: 5 | G49: 5
A52: Team Results | B52: W | C52: L | D52: T | G52: Rank | I52: Team Results | J52: W | K52: L | L52: T | O52: Rank
A53: =data!$D$3&" "&data!$B$3 | B53: =IF(OR(COUNTA(B5:C9,E5:F9)>0,D5="X",D5="x",D6="X",D6="x",D7="X",D7="x",D8="X",D8="x",D9="X",D9="x",OR(D4="X",D4="x")),IF(OR(OR(D4="X",D4="x"),AND(B4=F4,C4=E4)),0,IF(OR(F4>B4,AND(F4=B4,E4>C4)),1,0)),0)+IF(OR(COUNTA(B29:C33,E29:F33)>0,D29="X",D29="x",D30="X",D30="x",D31="X",D31="x",D32="X",D32="x",D33="X",D33="x",OR(D28="X",D28="x")),IF(OR(OR(D28="X",D28="x"),AND(B28=F28,C28=E28)),0,IF(OR(F28>B28,AND(F28=B28,E28>C28)),1,0)),0)+IF(OR(COUNTA(B37:C41,E37:F41)>0,D37="X",D37="x",D38="X",D38="x",D39="X",D39="x",D40="X",D40="x",D41="X",D41="x",OR(D36="X",D36="x")),IF(OR(OR(D36="X",D36="x"),AND(B36=F36,C36=E36)),0,IF(OR(F36>B36,AND(F36=B36,E36>C36)),1,0)),0) | C53: =IF(OR(COUNTA(B5:C9,E5:F9)>0,D5="X",D5="x",D6="X",D6="x",D7="X",D7="x",D8="X",D8="x",D9="X",D9="x",OR(D4="X",D4="x")),IF(OR(OR(D4="X",D4="x"),AND(B4=F4,C4=E4)),0,IF(OR(F4<B4,AND(F4=B4,E4<C4)),1,0)),0)+IF(OR(COUNTA(B29:C33,E29:F33)>0,D29="X",D29="x",D30="X",D30="x",D31="X",D31="x",D32="X",D32="x",D33="X",D33="x",OR(D28="X",D28="x")),IF(OR(OR(D28="X",D28="x"),AND(B28=F28,C28=E28)),0,IF(OR(F28<B28,AND(F28=B28,E28<C28)),1,0)),0)+IF(OR(COUNTA(B37:C41,E37:F41)>0,D37="X",D37="x",D38="X",D38="x",D39="X",D39="x",D40="X",D40="x",D41="X",D41="x",OR(D36="X",D36="x")),IF(OR(OR(D36="X",D36="x"),AND(B36=F36,C36=E36)),0,IF(OR(F36<B36,AND(F36=B36,E36<C36)),1,0)),0) | D53: =IF(OR(COUNTA(B5:C9,E5:F9)>0,D5="X",D5="x",D6="X",D6="x",D7="X",D7="x",D8="X",D8="x",D9="X",D9="x",OR(D4="X",D4="x")),IF(OR(OR(D4="X",D4="x"),AND(B4=F4,C4=E4)),1,0),0)+IF(OR(COUNTA(B29:C33,E29:F33)>0,D29="X",D29="x",D30="X",D30="x",D31="X",D31="x",D32="X",D32="x",D33="X",D33="x",OR(D28="X",D28="x")),IF(OR(OR(D28="X",D28="x"),AND(B28=F28,C28=E28)),1,0),0)+IF(OR(COUNTA(B37:C41,E37:F41)>0,D37="X",D37="x",D38="X",D38="x",D39="X",D39="x",D40="X",D40="x",D41="X",D41="x",OR(D36="X",D36="x")),IF(OR(OR(D36="X",D36="x"),AND(B36=F36,C36=E36)),1,0),0) | G53: =RANK(U53,$U$53:$U$56)+COUNTIF($U$52:U52,U53) | I53: =data!$D$10&" "&data!$B$10 | J53: =IF(OR(COUNTA(J5:K9,M5:N9)>0,L5="X",L5="x",L6="X",L6="x",L7="X",L7="x",L8="X",L8="x",L9="X",L9="x",OR(L4="X",L4="x")),IF(OR(OR(L4="X",L4="x"),AND(J4=N4,K4=M4)),0,IF(OR(N4>J4,AND(N4=J4,M4>K4)),1,0)),0)+IF(OR(COUNTA(J13:K17,M13:N17)>0,L13="X",L13="x",L14="X",L14="x",L15="X",L15="x",L16="X",L16="x",L17="X",L17="x",OR(L12="X",L12="x")),IF(OR(OR(L12="X",L12="x"),AND(J12=N12,K12=M12)),0,IF(OR(N12>J12,AND(N12=J12,M12>K12)),1,0)),0) | K53: =IF(OR(COUNTA(J5:K9,M5:N9)>0,L5="X",L5="x",L6="X",L6="x",L7="X",L7="x",L8="X",L8="x",L9="X",L9="x",OR(L4="X",L4="x")),IF(OR(OR(L4="X",L4="x"),AND(J4=N4,K4=M4)),0,IF(OR(N4<J4,AND(N4=J4,M4<K4)),1,0)),0)+IF(OR(COUNTA(J13:K17,M13:N17)>0,L13="X",L13="x",L14="X",L14="x",L15="X",L15="x",L16="X",L16="x",L17="X",L17="x",OR(L12="X",L12="x")),IF(OR(OR(L12="X",L12="x"),AND(J12=N12,K12=M12)),0,IF(OR(N12<J12,AND(N12=J12,M12<K12)),1,0)),0) | L53: =IF(OR(COUNTA(J5:K9,M5:N9)>0,L5="X",L5="x",L6="X",L6="x",L7="X",L7="x",L8="X",L8="x",L9="X",L9="x",OR(L4="X",L4="x")),IF(OR(OR(L4="X",L4="x"),AND(J4=N4,K4=M4)),1,0),0)+IF(OR(COUNTA(J13:K17,M13:N17)>0,L13="X",L13="x",L14="X",L14="x",L15="X",L15="x",L16="X",L16="x",L17="X",L17="x",OR(L12="X",L12="x")),IF(OR(OR(L12="X",L12="x"),AND(J12=N12,K12=M12)),1,0),0) | O53: =RANK(AC53,$AC$53:$AC$55)+COUNTIF($AC$52:AC52,AC53) | U53: =(B53*1000000000)-(C53*10000000)+(D53*100000)+(B59*1000)-(C59*100)+(D59*10)+(E59*1)-(F59*0.01) | AC53: =(J53*1000000000)-(K53*10000000)+(L53*100000)+(J58*1000)-(K58*100)+(L58*10)+(M58*1)-(N58*0.01)
A54: =data!$D$4&" "&data!$B$4 | B54: =IF(OR(COUNTA(B5:C9,E5:F9)>0,D5="X",D5="x",D6="X",D6="x",D7="X",D7="x",D8="X",D8="x",D9="X",D9="x",OR(D4="X",D4="x")),IF(OR(OR(D4="X",D4="x"),AND(B4=F4,C4=E4)),0,IF(OR(B4>F4,AND(B4=F4,C4>E4)),1,0)),0)+IF(OR(COUNTA(B13:C17,E13:F17)>0,D13="X",D13="x",D14="X",D14="x",D15="X",D15="x",D16="X",D16="x",D17="X",D17="x",OR(D12="X",D12="x")),IF(OR(OR(D12="X",D12="x"),AND(B12=F12,C12=E12)),0,IF(OR(B12>F12,AND(B12=F12,C12>E12)),1,0)),0)+IF(OR(COUNTA(B45:C49,E45:F49)>0,D45="X",D45="x",D46="X",D46="x",D47="X",D47="x",D48="X",D48="x",D49="X",D49="x",OR(D44="X",D44="x")),IF(OR(OR(D44="X",D44="x"),AND(B44=F44,C44=E44)),0,IF(OR(F44>B44,AND(F44=B44,E44>C44)),1,0)),0) | C54: =IF(OR(COUNTA(B5:C9,E5:F9)>0,D5="X",D5="x",D6="X",D6="x",D7="X",D7="x",D8="X",D8="x",D9="X",D9="x",OR(D4="X",D4="x")),IF(OR(OR(D4="X",D4="x"),AND(B4=F4,C4=E4)),0,IF(OR(B4<F4,AND(B4=F4,C4<E4)),1,0)),0)+IF(OR(COUNTA(B13:C17,E13:F17)>0,D13="X",D13="x",D14="X",D14="x",D15="X",D15="x",D16="X",D16="x",D17="X",D17="x",OR(D12="X",D12="x")),IF(OR(OR(D12="X",D12="x"),AND(B12=F12,C12=E12)),0,IF(OR(B12<F12,AND(B12=F12,C12<E12)),1,0)),0)+IF(OR(COUNTA(B45:C49,E45:F49)>0,D45="X",D45="x",D46="X",D46="x",D47="X",D47="x",D48="X",D48="x",D49="X",D49="x",OR(D44="X",D44="x")),IF(OR(OR(D44="X",D44="x"),AND(B44=F44,C44=E44)),0,IF(OR(F44<B44,AND(F44=B44,E44<C44)),1,0)),0) | D54: =IF(OR(COUNTA(B5:C9,E5:F9)>0,D5="X",D5="x",D6="X",D6="x",D7="X",D7="x",D8="X",D8="x",D9="X",D9="x",OR(D4="X",D4="x")),IF(OR(OR(D4="X",D4="x"),AND(B4=F4,C4=E4)),1,0),0)+IF(OR(COUNTA(B13:C17,E13:F17)>0,D13="X",D13="x",D14="X",D14="x",D15="X",D15="x",D16="X",D16="x",D17="X",D17="x",OR(D12="X",D12="x")),IF(OR(OR(D12="X",D12="x"),AND(B12=F12,C12=E12)),1,0),0)+IF(OR(COUNTA(B45:C49,E45:F49)>0,D45="X",D45="x",D46="X",D46="x",D47="X",D47="x",D48="X",D48="x",D49="X",D49="x",OR(D44="X",D44="x")),IF(OR(OR(D44="X",D44="x"),AND(B44=F44,C44=E44)),1,0),0) | G54: =RANK(U54,$U$53:$U$56)+COUNTIF($U$52:U53,U54) | I54: =data!$D$11&" "&data!$B$11 | J54: =IF(OR(COUNTA(J5:K9,M5:N9)>0,L5="X",L5="x",L6="X",L6="x",L7="X",L7="x",L8="X",L8="x",L9="X",L9="x",OR(L4="X",L4="x")),IF(OR(OR(L4="X",L4="x"),AND(J4=N4,K4=M4)),0,IF(OR(J4>N4,AND(J4=N4,K4>M4)),1,0)),0)+IF(OR(COUNTA(J21:K25,M21:N25)>0,L21="X",L21="x",L22="X",L22="x",L23="X",L23="x",L24="X",L24="x",L25="X",L25="x",OR(L20="X",L20="x")),IF(OR(OR(L20="X",L20="x"),AND(J20=N20,K20=M20)),0,IF(OR(N20>J20,AND(N20=J20,M20>K20)),1,0)),0) | K54: =IF(OR(COUNTA(J5:K9,M5:N9)>0,L5="X",L5="x",L6="X",L6="x",L7="X",L7="x",L8="X",L8="x",L9="X",L9="x",OR(L4="X",L4="x")),IF(OR(OR(L4="X",L4="x"),AND(J4=N4,K4=M4)),0,IF(OR(J4<N4,AND(J4=N4,K4<M4)),1,0)),0)+IF(OR(COUNTA(J21:K25,M21:N25)>0,L21="X",L21="x",L22="X",L22="x",L23="X",L23="x",L24="X",L24="x",L25="X",L25="x",OR(L20="X",L20="x")),IF(OR(OR(L20="X",L20="x"),AND(J20=N20,K20=M20)),0,IF(OR(N20<J20,AND(N20=J20,M20<K20)),1,0)),0) | L54: =IF(OR(COUNTA(J5:K9,M5:N9)>0,L5="X",L5="x",L6="X",L6="x",L7="X",L7="x",L8="X",L8="x",L9="X",L9="x",OR(L4="X",L4="x")),IF(OR(OR(L4="X",L4="x"),AND(J4=N4,K4=M4)),1,0),0)+IF(OR(COUNTA(J21:K25,M21:N25)>0,L21="X",L21="x",L22="X",L22="x",L23="X",L23="x",L24="X",L24="x",L25="X",L25="x",OR(L20="X",L20="x")),IF(OR(OR(L20="X",L20="x"),AND(J20=N20,K20=M20)),1,0),0) | O54: =RANK(AC54,$AC$53:$AC$55)+COUNTIF($AC$52:AC53,AC54) | U54: =(B54*1000000000)-(C54*10000000)+(D54*100000)+(B60*1000)-(C60*100)+(D60*10)+(E60*1)-(F60*0.01) | AC54: =(J54*1000000000)-(K54*10000000)+(L54*100000)+(J59*1000)-(K59*100)+(L59*10)+(M59*1)-(N59*0.01)
A55: =data!$D$5&" "&data!$B$5 | B55: =IF(OR(COUNTA(B13:C17,E13:F17)>0,D13="X",D13="x",D14="X",D14="x",D15="X",D15="x",D16="X",D16="x",D17="X",D17="x",OR(D12="X",D12="x")),IF(OR(OR(D12="X",D12="x"),AND(B12=F12,C12=E12)),0,IF(OR(F12>B12,AND(F12=B12,E12>C12)),1,0)),0)+IF(OR(COUNTA(B21:C25,E21:F25)>0,D21="X",D21="x",D22="X",D22="x",D23="X",D23="x",D24="X",D24="x",D25="X",D25="x",OR(D20="X",D20="x")),IF(OR(OR(D20="X",D20="x"),AND(B20=F20,C20=E20)),0,IF(OR(F20>B20,AND(F20=B20,E20>C20)),1,0)),0)+IF(OR(COUNTA(B37:C41,E37:F41)>0,D37="X",D37="x",D38="X",D38="x",D39="X",D39="x",D40="X",D40="x",D41="X",D41="x",OR(D36="X",D36="x")),IF(OR(OR(D36="X",D36="x"),AND(B36=F36,C36=E36)),0,IF(OR(B36>F36,AND(B36=F36,C36>E36)),1,0)),0) | C55: =IF(OR(COUNTA(B13:C17,E13:F17)>0,D13="X",D13="x",D14="X",D14="x",D15="X",D15="x",D16="X",D16="x",D17="X",D17="x",OR(D12="X",D12="x")),IF(OR(OR(D12="X",D12="x"),AND(B12=F12,C12=E12)),0,IF(OR(F12<B12,AND(F12=B12,E12<C12)),1,0)),0)+IF(OR(COUNTA(B21:C25,E21:F25)>0,D21="X",D21="x",D22="X",D22="x",D23="X",D23="x",D24="X",D24="x",D25="X",D25="x",OR(D20="X",D20="x")),IF(OR(OR(D20="X",D20="x"),AND(B20=F20,C20=E20)),0,IF(OR(F20<B20,AND(F20=B20,E20<C20)),1,0)),0)+IF(OR(COUNTA(B37:C41,E37:F41)>0,D37="X",D37="x",D38="X",D38="x",D39="X",D39="x",D40="X",D40="x",D41="X",D41="x",OR(D36="X",D36="x")),IF(OR(OR(D36="X",D36="x"),AND(B36=F36,C36=E36)),0,IF(OR(B36<F36,AND(B36=F36,C36<E36)),1,0)),0) | D55: =IF(OR(COUNTA(B13:C17,E13:F17)>0,D13="X",D13="x",D14="X",D14="x",D15="X",D15="x",D16="X",D16="x",D17="X",D17="x",OR(D12="X",D12="x")),IF(OR(OR(D12="X",D12="x"),AND(B12=F12,C12=E12)),1,0),0)+IF(OR(COUNTA(B21:C25,E21:F25)>0,D21="X",D21="x",D22="X",D22="x",D23="X",D23="x",D24="X",D24="x",D25="X",D25="x",OR(D20="X",D20="x")),IF(OR(OR(D20="X",D20="x"),AND(B20=F20,C20=E20)),1,0),0)+IF(OR(COUNTA(B37:C41,E37:F41)>0,D37="X",D37="x",D38="X",D38="x",D39="X",D39="x",D40="X",D40="x",D41="X",D41="x",OR(D36="X",D36="x")),IF(OR(OR(D36="X",D36="x"),AND(B36=F36,C36=E36)),1,0),0) | G55: =RANK(U55,$U$53:$U$56)+COUNTIF($U$52:U54,U55) | I55: =data!$D$12&" "&data!$B$12 | J55: =IF(OR(COUNTA(J13:K17,M13:N17)>0,L13="X",L13="x",L14="X",L14="x",L15="X",L15="x",L16="X",L16="x",L17="X",L17="x",OR(L12="X",L12="x")),IF(OR(OR(L12="X",L12="x"),AND(J12=N12,K12=M12)),0,IF(OR(J12>N12,AND(J12=N12,K12>M12)),1,0)),0)+IF(OR(COUNTA(J21:K25,M21:N25)>0,L21="X",L21="x",L22="X",L22="x",L23="X",L23="x",L24="X",L24="x",L25="X",L25="x",OR(L20="X",L20="x")),IF(OR(OR(L20="X",L20="x"),AND(J20=N20,K20=M20)),0,IF(OR(J20>N20,AND(J20=N20,K20>M20)),1,0)),0) | K55: =IF(OR(COUNTA(J13:K17,M13:N17)>0,L13="X",L13="x",L14="X",L14="x",L15="X",L15="x",L16="X",L16="x",L17="X",L17="x",OR(L12="X",L12="x")),IF(OR(OR(L12="X",L12="x"),AND(J12=N12,K12=M12)),0,IF(OR(J12<N12,AND(J12=N12,K12<M12)),1,0)),0)+IF(OR(COUNTA(J21:K25,M21:N25)>0,L21="X",L21="x",L22="X",L22="x",L23="X",L23="x",L24="X",L24="x",L25="X",L25="x",OR(L20="X",L20="x")),IF(OR(OR(L20="X",L20="x"),AND(J20=N20,K20=M20)),0,IF(OR(J20<N20,AND(J20=N20,K20<M20)),1,0)),0) | L55: =IF(OR(COUNTA(J13:K17,M13:N17)>0,L13="X",L13="x",L14="X",L14="x",L15="X",L15="x",L16="X",L16="x",L17="X",L17="x",OR(L12="X",L12="x")),IF(OR(OR(L12="X",L12="x"),AND(J12=N12,K12=M12)),1,0),0)+IF(OR(COUNTA(J21:K25,M21:N25)>0,L21="X",L21="x",L22="X",L22="x",L23="X",L23="x",L24="X",L24="x",L25="X",L25="x",OR(L20="X",L20="x")),IF(OR(OR(L20="X",L20="x"),AND(J20=N20,K20=M20)),1,0),0) | O55: =RANK(AC55,$AC$53:$AC$55)+COUNTIF($AC$52:AC54,AC55) | U55: =(B55*1000000000)-(C55*10000000)+(D55*100000)+(B61*1000)-(C61*100)+(D61*10)+(E61*1)-(F61*0.01) | AC55: =(J55*1000000000)-(K55*10000000)+(L55*100000)+(J60*1000)-(K60*100)+(L60*10)+(M60*1)-(N60*0.01)
A56: =data!$D$6&" "&data!$B$6 | B56: =IF(OR(COUNTA(B21:C25,E21:F25)>0,D21="X",D21="x",D22="X",D22="x",D23="X",D23="x",D24="X",D24="x",D25="X",D25="x",OR(D20="X",D20="x")),IF(OR(OR(D20="X",D20="x"),AND(B20=F20,C20=E20)),0,IF(OR(B20>F20,AND(B20=F20,C20>E20)),1,0)),0)+IF(OR(COUNTA(B29:C33,E29:F33)>0,D29="X",D29="x",D30="X",D30="x",D31="X",D31="x",D32="X",D32="x",D33="X",D33="x",OR(D28="X",D28="x")),IF(OR(OR(D28="X",D28="x"),AND(B28=F28,C28=E28)),0,IF(OR(B28>F28,AND(B28=F28,C28>E28)),1,0)),0)+IF(OR(COUNTA(B45:C49,E45:F49)>0,D45="X",D45="x",D46="X",D46="x",D47="X",D47="x",D48="X",D48="x",D49="X",D49="x",OR(D44="X",D44="x")),IF(OR(OR(D44="X",D44="x"),AND(B44=F44,C44=E44)),0,IF(OR(B44>F44,AND(B44=F44,C44>E44)),1,0)),0) | C56: =IF(OR(COUNTA(B21:C25,E21:F25)>0,D21="X",D21="x",D22="X",D22="x",D23="X",D23="x",D24="X",D24="x",D25="X",D25="x",OR(D20="X",D20="x")),IF(OR(OR(D20="X",D20="x"),AND(B20=F20,C20=E20)),0,IF(OR(B20<F20,AND(B20=F20,C20<E20)),1,0)),0)+IF(OR(COUNTA(B29:C33,E29:F33)>0,D29="X",D29="x",D30="X",D30="x",D31="X",D31="x",D32="X",D32="x",D33="X",D33="x",OR(D28="X",D28="x")),IF(OR(OR(D28="X",D28="x"),AND(B28=F28,C28=E28)),0,IF(OR(B28<F28,AND(B28=F28,C28<E28)),1,0)),0)+IF(OR(COUNTA(B45:C49,E45:F49)>0,D45="X",D45="x",D46="X",D46="x",D47="X",D47="x",D48="X",D48="x",D49="X",D49="x",OR(D44="X",D44="x")),IF(OR(OR(D44="X",D44="x"),AND(B44=F44,C44=E44)),0,IF(OR(B44<F44,AND(B44=F44,C44<E44)),1,0)),0) | D56: =IF(OR(COUNTA(B21:C25,E21:F25)>0,D21="X",D21="x",D22="X",D22="x",D23="X",D23="x",D24="X",D24="x",D25="X",D25="x",OR(D20="X",D20="x")),IF(OR(OR(D20="X",D20="x"),AND(B20=F20,C20=E20)),1,0),0)+IF(OR(COUNTA(B29:C33,E29:F33)>0,D29="X",D29="x",D30="X",D30="x",D31="X",D31="x",D32="X",D32="x",D33="X",D33="x",OR(D28="X",D28="x")),IF(OR(OR(D28="X",D28="x"),AND(B28=F28,C28=E28)),1,0),0)+IF(OR(COUNTA(B45:C49,E45:F49)>0,D45="X",D45="x",D46="X",D46="x",D47="X",D47="x",D48="X",D48="x",D49="X",D49="x",OR(D44="X",D44="x")),IF(OR(OR(D44="X",D44="x"),AND(B44=F44,C44=E44)),1,0),0) | G56: =RANK(U56,$U$53:$U$56)+COUNTIF($U$52:U55,U56) | U56: =(B56*1000000000)-(C56*10000000)+(D56*100000)+(B62*1000)-(C62*100)+(D62*10)+(E62*1)-(F62*0.01)
J57: IV | K57: IL | L57: IT | M57: PW | N57: PL
B58: IV | C58: IL | D58: IT | E58: PW | F58: PL | I58: =data!$D$10&" "&data!$B$10 | J58: =IF(OR(COUNTA(J5:K9,M5:N9)>0,OR(L4="X",L4="x"),UPPER(L5)="X",UPPER(L6)="X",UPPER(L7)="X",UPPER(L8)="X",UPPER(L9)="X"),N4,0)+IF(OR(COUNTA(J13:K17,M13:N17)>0,OR(L12="X",L12="x"),UPPER(L13)="X",UPPER(L14)="X",UPPER(L15)="X",UPPER(L16)="X",UPPER(L17)="X"),N12,0) | K58: =IF(OR(COUNTA(J5:K9,M5:N9)>0,OR(L4="X",L4="x"),UPPER(L5)="X",UPPER(L6)="X",UPPER(L7)="X",UPPER(L8)="X",UPPER(L9)="X"),J4,0)+IF(OR(COUNTA(J13:K17,M13:N17)>0,OR(L12="X",L12="x"),UPPER(L13)="X",UPPER(L14)="X",UPPER(L15)="X",UPPER(L16)="X",UPPER(L17)="X"),J12,0) | L58: =IF(OR(COUNTA(J5:K9,M5:N9)>0,OR(L4="X",L4="x"),UPPER(L5)="X",UPPER(L6)="X",UPPER(L7)="X",UPPER(L8)="X",UPPER(L9)="X"),(IF(OR(L5="X",L5="x",AND(COUNTA(J5,K5,M5,N5)>0,(LEN(SUBSTITUTE(SUBSTITUTE(SUBSTITUTE(J5," ",""),"0",""),"-",""))+LEN(SUBSTITUTE(SUBSTITUTE(SUBSTITUTE(K5," ",""),"0",""),"-","")))=(LEN(SUBSTITUTE(SUBSTITUTE(SUBSTITUTE(M5," ",""),"0",""),"-",""))+LEN(SUBSTITUTE(SUBSTITUTE(SUBSTITUTE(N5," ",""),"0",""),"-",""))))),1,0)+IF(OR(L6="X",L6="x",AND(COUNTA(J6,K6,M6,N6)>0,(LEN(SUBSTITUTE(SUBSTITUTE(SUBSTITUTE(J6," ",""),"0",""),"-",""))+LEN(SUBSTITUTE(SUBSTITUTE(SUBSTITUTE(K6," ",""),"0",""),"-","")))=(LEN(SUBSTITUTE(SUBSTITUTE(SUBSTITUTE(M6," ",""),"0",""),"-",""))+LEN(SUBSTITUTE(SUBSTITUTE(SUBSTITUTE(N6," ",""),"0",""),"-",""))))),1,0)+IF(OR(L7="X",L7="x",AND(COUNTA(J7,K7,M7,N7)>0,(LEN(SUBSTITUTE(SUBSTITUTE(SUBSTITUTE(J7," ",""),"0",""),"-",""))+LEN(SUBSTITUTE(SUBSTITUTE(SUBSTITUTE(K7," ",""),"0",""),"-","")))=(LEN(SUBSTITUTE(SUBSTITUTE(SUBSTITUTE(M7," ",""),"0",""),"-",""))+LEN(SUBSTITUTE(SUBSTITUTE(SUBSTITUTE(N7," ",""),"0",""),"-",""))))),1,0)+IF(OR(L8="X",L8="x",AND(COUNTA(J8,K8,M8,N8)>0,(LEN(SUBSTITUTE(SUBSTITUTE(SUBSTITUTE(J8," ",""),"0",""),"-",""))+LEN(SUBSTITUTE(SUBSTITUTE(SUBSTITUTE(K8," ",""),"0",""),"-","")))=(LEN(SUBSTITUTE(SUBSTITUTE(SUBSTITUTE(M8," ",""),"0",""),"-",""))+LEN(SUBSTITUTE(SUBSTITUTE(SUBSTITUTE(N8," ",""),"0",""),"-",""))))),1,0)+IF(OR(L9="X",L9="x",AND(COUNTA(J9,K9,M9,N9)>0,(LEN(SUBSTITUTE(SUBSTITUTE(SUBSTITUTE(J9," ",""),"0",""),"-",""))+LEN(SUBSTITUTE(SUBSTITUTE(SUBSTITUTE(K9," ",""),"0",""),"-","")))=(LEN(SUBSTITUTE(SUBSTITUTE(SUBSTITUTE(M9," ",""),"0",""),"-",""))+LEN(SUBSTITUTE(SUBSTITUTE(SUBSTITUTE(N9," ",""),"0",""),"-",""))))),1,0)),0)+IF(OR(COUNTA(J13:K17,M13:N17)>0,OR(L12="X",L12="x"),UPPER(L13)="X",UPPER(L14)="X",UPPER(L15)="X",UPPER(L16)="X",UPPER(L17)="X"),(IF(OR(L13="X",L13="x",AND(COUNTA(J13,K13,M13,N13)>0,(LEN(SUBSTITUTE(SUBSTITUTE(SUBSTITUTE(J13," ",""),"0",""),"-",""))+LEN(SUBSTITUTE(SUBSTITUTE(SUBSTITUTE(K13," ",""),"0",""),"-","")))=(LEN(SUBSTITUTE(SUBSTITUTE(SUBSTITUTE(M13," ",""),"0",""),"-",""))+LEN(SUBSTITUTE(SUBSTITUTE(SUBSTITUTE(N13," ",""),"0",""),"-",""))))),1,0)+IF(OR(L14="X",L14="x",AND(COUNTA(J14,K14,M14,N14)>0,(LEN(SUBSTITUTE(SUBSTITUTE(SUBSTITUTE(J14," ",""),"0",""),"-",""))+LEN(SUBSTITUTE(SUBSTITUTE(SUBSTITUTE(K14," ",""),"0",""),"-","")))=(LEN(SUBSTITUTE(SUBSTITUTE(SUBSTITUTE(M14," ",""),"0",""),"-",""))+LEN(SUBSTITUTE(SUBSTITUTE(SUBSTITUTE(N14," ",""),"0",""),"-",""))))),1,0)+IF(OR(L15="X",L15="x",AND(COUNTA(J15,K15,M15,N15)>0,(LEN(SUBSTITUTE(SUBSTITUTE(SUBSTITUTE(J15," ",""),"0",""),"-",""))+LEN(SUBSTITUTE(SUBSTITUTE(SUBSTITUTE(K15," ",""),"0",""),"-","")))=(LEN(SUBSTITUTE(SUBSTITUTE(SUBSTITUTE(M15," ",""),"0",""),"-",""))+LEN(SUBSTITUTE(SUBSTITUTE(SUBSTITUTE(N15," ",""),"0",""),"-",""))))),1,0)+IF(OR(L16="X",L16="x",AND(COUNTA(J16,K16,M16,N16)>0,(LEN(SUBSTITUTE(SUBSTITUTE(SUBSTITUTE(J16," ",""),"0",""),"-",""))+LEN(SUBSTITUTE(SUBSTITUTE(SUBSTITUTE(K16," ",""),"0",""),"-","")))=(LEN(SUBSTITUTE(SUBSTITUTE(SUBSTITUTE(M16," ",""),"0",""),"-",""))+LEN(SUBSTITUTE(SUBSTITUTE(SUBSTITUTE(N16," ",""),"0",""),"-",""))))),1,0)+IF(OR(L17="X",L17="x",AND(COUNTA(J17,K17,M17,N17)>0,(LEN(SUBSTITUTE(SUBSTITUTE(SUBSTITUTE(J17," ",""),"0",""),"-",""))+LEN(SUBSTITUTE(SUBSTITUTE(SUBSTITUTE(K17," ",""),"0",""),"-","")))=(LEN(SUBSTITUTE(SUBSTITUTE(SUBSTITUTE(M17," ",""),"0",""),"-",""))+LEN(SUBSTITUTE(SUBSTITUTE(SUBSTITUTE(N17," ",""),"0",""),"-",""))))),1,0)),0) | M58: =M4+M12 | N58: =K4+K12
A59: =data!$D$3&" "&data!$B$3 | B59: =IF(OR(COUNTA(B5:C9,E5:F9)>0,OR(D4="X",D4="x"),UPPER(D5)="X",UPPER(D6)="X",UPPER(D7)="X",UPPER(D8)="X",UPPER(D9)="X"),F4,0)+IF(OR(COUNTA(B29:C33,E29:F33)>0,OR(D28="X",D28="x"),UPPER(D29)="X",UPPER(D30)="X",UPPER(D31)="X",UPPER(D32)="X",UPPER(D33)="X"),F28,0)+IF(OR(COUNTA(B37:C41,E37:F41)>0,OR(D36="X",D36="x"),UPPER(D37)="X",UPPER(D38)="X",UPPER(D39)="X",UPPER(D40)="X",UPPER(D41)="X"),F36,0) | C59: =IF(OR(COUNTA(B5:C9,E5:F9)>0,OR(D4="X",D4="x"),UPPER(D5)="X",UPPER(D6)="X",UPPER(D7)="X",UPPER(D8)="X",UPPER(D9)="X"),B4,0)+IF(OR(COUNTA(B29:C33,E29:F33)>0,OR(D28="X",D28="x"),UPPER(D29)="X",UPPER(D30)="X",UPPER(D31)="X",UPPER(D32)="X",UPPER(D33)="X"),B28,0)+IF(OR(COUNTA(B37:C41,E37:F41)>0,OR(D36="X",D36="x"),UPPER(D37)="X",UPPER(D38)="X",UPPER(D39)="X",UPPER(D40)="X",UPPER(D41)="X"),B36,0) | D59: =IF(OR(COUNTA(B5:C9,E5:F9)>0,OR(D4="X",D4="x"),UPPER(D5)="X",UPPER(D6)="X",UPPER(D7)="X",UPPER(D8)="X",UPPER(D9)="X"),(IF(OR(D5="X",D5="x",AND(COUNTA(B5,C5,E5,F5)>0,(LEN(SUBSTITUTE(SUBSTITUTE(SUBSTITUTE(B5," ",""),"0",""),"-",""))+LEN(SUBSTITUTE(SUBSTITUTE(SUBSTITUTE(C5," ",""),"0",""),"-","")))=(LEN(SUBSTITUTE(SUBSTITUTE(SUBSTITUTE(E5," ",""),"0",""),"-",""))+LEN(SUBSTITUTE(SUBSTITUTE(SUBSTITUTE(F5," ",""),"0",""),"-",""))))),1,0)+IF(OR(D6="X",D6="x",AND(COUNTA(B6,C6,E6,F6)>0,(LEN(SUBSTITUTE(SUBSTITUTE(SUBSTITUTE(B6," ",""),"0",""),"-",""))+LEN(SUBSTITUTE(SUBSTITUTE(SUBSTITUTE(C6," ",""),"0",""),"-","")))=(LEN(SUBSTITUTE(SUBSTITUTE(SUBSTITUTE(E6," ",""),"0",""),"-",""))+LEN(SUBSTITUTE(SUBSTITUTE(SUBSTITUTE(F6," ",""),"0",""),"-",""))))),1,0)+IF(OR(D7="X",D7="x",AND(COUNTA(B7,C7,E7,F7)>0,(LEN(SUBSTITUTE(SUBSTITUTE(SUBSTITUTE(B7," ",""),"0",""),"-",""))+LEN(SUBSTITUTE(SUBSTITUTE(SUBSTITUTE(C7," ",""),"0",""),"-","")))=(LEN(SUBSTITUTE(SUBSTITUTE(SUBSTITUTE(E7," ",""),"0",""),"-",""))+LEN(SUBSTITUTE(SUBSTITUTE(SUBSTITUTE(F7," ",""),"0",""),"-",""))))),1,0)+IF(OR(D8="X",D8="x",AND(COUNTA(B8,C8,E8,F8)>0,(LEN(SUBSTITUTE(SUBSTITUTE(SUBSTITUTE(B8," ",""),"0",""),"-",""))+LEN(SUBSTITUTE(SUBSTITUTE(SUBSTITUTE(C8," ",""),"0",""),"-","")))=(LEN(SUBSTITUTE(SUBSTITUTE(SUBSTITUTE(E8," ",""),"0",""),"-",""))+LEN(SUBSTITUTE(SUBSTITUTE(SUBSTITUTE(F8," ",""),"0",""),"-",""))))),1,0)+IF(OR(D9="X",D9="x",AND(COUNTA(B9,C9,E9,F9)>0,(LEN(SUBSTITUTE(SUBSTITUTE(SUBSTITUTE(B9," ",""),"0",""),"-",""))+LEN(SUBSTITUTE(SUBSTITUTE(SUBSTITUTE(C9," ",""),"0",""),"-","")))=(LEN(SUBSTITUTE(SUBSTITUTE(SUBSTITUTE(E9," ",""),"0",""),"-",""))+LEN(SUBSTITUTE(SUBSTITUTE(SUBSTITUTE(F9," ",""),"0",""),"-",""))))),1,0)),0)+IF(OR(COUNTA(B29:C33,E29:F33)>0,OR(D28="X",D28="x"),UPPER(D29)="X",UPPER(D30)="X",UPPER(D31)="X",UPPER(D32)="X",UPPER(D33)="X"),(IF(OR(D29="X",D29="x",AND(COUNTA(B29,C29,E29,F29)>0,(LEN(SUBSTITUTE(SUBSTITUTE(SUBSTITUTE(B29," ",""),"0",""),"-",""))+LEN(SUBSTITUTE(SUBSTITUTE(SUBSTITUTE(C29," ",""),"0",""),"-","")))=(LEN(SUBSTITUTE(SUBSTITUTE(SUBSTITUTE(E29," ",""),"0",""),"-",""))+LEN(SUBSTITUTE(SUBSTITUTE(SUBSTITUTE(F29," ",""),"0",""),"-",""))))),1,0)+IF(OR(D30="X",D30="x",AND(COUNTA(B30,C30,E30,F30)>0,(LEN(SUBSTITUTE(SUBSTITUTE(SUBSTITUTE(B30," ",""),"0",""),"-",""))+LEN(SUBSTITUTE(SUBSTITUTE(SUBSTITUTE(C30," ",""),"0",""),"-","")))=(LEN(SUBSTITUTE(SUBSTITUTE(SUBSTITUTE(E30," ",""),"0",""),"-",""))+LEN(SUBSTITUTE(SUBSTITUTE(SUBSTITUTE(F30," ",""),"0",""),"-",""))))),1,0)+IF(OR(D31="X",D31="x",AND(COUNTA(B31,C31,E31,F31)>0,(LEN(SUBSTITUTE(SUBSTITUTE(SUBSTITUTE(B31," ",""),"0",""),"-",""))+LEN(SUBSTITUTE(SUBSTITUTE(SUBSTITUTE(C31," ",""),"0",""),"-","")))=(LEN(SUBSTITUTE(SUBSTITUTE(SUBSTITUTE(E31," ",""),"0",""),"-",""))+LEN(SUBSTITUTE(SUBSTITUTE(SUBSTITUTE(F31," ",""),"0",""),"-",""))))),1,0)+IF(OR(D32="X",D32="x",AND(COUNTA(B32,C32,E32,F32)>0,(LEN(SUBSTITUTE(SUBSTITUTE(SUBSTITUTE(B32," ",""),"0",""),"-",""))+LEN(SUBSTITUTE(SUBSTITUTE(SUBSTITUTE(C32," ",""),"0",""),"-","")))=(LEN(SUBSTITUTE(SUBSTITUTE(SUBSTITUTE(E32," ",""),"0",""),"-",""))+LEN(SUBSTITUTE(SUBSTITUTE(SUBSTITUTE(F32," ",""),"0",""),"-",""))))),1,0)+IF(OR(D33="X",D33="x",AND(COUNTA(B33,C33,E33,F33)>0,(LEN(SUBSTITUTE(SUBSTITUTE(SUBSTITUTE(B33," ",""),"0",""),"-",""))+LEN(SUBSTITUTE(SUBSTITUTE(SUBSTITUTE(C33," ",""),"0",""),"-","")))=(LEN(SUBSTITUTE(SUBSTITUTE(SUBSTITUTE(E33," ",""),"0",""),"-",""))+LEN(SUBSTITUTE(SUBSTITUTE(SUBSTITUTE(F33," ",""),"0",""),"-",""))))),1,0)),0)+IF(OR(COUNTA(B37:C41,E37:F41)>0,OR(D36="X",D36="x"),UPPER(D37)="X",UPPER(D38)="X",UPPER(D39)="X",UPPER(D40)="X",UPPER(D41)="X"),(IF(OR(D37="X",D37="x",AND(COUNTA(B37,C37,E37,F37)>0,(LEN(SUBSTITUTE(SUBSTITUTE(SUBSTITUTE(B37," ",""),"0",""),"-",""))+LEN(SUBSTITUTE(SUBSTITUTE(SUBSTITUTE(C37," ",""),"0",""),"-","")))=(LEN(SUBSTITUTE(SUBSTITUTE(SUBSTITUTE(E37," ",""),"0",""),"-",""))+LEN(SUBSTITUTE(SUBSTITUTE(SUBSTITUTE(F37," ",""),"0",""),"-",""))))),1,0)+IF(OR(D38="X",D38="x",AND(COUNTA(B38,C38,E38,F38)>0,(LEN(SUBSTITUTE(SUBSTITUTE(SUBSTITUTE(B38," ",""),"0",""),"-",""))+LEN(SUBSTITUTE(SUBSTITUTE(SUBSTITUTE(C38," ",""),"0",""),"-","")))=(LEN(SUBSTITUTE(SUBSTITUTE(SUBSTITUTE(E38," ",""),"0",""),"-",""))+LEN(SUBSTITUTE(SUBSTITUTE(SUBSTITUTE(F38," ",""),"0",""),"-",""))))),1,0)+IF(OR(D39="X",D39="x",AND(COUNTA(B39,C39,E39,F39)>0,(LEN(SUBSTITUTE(SUBSTITUTE(SUBSTITUTE(B39," ",""),"0",""),"-",""))+LEN(SUBSTITUTE(SUBSTITUTE(SUBSTITUTE(C39," ",""),"0",""),"-","")))=(LEN(SUBSTITUTE(SUBSTITUTE(SUBSTITUTE(E39," ",""),"0",""),"-",""))+LEN(SUBSTITUTE(SUBSTITUTE(SUBSTITUTE(F39," ",""),"0",""),"-",""))))),1,0)+IF(OR(D40="X",D40="x",AND(COUNTA(B40,C40,E40,F40)>0,(LEN(SUBSTITUTE(SUBSTITUTE(SUBSTITUTE(B40," ",""),"0",""),"-",""))+LEN(SUBSTITUTE(SUBSTITUTE(SUBSTITUTE(C40," ",""),"0",""),"-","")))=(LEN(SUBSTITUTE(SUBSTITUTE(SUBSTITUTE(E40," ",""),"0",""),"-",""))+LEN(SUBSTITUTE(SUBSTITUTE(SUBSTITUTE(F40," ",""),"0",""),"-",""))))),1,0)+IF(OR(D41="X",D41="x",AND(COUNTA(B41,C41,E41,F41)>0,(LEN(SUBSTITUTE(SUBSTITUTE(SUBSTITUTE(B41," ",""),"0",""),"-",""))+LEN(SUBSTITUTE(SUBSTITUTE(SUBSTITUTE(C41," ",""),"0",""),"-","")))=(LEN(SUBSTITUTE(SUBSTITUTE(SUBSTITUTE(E41," ",""),"0",""),"-",""))+LEN(SUBSTITUTE(SUBSTITUTE(SUBSTITUTE(F41," ",""),"0",""),"-",""))))),1,0)),0) | E59: =E4+E28+E36 | F59: =C4+C28+C36 | I59: =data!$D$11&" "&data!$B$11 | J59: =IF(OR(COUNTA(J5:K9,M5:N9)>0,OR(L4="X",L4="x"),UPPER(L5)="X",UPPER(L6)="X",UPPER(L7)="X",UPPER(L8)="X",UPPER(L9)="X"),J4,0)+IF(OR(COUNTA(J21:K25,M21:N25)>0,OR(L20="X",L20="x"),UPPER(L21)="X",UPPER(L22)="X",UPPER(L23)="X",UPPER(L24)="X",UPPER(L25)="X"),N20,0) | K59: =IF(OR(COUNTA(J5:K9,M5:N9)>0,OR(L4="X",L4="x"),UPPER(L5)="X",UPPER(L6)="X",UPPER(L7)="X",UPPER(L8)="X",UPPER(L9)="X"),N4,0)+IF(OR(COUNTA(J21:K25,M21:N25)>0,OR(L20="X",L20="x"),UPPER(L21)="X",UPPER(L22)="X",UPPER(L23)="X",UPPER(L24)="X",UPPER(L25)="X"),J20,0) | L59: =IF(OR(COUNTA(J5:K9,M5:N9)>0,OR(L4="X",L4="x"),UPPER(L5)="X",UPPER(L6)="X",UPPER(L7)="X",UPPER(L8)="X",UPPER(L9)="X"),(IF(OR(L5="X",L5="x",AND(COUNTA(J5,K5,M5,N5)>0,(LEN(SUBSTITUTE(SUBSTITUTE(SUBSTITUTE(J5," ",""),"0",""),"-",""))+LEN(SUBSTITUTE(SUBSTITUTE(SUBSTITUTE(K5," ",""),"0",""),"-","")))=(LEN(SUBSTITUTE(SUBSTITUTE(SUBSTITUTE(M5," ",""),"0",""),"-",""))+LEN(SUBSTITUTE(SUBSTITUTE(SUBSTITUTE(N5," ",""),"0",""),"-",""))))),1,0)+IF(OR(L6="X",L6="x",AND(COUNTA(J6,K6,M6,N6)>0,(LEN(SUBSTITUTE(SUBSTITUTE(SUBSTITUTE(J6," ",""),"0",""),"-",""))+LEN(SUBSTITUTE(SUBSTITUTE(SUBSTITUTE(K6," ",""),"0",""),"-","")))=(LEN(SUBSTITUTE(SUBSTITUTE(SUBSTITUTE(M6," ",""),"0",""),"-",""))+LEN(SUBSTITUTE(SUBSTITUTE(SUBSTITUTE(N6," ",""),"0",""),"-",""))))),1,0)+IF(OR(L7="X",L7="x",AND(COUNTA(J7,K7,M7,N7)>0,(LEN(SUBSTITUTE(SUBSTITUTE(SUBSTITUTE(J7," ",""),"0",""),"-",""))+LEN(SUBSTITUTE(SUBSTITUTE(SUBSTITUTE(K7," ",""),"0",""),"-","")))=(LEN(SUBSTITUTE(SUBSTITUTE(SUBSTITUTE(M7," ",""),"0",""),"-",""))+LEN(SUBSTITUTE(SUBSTITUTE(SUBSTITUTE(N7," ",""),"0",""),"-",""))))),1,0)+IF(OR(L8="X",L8="x",AND(COUNTA(J8,K8,M8,N8)>0,(LEN(SUBSTITUTE(SUBSTITUTE(SUBSTITUTE(J8," ",""),"0",""),"-",""))+LEN(SUBSTITUTE(SUBSTITUTE(SUBSTITUTE(K8," ",""),"0",""),"-","")))=(LEN(SUBSTITUTE(SUBSTITUTE(SUBSTITUTE(M8," ",""),"0",""),"-",""))+LEN(SUBSTITUTE(SUBSTITUTE(SUBSTITUTE(N8," ",""),"0",""),"-",""))))),1,0)+IF(OR(L9="X",L9="x",AND(COUNTA(J9,K9,M9,N9)>0,(LEN(SUBSTITUTE(SUBSTITUTE(SUBSTITUTE(J9," ",""),"0",""),"-",""))+LEN(SUBSTITUTE(SUBSTITUTE(SUBSTITUTE(K9," ",""),"0",""),"-","")))=(LEN(SUBSTITUTE(SUBSTITUTE(SUBSTITUTE(M9," ",""),"0",""),"-",""))+LEN(SUBSTITUTE(SUBSTITUTE(SUBSTITUTE(N9," ",""),"0",""),"-",""))))),1,0)),0)+IF(OR(COUNTA(J21:K25,M21:N25)>0,OR(L20="X",L20="x"),UPPER(L21)="X",UPPER(L22)="X",UPPER(L23)="X",UPPER(L24)="X",UPPER(L25)="X"),(IF(OR(L21="X",L21="x",AND(COUNTA(J21,K21,M21,N21)>0,(LEN(SUBSTITUTE(SUBSTITUTE(SUBSTITUTE(J21," ",""),"0",""),"-",""))+LEN(SUBSTITUTE(SUBSTITUTE(SUBSTITUTE(K21," ",""),"0",""),"-","")))=(LEN(SUBSTITUTE(SUBSTITUTE(SUBSTITUTE(M21," ",""),"0",""),"-",""))+LEN(SUBSTITUTE(SUBSTITUTE(SUBSTITUTE(N21," ",""),"0",""),"-",""))))),1,0)+IF(OR(L22="X",L22="x",AND(COUNTA(J22,K22,M22,N22)>0,(LEN(SUBSTITUTE(SUBSTITUTE(SUBSTITUTE(J22," ",""),"0",""),"-",""))+LEN(SUBSTITUTE(SUBSTITUTE(SUBSTITUTE(K22," ",""),"0",""),"-","")))=(LEN(SUBSTITUTE(SUBSTITUTE(SUBSTITUTE(M22," ",""),"0",""),"-",""))+LEN(SUBSTITUTE(SUBSTITUTE(SUBSTITUTE(N22," ",""),"0",""),"-",""))))),1,0)+IF(OR(L23="X",L23="x",AND(COUNTA(J23,K23,M23,N23)>0,(LEN(SUBSTITUTE(SUBSTITUTE(SUBSTITUTE(J23," ",""),"0",""),"-",""))+LEN(SUBSTITUTE(SUBSTITUTE(SUBSTITUTE(K23," ",""),"0",""),"-","")))=(LEN(SUBSTITUTE(SUBSTITUTE(SUBSTITUTE(M23," ",""),"0",""),"-",""))+LEN(SUBSTITUTE(SUBSTITUTE(SUBSTITUTE(N23," ",""),"0",""),"-",""))))),1,0)+IF(OR(L24="X",L24="x",AND(COUNTA(J24,K24,M24,N24)>0,(LEN(SUBSTITUTE(SUBSTITUTE(SUBSTITUTE(J24," ",""),"0",""),"-",""))+LEN(SUBSTITUTE(SUBSTITUTE(SUBSTITUTE(K24," ",""),"0",""),"-","")))=(LEN(SUBSTITUTE(SUBSTITUTE(SUBSTITUTE(M24," ",""),"0",""),"-",""))+LEN(SUBSTITUTE(SUBSTITUTE(SUBSTITUTE(N24," ",""),"0",""),"-",""))))),1,0)+IF(OR(L25="X",L25="x",AND(COUNTA(J25,K25,M25,N25)>0,(LEN(SUBSTITUTE(SUBSTITUTE(SUBSTITUTE(J25," ",""),"0",""),"-",""))+LEN(SUBSTITUTE(SUBSTITUTE(SUBSTITUTE(K25," ",""),"0",""),"-","")))=(LEN(SUBSTITUTE(SUBSTITUTE(SUBSTITUTE(M25," ",""),"0",""),"-",""))+LEN(SUBSTITUTE(SUBSTITUTE(SUBSTITUTE(N25," ",""),"0",""),"-",""))))),1,0)),0) | M59: =K4+M20 | N59: =M4+K20
A60: =data!$D$4&" "&data!$B$4 | B60: =IF(OR(COUNTA(B5:C9,E5:F9)>0,OR(D4="X",D4="x"),UPPER(D5)="X",UPPER(D6)="X",UPPER(D7)="X",UPPER(D8)="X",UPPER(D9)="X"),B4,0)+IF(OR(COUNTA(B13:C17,E13:F17)>0,OR(D12="X",D12="x"),UPPER(D13)="X",UPPER(D14)="X",UPPER(D15)="X",UPPER(D16)="X",UPPER(D17)="X"),B12,0)+IF(OR(COUNTA(B45:C49,E45:F49)>0,OR(D44="X",D44="x"),UPPER(D45)="X",UPPER(D46)="X",UPPER(D47)="X",UPPER(D48)="X",UPPER(D49)="X"),F44,0) | C60: =IF(OR(COUNTA(B5:C9,E5:F9)>0,OR(D4="X",D4="x"),UPPER(D5)="X",UPPER(D6)="X",UPPER(D7)="X",UPPER(D8)="X",UPPER(D9)="X"),F4,0)+IF(OR(COUNTA(B13:C17,E13:F17)>0,OR(D12="X",D12="x"),UPPER(D13)="X",UPPER(D14)="X",UPPER(D15)="X",UPPER(D16)="X",UPPER(D17)="X"),F12,0)+IF(OR(COUNTA(B45:C49,E45:F49)>0,OR(D44="X",D44="x"),UPPER(D45)="X",UPPER(D46)="X",UPPER(D47)="X",UPPER(D48)="X",UPPER(D49)="X"),B44,0) | D60: =IF(OR(COUNTA(B5:C9,E5:F9)>0,OR(D4="X",D4="x"),UPPER(D5)="X",UPPER(D6)="X",UPPER(D7)="X",UPPER(D8)="X",UPPER(D9)="X"),(IF(OR(D5="X",D5="x",AND(COUNTA(B5,C5,E5,F5)>0,(LEN(SUBSTITUTE(SUBSTITUTE(SUBSTITUTE(B5," ",""),"0",""),"-",""))+LEN(SUBSTITUTE(SUBSTITUTE(SUBSTITUTE(C5," ",""),"0",""),"-","")))=(LEN(SUBSTITUTE(SUBSTITUTE(SUBSTITUTE(E5," ",""),"0",""),"-",""))+LEN(SUBSTITUTE(SUBSTITUTE(SUBSTITUTE(F5," ",""),"0",""),"-",""))))),1,0)+IF(OR(D6="X",D6="x",AND(COUNTA(B6,C6,E6,F6)>0,(LEN(SUBSTITUTE(SUBSTITUTE(SUBSTITUTE(B6," ",""),"0",""),"-",""))+LEN(SUBSTITUTE(SUBSTITUTE(SUBSTITUTE(C6," ",""),"0",""),"-","")))=(LEN(SUBSTITUTE(SUBSTITUTE(SUBSTITUTE(E6," ",""),"0",""),"-",""))+LEN(SUBSTITUTE(SUBSTITUTE(SUBSTITUTE(F6," ",""),"0",""),"-",""))))),1,0)+IF(OR(D7="X",D7="x",AND(COUNTA(B7,C7,E7,F7)>0,(LEN(SUBSTITUTE(SUBSTITUTE(SUBSTITUTE(B7," ",""),"0",""),"-",""))+LEN(SUBSTITUTE(SUBSTITUTE(SUBSTITUTE(C7," ",""),"0",""),"-","")))=(LEN(SUBSTITUTE(SUBSTITUTE(SUBSTITUTE(E7," ",""),"0",""),"-",""))+LEN(SUBSTITUTE(SUBSTITUTE(SUBSTITUTE(F7," ",""),"0",""),"-",""))))),1,0)+IF(OR(D8="X",D8="x",AND(COUNTA(B8,C8,E8,F8)>0,(LEN(SUBSTITUTE(SUBSTITUTE(SUBSTITUTE(B8," ",""),"0",""),"-",""))+LEN(SUBSTITUTE(SUBSTITUTE(SUBSTITUTE(C8," ",""),"0",""),"-","")))=(LEN(SUBSTITUTE(SUBSTITUTE(SUBSTITUTE(E8," ",""),"0",""),"-",""))+LEN(SUBSTITUTE(SUBSTITUTE(SUBSTITUTE(F8," ",""),"0",""),"-",""))))),1,0)+IF(OR(D9="X",D9="x",AND(COUNTA(B9,C9,E9,F9)>0,(LEN(SUBSTITUTE(SUBSTITUTE(SUBSTITUTE(B9," ",""),"0",""),"-",""))+LEN(SUBSTITUTE(SUBSTITUTE(SUBSTITUTE(C9," ",""),"0",""),"-","")))=(LEN(SUBSTITUTE(SUBSTITUTE(SUBSTITUTE(E9," ",""),"0",""),"-",""))+LEN(SUBSTITUTE(SUBSTITUTE(SUBSTITUTE(F9," ",""),"0",""),"-",""))))),1,0)),0)+IF(OR(COUNTA(B13:C17,E13:F17)>0,OR(D12="X",D12="x"),UPPER(D13)="X",UPPER(D14)="X",UPPER(D15)="X",UPPER(D16)="X",UPPER(D17)="X"),(IF(OR(D13="X",D13="x",AND(COUNTA(B13,C13,E13,F13)>0,(LEN(SUBSTITUTE(SUBSTITUTE(SUBSTITUTE(B13," ",""),"0",""),"-",""))+LEN(SUBSTITUTE(SUBSTITUTE(SUBSTITUTE(C13," ",""),"0",""),"-","")))=(LEN(SUBSTITUTE(SUBSTITUTE(SUBSTITUTE(E13," ",""),"0",""),"-",""))+LEN(SUBSTITUTE(SUBSTITUTE(SUBSTITUTE(F13," ",""),"0",""),"-",""))))),1,0)+IF(OR(D14="X",D14="x",AND(COUNTA(B14,C14,E14,F14)>0,(LEN(SUBSTITUTE(SUBSTITUTE(SUBSTITUTE(B14," ",""),"0",""),"-",""))+LEN(SUBSTITUTE(SUBSTITUTE(SUBSTITUTE(C14," ",""),"0",""),"-","")))=(LEN(SUBSTITUTE(SUBSTITUTE(SUBSTITUTE(E14," ",""),"0",""),"-",""))+LEN(SUBSTITUTE(SUBSTITUTE(SUBSTITUTE(F14," ",""),"0",""),"-",""))))),1,0)+IF(OR(D15="X",D15="x",AND(COUNTA(B15,C15,E15,F15)>0,(LEN(SUBSTITUTE(SUBSTITUTE(SUBSTITUTE(B15," ",""),"0",""),"-",""))+LEN(SUBSTITUTE(SUBSTITUTE(SUBSTITUTE(C15," ",""),"0",""),"-","")))=(LEN(SUBSTITUTE(SUBSTITUTE(SUBSTITUTE(E15," ",""),"0",""),"-",""))+LEN(SUBSTITUTE(SUBSTITUTE(SUBSTITUTE(F15," ",""),"0",""),"-",""))))),1,0)+IF(OR(D16="X",D16="x",AND(COUNTA(B16,C16,E16,F16)>0,(LEN(SUBSTITUTE(SUBSTITUTE(SUBSTITUTE(B16," ",""),"0",""),"-",""))+LEN(SUBSTITUTE(SUBSTITUTE(SUBSTITUTE(C16," ",""),"0",""),"-","")))=(LEN(SUBSTITUTE(SUBSTITUTE(SUBSTITUTE(E16," ",""),"0",""),"-",""))+LEN(SUBSTITUTE(SUBSTITUTE(SUBSTITUTE(F16," ",""),"0",""),"-",""))))),1,0)+IF(OR(D17="X",D17="x",AND(COUNTA(B17,C17,E17,F17)>0,(LEN(SUBSTITUTE(SUBSTITUTE(SUBSTITUTE(B17," ",""),"0",""),"-",""))+LEN(SUBSTITUTE(SUBSTITUTE(SUBSTITUTE(C17," ",""),"0",""),"-","")))=(LEN(SUBSTITUTE(SUBSTITUTE(SUBSTITUTE(E17," ",""),"0",""),"-",""))+LEN(SUBSTITUTE(SUBSTITUTE(SUBSTITUTE(F17," ",""),"0",""),"-",""))))),1,0)),0)+IF(OR(COUNTA(B45:C49,E45:F49)>0,OR(D44="X",D44="x"),UPPER(D45)="X",UPPER(D46)="X",UPPER(D47)="X",UPPER(D48)="X",UPPER(D49)="X"),(IF(OR(D45="X",D45="x",AND(COUNTA(B45,C45,E45,F45)>0,(LEN(SUBSTITUTE(SUBSTITUTE(SUBSTITUTE(B45," ",""),"0",""),"-",""))+LEN(SUBSTITUTE(SUBSTITUTE(SUBSTITUTE(C45," ",""),"0",""),"-","")))=(LEN(SUBSTITUTE(SUBSTITUTE(SUBSTITUTE(E45," ",""),"0",""),"-",""))+LEN(SUBSTITUTE(SUBSTITUTE(SUBSTITUTE(F45," ",""),"0",""),"-",""))))),1,0)+IF(OR(D46="X",D46="x",AND(COUNTA(B46,C46,E46,F46)>0,(LEN(SUBSTITUTE(SUBSTITUTE(SUBSTITUTE(B46," ",""),"0",""),"-",""))+LEN(SUBSTITUTE(SUBSTITUTE(SUBSTITUTE(C46," ",""),"0",""),"-","")))=(LEN(SUBSTITUTE(SUBSTITUTE(SUBSTITUTE(E46," ",""),"0",""),"-",""))+LEN(SUBSTITUTE(SUBSTITUTE(SUBSTITUTE(F46," ",""),"0",""),"-",""))))),1,0)+IF(OR(D47="X",D47="x",AND(COUNTA(B47,C47,E47,F47)>0,(LEN(SUBSTITUTE(SUBSTITUTE(SUBSTITUTE(B47," ",""),"0",""),"-",""))+LEN(SUBSTITUTE(SUBSTITUTE(SUBSTITUTE(C47," ",""),"0",""),"-","")))=(LEN(SUBSTITUTE(SUBSTITUTE(SUBSTITUTE(E47," ",""),"0",""),"-",""))+LEN(SUBSTITUTE(SUBSTITUTE(SUBSTITUTE(F47," ",""),"0",""),"-",""))))),1,0)+IF(OR(D48="X",D48="x",AND(COUNTA(B48,C48,E48,F48)>0,(LEN(SUBSTITUTE(SUBSTITUTE(SUBSTITUTE(B48," ",""),"0",""),"-",""))+LEN(SUBSTITUTE(SUBSTITUTE(SUBSTITUTE(C48," ",""),"0",""),"-","")))=(LEN(SUBSTITUTE(SUBSTITUTE(SUBSTITUTE(E48," ",""),"0",""),"-",""))+LEN(SUBSTITUTE(SUBSTITUTE(SUBSTITUTE(F48," ",""),"0",""),"-",""))))),1,0)+IF(OR(D49="X",D49="x",AND(COUNTA(B49,C49,E49,F49)>0,(LEN(SUBSTITUTE(SUBSTITUTE(SUBSTITUTE(B49," ",""),"0",""),"-",""))+LEN(SUBSTITUTE(SUBSTITUTE(SUBSTITUTE(C49," ",""),"0",""),"-","")))=(LEN(SUBSTITUTE(SUBSTITUTE(SUBSTITUTE(E49," ",""),"0",""),"-",""))+LEN(SUBSTITUTE(SUBSTITUTE(SUBSTITUTE(F49," ",""),"0",""),"-",""))))),1,0)),0) | E60: =C4+C12+E44 | F60: =E4+E12+C44 | I60: =data!$D$12&" "&data!$B$12 | J60: =IF(OR(COUNTA(J13:K17,M13:N17)>0,OR(L12="X",L12="x"),UPPER(L13)="X",UPPER(L14)="X",UPPER(L15)="X",UPPER(L16)="X",UPPER(L17)="X"),J12,0)+IF(OR(COUNTA(J21:K25,M21:N25)>0,OR(L20="X",L20="x"),UPPER(L21)="X",UPPER(L22)="X",UPPER(L23)="X",UPPER(L24)="X",UPPER(L25)="X"),J20,0) | K60: =IF(OR(COUNTA(J13:K17,M13:N17)>0,OR(L12="X",L12="x"),UPPER(L13)="X",UPPER(L14)="X",UPPER(L15)="X",UPPER(L16)="X",UPPER(L17)="X"),N12,0)+IF(OR(COUNTA(J21:K25,M21:N25)>0,OR(L20="X",L20="x"),UPPER(L21)="X",UPPER(L22)="X",UPPER(L23)="X",UPPER(L24)="X",UPPER(L25)="X"),N20,0) | L60: =IF(OR(COUNTA(J13:K17,M13:N17)>0,OR(L12="X",L12="x"),UPPER(L13)="X",UPPER(L14)="X",UPPER(L15)="X",UPPER(L16)="X",UPPER(L17)="X"),(IF(OR(L13="X",L13="x",AND(COUNTA(J13,K13,M13,N13)>0,(LEN(SUBSTITUTE(SUBSTITUTE(SUBSTITUTE(J13," ",""),"0",""),"-",""))+LEN(SUBSTITUTE(SUBSTITUTE(SUBSTITUTE(K13," ",""),"0",""),"-","")))=(LEN(SUBSTITUTE(SUBSTITUTE(SUBSTITUTE(M13," ",""),"0",""),"-",""))+LEN(SUBSTITUTE(SUBSTITUTE(SUBSTITUTE(N13," ",""),"0",""),"-",""))))),1,0)+IF(OR(L14="X",L14="x",AND(COUNTA(J14,K14,M14,N14)>0,(LEN(SUBSTITUTE(SUBSTITUTE(SUBSTITUTE(J14," ",""),"0",""),"-",""))+LEN(SUBSTITUTE(SUBSTITUTE(SUBSTITUTE(K14," ",""),"0",""),"-","")))=(LEN(SUBSTITUTE(SUBSTITUTE(SUBSTITUTE(M14," ",""),"0",""),"-",""))+LEN(SUBSTITUTE(SUBSTITUTE(SUBSTITUTE(N14," ",""),"0",""),"-",""))))),1,0)+IF(OR(L15="X",L15="x",AND(COUNTA(J15,K15,M15,N15)>0,(LEN(SUBSTITUTE(SUBSTITUTE(SUBSTITUTE(J15," ",""),"0",""),"-",""))+LEN(SUBSTITUTE(SUBSTITUTE(SUBSTITUTE(K15," ",""),"0",""),"-","")))=(LEN(SUBSTITUTE(SUBSTITUTE(SUBSTITUTE(M15," ",""),"0",""),"-",""))+LEN(SUBSTITUTE(SUBSTITUTE(SUBSTITUTE(N15," ",""),"0",""),"-",""))))),1,0)+IF(OR(L16="X",L16="x",AND(COUNTA(J16,K16,M16,N16)>0,(LEN(SUBSTITUTE(SUBSTITUTE(SUBSTITUTE(J16," ",""),"0",""),"-",""))+LEN(SUBSTITUTE(SUBSTITUTE(SUBSTITUTE(K16," ",""),"0",""),"-","")))=(LEN(SUBSTITUTE(SUBSTITUTE(SUBSTITUTE(M16," ",""),"0",""),"-",""))+LEN(SUBSTITUTE(SUBSTITUTE(SUBSTITUTE(N16," ",""),"0",""),"-",""))))),1,0)+IF(OR(L17="X",L17="x",AND(COUNTA(J17,K17,M17,N17)>0,(LEN(SUBSTITUTE(SUBSTITUTE(SUBSTITUTE(J17," ",""),"0",""),"-",""))+LEN(SUBSTITUTE(SUBSTITUTE(SUBSTITUTE(K17," ",""),"0",""),"-","")))=(LEN(SUBSTITUTE(SUBSTITUTE(SUBSTITUTE(M17," ",""),"0",""),"-",""))+LEN(SUBSTITUTE(SUBSTITUTE(SUBSTITUTE(N17," ",""),"0",""),"-",""))))),1,0)),0)+IF(OR(COUNTA(J21:K25,M21:N25)>0,OR(L20="X",L20="x"),UPPER(L21)="X",UPPER(L22)="X",UPPER(L23)="X",UPPER(L24)="X",UPPER(L25)="X"),(IF(OR(L21="X",L21="x",AND(COUNTA(J21,K21,M21,N21)>0,(LEN(SUBSTITUTE(SUBSTITUTE(SUBSTITUTE(J21," ",""),"0",""),"-",""))+LEN(SUBSTITUTE(SUBSTITUTE(SUBSTITUTE(K21," ",""),"0",""),"-","")))=(LEN(SUBSTITUTE(SUBSTITUTE(SUBSTITUTE(M21," ",""),"0",""),"-",""))+LEN(SUBSTITUTE(SUBSTITUTE(SUBSTITUTE(N21," ",""),"0",""),"-",""))))),1,0)+IF(OR(L22="X",L22="x",AND(COUNTA(J22,K22,M22,N22)>0,(LEN(SUBSTITUTE(SUBSTITUTE(SUBSTITUTE(J22," ",""),"0",""),"-",""))+LEN(SUBSTITUTE(SUBSTITUTE(SUBSTITUTE(K22," ",""),"0",""),"-","")))=(LEN(SUBSTITUTE(SUBSTITUTE(SUBSTITUTE(M22," ",""),"0",""),"-",""))+LEN(SUBSTITUTE(SUBSTITUTE(SUBSTITUTE(N22," ",""),"0",""),"-",""))))),1,0)+IF(OR(L23="X",L23="x",AND(COUNTA(J23,K23,M23,N23)>0,(LEN(SUBSTITUTE(SUBSTITUTE(SUBSTITUTE(J23," ",""),"0",""),"-",""))+LEN(SUBSTITUTE(SUBSTITUTE(SUBSTITUTE(K23," ",""),"0",""),"-","")))=(LEN(SUBSTITUTE(SUBSTITUTE(SUBSTITUTE(M23," ",""),"0",""),"-",""))+LEN(SUBSTITUTE(SUBSTITUTE(SUBSTITUTE(N23," ",""),"0",""),"-",""))))),1,0)+IF(OR(L24="X",L24="x",AND(COUNTA(J24,K24,M24,N24)>0,(LEN(SUBSTITUTE(SUBSTITUTE(SUBSTITUTE(J24," ",""),"0",""),"-",""))+LEN(SUBSTITUTE(SUBSTITUTE(SUBSTITUTE(K24," ",""),"0",""),"-","")))=(LEN(SUBSTITUTE(SUBSTITUTE(SUBSTITUTE(M24," ",""),"0",""),"-",""))+LEN(SUBSTITUTE(SUBSTITUTE(SUBSTITUTE(N24," ",""),"0",""),"-",""))))),1,0)+IF(OR(L25="X",L25="x",AND(COUNTA(J25,K25,M25,N25)>0,(LEN(SUBSTITUTE(SUBSTITUTE(SUBSTITUTE(J25," ",""),"0",""),"-",""))+LEN(SUBSTITUTE(SUBSTITUTE(SUBSTITUTE(K25," ",""),"0",""),"-","")))=(LEN(SUBSTITUTE(SUBSTITUTE(SUBSTITUTE(M25," ",""),"0",""),"-",""))+LEN(SUBSTITUTE(SUBSTITUTE(SUBSTITUTE(N25," ",""),"0",""),"-",""))))),1,0)),0) | M60: =K12+K20 | N60: =M12+M20
A61: =data!$D$5&" "&data!$B$5 | B61: =IF(OR(COUNTA(B13:C17,E13:F17)>0,OR(D12="X",D12="x"),UPPER(D13)="X",UPPER(D14)="X",UPPER(D15)="X",UPPER(D16)="X",UPPER(D17)="X"),F12,0)+IF(OR(COUNTA(B21:C25,E21:F25)>0,OR(D20="X",D20="x"),UPPER(D21)="X",UPPER(D22)="X",UPPER(D23)="X",UPPER(D24)="X",UPPER(D25)="X"),F20,0)+IF(OR(COUNTA(B37:C41,E37:F41)>0,OR(D36="X",D36="x"),UPPER(D37)="X",UPPER(D38)="X",UPPER(D39)="X",UPPER(D40)="X",UPPER(D41)="X"),B36,0) | C61: =IF(OR(COUNTA(B13:C17,E13:F17)>0,OR(D12="X",D12="x"),UPPER(D13)="X",UPPER(D14)="X",UPPER(D15)="X",UPPER(D16)="X",UPPER(D17)="X"),B12,0)+IF(OR(COUNTA(B21:C25,E21:F25)>0,OR(D20="X",D20="x"),UPPER(D21)="X",UPPER(D22)="X",UPPER(D23)="X",UPPER(D24)="X",UPPER(D25)="X"),B20,0)+IF(OR(COUNTA(B37:C41,E37:F41)>0,OR(D36="X",D36="x"),UPPER(D37)="X",UPPER(D38)="X",UPPER(D39)="X",UPPER(D40)="X",UPPER(D41)="X"),F36,0) | D61: =IF(OR(COUNTA(B13:C17,E13:F17)>0,OR(D12="X",D12="x"),UPPER(D13)="X",UPPER(D14)="X",UPPER(D15)="X",UPPER(D16)="X",UPPER(D17)="X"),(IF(OR(D13="X",D13="x",AND(COUNTA(B13,C13,E13,F13)>0,(LEN(SUBSTITUTE(SUBSTITUTE(SUBSTITUTE(B13," ",""),"0",""),"-",""))+LEN(SUBSTITUTE(SUBSTITUTE(SUBSTITUTE(C13," ",""),"0",""),"-","")))=(LEN(SUBSTITUTE(SUBSTITUTE(SUBSTITUTE(E13," ",""),"0",""),"-",""))+LEN(SUBSTITUTE(SUBSTITUTE(SUBSTITUTE(F13," ",""),"0",""),"-",""))))),1,0)+IF(OR(D14="X",D14="x",AND(COUNTA(B14,C14,E14,F14)>0,(LEN(SUBSTITUTE(SUBSTITUTE(SUBSTITUTE(B14," ",""),"0",""),"-",""))+LEN(SUBSTITUTE(SUBSTITUTE(SUBSTITUTE(C14," ",""),"0",""),"-","")))=(LEN(SUBSTITUTE(SUBSTITUTE(SUBSTITUTE(E14," ",""),"0",""),"-",""))+LEN(SUBSTITUTE(SUBSTITUTE(SUBSTITUTE(F14," ",""),"0",""),"-",""))))),1,0)+IF(OR(D15="X",D15="x",AND(COUNTA(B15,C15,E15,F15)>0,(LEN(SUBSTITUTE(SUBSTITUTE(SUBSTITUTE(B15," ",""),"0",""),"-",""))+LEN(SUBSTITUTE(SUBSTITUTE(SUBSTITUTE(C15," ",""),"0",""),"-","")))=(LEN(SUBSTITUTE(SUBSTITUTE(SUBSTITUTE(E15," ",""),"0",""),"-",""))+LEN(SUBSTITUTE(SUBSTITUTE(SUBSTITUTE(F15," ",""),"0",""),"-",""))))),1,0)+IF(OR(D16="X",D16="x",AND(COUNTA(B16,C16,E16,F16)>0,(LEN(SUBSTITUTE(SUBSTITUTE(SUBSTITUTE(B16," ",""),"0",""),"-",""))+LEN(SUBSTITUTE(SUBSTITUTE(SUBSTITUTE(C16," ",""),"0",""),"-","")))=(LEN(SUBSTITUTE(SUBSTITUTE(SUBSTITUTE(E16," ",""),"0",""),"-",""))+LEN(SUBSTITUTE(SUBSTITUTE(SUBSTITUTE(F16," ",""),"0",""),"-",""))))),1,0)+IF(OR(D17="X",D17="x",AND(COUNTA(B17,C17,E17,F17)>0,(LEN(SUBSTITUTE(SUBSTITUTE(SUBSTITUTE(B17," ",""),"0",""),"-",""))+LEN(SUBSTITUTE(SUBSTITUTE(SUBSTITUTE(C17," ",""),"0",""),"-","")))=(LEN(SUBSTITUTE(SUBSTITUTE(SUBSTITUTE(E17," ",""),"0",""),"-",""))+LEN(SUBSTITUTE(SUBSTITUTE(SUBSTITUTE(F17," ",""),"0",""),"-",""))))),1,0)),0)+IF(OR(COUNTA(B21:C25,E21:F25)>0,OR(D20="X",D20="x"),UPPER(D21)="X",UPPER(D22)="X",UPPER(D23)="X",UPPER(D24)="X",UPPER(D25)="X"),(IF(OR(D21="X",D21="x",AND(COUNTA(B21,C21,E21,F21)>0,(LEN(SUBSTITUTE(SUBSTITUTE(SUBSTITUTE(B21," ",""),"0",""),"-",""))+LEN(SUBSTITUTE(SUBSTITUTE(SUBSTITUTE(C21," ",""),"0",""),"-","")))=(LEN(SUBSTITUTE(SUBSTITUTE(SUBSTITUTE(E21," ",""),"0",""),"-",""))+LEN(SUBSTITUTE(SUBSTITUTE(SUBSTITUTE(F21," ",""),"0",""),"-",""))))),1,0)+IF(OR(D22="X",D22="x",AND(COUNTA(B22,C22,E22,F22)>0,(LEN(SUBSTITUTE(SUBSTITUTE(SUBSTITUTE(B22," ",""),"0",""),"-",""))+LEN(SUBSTITUTE(SUBSTITUTE(SUBSTITUTE(C22," ",""),"0",""),"-","")))=(LEN(SUBSTITUTE(SUBSTITUTE(SUBSTITUTE(E22," ",""),"0",""),"-",""))+LEN(SUBSTITUTE(SUBSTITUTE(SUBSTITUTE(F22," ",""),"0",""),"-",""))))),1,0)+IF(OR(D23="X",D23="x",AND(COUNTA(B23,C23,E23,F23)>0,(LEN(SUBSTITUTE(SUBSTITUTE(SUBSTITUTE(B23," ",""),"0",""),"-",""))+LEN(SUBSTITUTE(SUBSTITUTE(SUBSTITUTE(C23," ",""),"0",""),"-","")))=(LEN(SUBSTITUTE(SUBSTITUTE(SUBSTITUTE(E23," ",""),"0",""),"-",""))+LEN(SUBSTITUTE(SUBSTITUTE(SUBSTITUTE(F23," ",""),"0",""),"-",""))))),1,0)+IF(OR(D24="X",D24="x",AND(COUNTA(B24,C24,E24,F24)>0,(LEN(SUBSTITUTE(SUBSTITUTE(SUBSTITUTE(B24," ",""),"0",""),"-",""))+LEN(SUBSTITUTE(SUBSTITUTE(SUBSTITUTE(C24," ",""),"0",""),"-","")))=(LEN(SUBSTITUTE(SUBSTITUTE(SUBSTITUTE(E24," ",""),"0",""),"-",""))+LEN(SUBSTITUTE(SUBSTITUTE(SUBSTITUTE(F24," ",""),"0",""),"-",""))))),1,0)+IF(OR(D25="X",D25="x",AND(COUNTA(B25,C25,E25,F25)>0,(LEN(SUBSTITUTE(SUBSTITUTE(SUBSTITUTE(B25," ",""),"0",""),"-",""))+LEN(SUBSTITUTE(SUBSTITUTE(SUBSTITUTE(C25," ",""),"0",""),"-","")))=(LEN(SUBSTITUTE(SUBSTITUTE(SUBSTITUTE(E25," ",""),"0",""),"-",""))+LEN(SUBSTITUTE(SUBSTITUTE(SUBSTITUTE(F25," ",""),"0",""),"-",""))))),1,0)),0)+IF(OR(COUNTA(B37:C41,E37:F41)>0,OR(D36="X",D36="x"),UPPER(D37)="X",UPPER(D38)="X",UPPER(D39)="X",UPPER(D40)="X",UPPER(D41)="X"),(IF(OR(D37="X",D37="x",AND(COUNTA(B37,C37,E37,F37)>0,(LEN(SUBSTITUTE(SUBSTITUTE(SUBSTITUTE(B37," ",""),"0",""),"-",""))+LEN(SUBSTITUTE(SUBSTITUTE(SUBSTITUTE(C37," ",""),"0",""),"-","")))=(LEN(SUBSTITUTE(SUBSTITUTE(SUBSTITUTE(E37," ",""),"0",""),"-",""))+LEN(SUBSTITUTE(SUBSTITUTE(SUBSTITUTE(F37," ",""),"0",""),"-",""))))),1,0)+IF(OR(D38="X",D38="x",AND(COUNTA(B38,C38,E38,F38)>0,(LEN(SUBSTITUTE(SUBSTITUTE(SUBSTITUTE(B38," ",""),"0",""),"-",""))+LEN(SUBSTITUTE(SUBSTITUTE(SUBSTITUTE(C38," ",""),"0",""),"-","")))=(LEN(SUBSTITUTE(SUBSTITUTE(SUBSTITUTE(E38," ",""),"0",""),"-",""))+LEN(SUBSTITUTE(SUBSTITUTE(SUBSTITUTE(F38," ",""),"0",""),"-",""))))),1,0)+IF(OR(D39="X",D39="x",AND(COUNTA(B39,C39,E39,F39)>0,(LEN(SUBSTITUTE(SUBSTITUTE(SUBSTITUTE(B39," ",""),"0",""),"-",""))+LEN(SUBSTITUTE(SUBSTITUTE(SUBSTITUTE(C39," ",""),"0",""),"-","")))=(LEN(SUBSTITUTE(SUBSTITUTE(SUBSTITUTE(E39," ",""),"0",""),"-",""))+LEN(SUBSTITUTE(SUBSTITUTE(SUBSTITUTE(F39," ",""),"0",""),"-",""))))),1,0)+IF(OR(D40="X",D40="x",AND(COUNTA(B40,C40,E40,F40)>0,(LEN(SUBSTITUTE(SUBSTITUTE(SUBSTITUTE(B40," ",""),"0",""),"-",""))+LEN(SUBSTITUTE(SUBSTITUTE(SUBSTITUTE(C40," ",""),"0",""),"-","")))=(LEN(SUBSTITUTE(SUBSTITUTE(SUBSTITUTE(E40," ",""),"0",""),"-",""))+LEN(SUBSTITUTE(SUBSTITUTE(SUBSTITUTE(F40," ",""),"0",""),"-",""))))),1,0)+IF(OR(D41="X",D41="x",AND(COUNTA(B41,C41,E41,F41)>0,(LEN(SUBSTITUTE(SUBSTITUTE(SUBSTITUTE(B41," ",""),"0",""),"-",""))+LEN(SUBSTITUTE(SUBSTITUTE(SUBSTITUTE(C41," ",""),"0",""),"-","")))=(LEN(SUBSTITUTE(SUBSTITUTE(SUBSTITUTE(E41," ",""),"0",""),"-",""))+LEN(SUBSTITUTE(SUBSTITUTE(SUBSTITUTE(F41," ",""),"0",""),"-",""))))),1,0)),0) | E61: =E12+E20+C36 | F61: =C12+C20+E36
A62: =data!$D$6&" "&data!$B$6 | B62: =IF(OR(COUNTA(B21:C25,E21:F25)>0,OR(D20="X",D20="x"),UPPER(D21)="X",UPPER(D22)="X",UPPER(D23)="X",UPPER(D24)="X",UPPER(D25)="X"),B20,0)+IF(OR(COUNTA(B29:C33,E29:F33)>0,OR(D28="X",D28="x"),UPPER(D29)="X",UPPER(D30)="X",UPPER(D31)="X",UPPER(D32)="X",UPPER(D33)="X"),B28,0)+IF(OR(COUNTA(B45:C49,E45:F49)>0,OR(D44="X",D44="x"),UPPER(D45)="X",UPPER(D46)="X",UPPER(D47)="X",UPPER(D48)="X",UPPER(D49)="X"),B44,0) | C62: =IF(OR(COUNTA(B21:C25,E21:F25)>0,OR(D20="X",D20="x"),UPPER(D21)="X",UPPER(D22)="X",UPPER(D23)="X",UPPER(D24)="X",UPPER(D25)="X"),F20,0)+IF(OR(COUNTA(B29:C33,E29:F33)>0,OR(D28="X",D28="x"),UPPER(D29)="X",UPPER(D30)="X",UPPER(D31)="X",UPPER(D32)="X",UPPER(D33)="X"),F28,0)+IF(OR(COUNTA(B45:C49,E45:F49)>0,OR(D44="X",D44="x"),UPPER(D45)="X",UPPER(D46)="X",UPPER(D47)="X",UPPER(D48)="X",UPPER(D49)="X"),F44,0) | D62: =IF(OR(COUNTA(B21:C25,E21:F25)>0,OR(D20="X",D20="x"),UPPER(D21)="X",UPPER(D22)="X",UPPER(D23)="X",UPPER(D24)="X",UPPER(D25)="X"),(IF(OR(D21="X",D21="x",AND(COUNTA(B21,C21,E21,F21)>0,(LEN(SUBSTITUTE(SUBSTITUTE(SUBSTITUTE(B21," ",""),"0",""),"-",""))+LEN(SUBSTITUTE(SUBSTITUTE(SUBSTITUTE(C21," ",""),"0",""),"-","")))=(LEN(SUBSTITUTE(SUBSTITUTE(SUBSTITUTE(E21," ",""),"0",""),"-",""))+LEN(SUBSTITUTE(SUBSTITUTE(SUBSTITUTE(F21," ",""),"0",""),"-",""))))),1,0)+IF(OR(D22="X",D22="x",AND(COUNTA(B22,C22,E22,F22)>0,(LEN(SUBSTITUTE(SUBSTITUTE(SUBSTITUTE(B22," ",""),"0",""),"-",""))+LEN(SUBSTITUTE(SUBSTITUTE(SUBSTITUTE(C22," ",""),"0",""),"-","")))=(LEN(SUBSTITUTE(SUBSTITUTE(SUBSTITUTE(E22," ",""),"0",""),"-",""))+LEN(SUBSTITUTE(SUBSTITUTE(SUBSTITUTE(F22," ",""),"0",""),"-",""))))),1,0)+IF(OR(D23="X",D23="x",AND(COUNTA(B23,C23,E23,F23)>0,(LEN(SUBSTITUTE(SUBSTITUTE(SUBSTITUTE(B23," ",""),"0",""),"-",""))+LEN(SUBSTITUTE(SUBSTITUTE(SUBSTITUTE(C23," ",""),"0",""),"-","")))=(LEN(SUBSTITUTE(SUBSTITUTE(SUBSTITUTE(E23," ",""),"0",""),"-",""))+LEN(SUBSTITUTE(SUBSTITUTE(SUBSTITUTE(F23," ",""),"0",""),"-",""))))),1,0)+IF(OR(D24="X",D24="x",AND(COUNTA(B24,C24,E24,F24)>0,(LEN(SUBSTITUTE(SUBSTITUTE(SUBSTITUTE(B24," ",""),"0",""),"-",""))+LEN(SUBSTITUTE(SUBSTITUTE(SUBSTITUTE(C24," ",""),"0",""),"-","")))=(LEN(SUBSTITUTE(SUBSTITUTE(SUBSTITUTE(E24," ",""),"0",""),"-",""))+LEN(SUBSTITUTE(SUBSTITUTE(SUBSTITUTE(F24," ",""),"0",""),"-",""))))),1,0)+IF(OR(D25="X",D25="x",AND(COUNTA(B25,C25,E25,F25)>0,(LEN(SUBSTITUTE(SUBSTITUTE(SUBSTITUTE(B25," ",""),"0",""),"-",""))+LEN(SUBSTITUTE(SUBSTITUTE(SUBSTITUTE(C25," ",""),"0",""),"-","")))=(LEN(SUBSTITUTE(SUBSTITUTE(SUBSTITUTE(E25," ",""),"0",""),"-",""))+LEN(SUBSTITUTE(SUBSTITUTE(SUBSTITUTE(F25," ",""),"0",""),"-",""))))),1,0)),0)+IF(OR(COUNTA(B29:C33,E29:F33)>0,OR(D28="X",D28="x"),UPPER(D29)="X",UPPER(D30)="X",UPPER(D31)="X",UPPER(D32)="X",UPPER(D33)="X"),(IF(OR(D29="X",D29="x",AND(COUNTA(B29,C29,E29,F29)>0,(LEN(SUBSTITUTE(SUBSTITUTE(SUBSTITUTE(B29," ",""),"0",""),"-",""))+LEN(SUBSTITUTE(SUBSTITUTE(SUBSTITUTE(C29," ",""),"0",""),"-","")))=(LEN(SUBSTITUTE(SUBSTITUTE(SUBSTITUTE(E29," ",""),"0",""),"-",""))+LEN(SUBSTITUTE(SUBSTITUTE(SUBSTITUTE(F29," ",""),"0",""),"-",""))))),1,0)+IF(OR(D30="X",D30="x",AND(COUNTA(B30,C30,E30,F30)>0,(LEN(SUBSTITUTE(SUBSTITUTE(SUBSTITUTE(B30," ",""),"0",""),"-",""))+LEN(SUBSTITUTE(SUBSTITUTE(SUBSTITUTE(C30," ",""),"0",""),"-","")))=(LEN(SUBSTITUTE(SUBSTITUTE(SUBSTITUTE(E30," ",""),"0",""),"-",""))+LEN(SUBSTITUTE(SUBSTITUTE(SUBSTITUTE(F30," ",""),"0",""),"-",""))))),1,0)+IF(OR(D31="X",D31="x",AND(COUNTA(B31,C31,E31,F31)>0,(LEN(SUBSTITUTE(SUBSTITUTE(SUBSTITUTE(B31," ",""),"0",""),"-",""))+LEN(SUBSTITUTE(SUBSTITUTE(SUBSTITUTE(C31," ",""),"0",""),"-","")))=(LEN(SUBSTITUTE(SUBSTITUTE(SUBSTITUTE(E31," ",""),"0",""),"-",""))+LEN(SUBSTITUTE(SUBSTITUTE(SUBSTITUTE(F31," ",""),"0",""),"-",""))))),1,0)+IF(OR(D32="X",D32="x",AND(COUNTA(B32,C32,E32,F32)>0,(LEN(SUBSTITUTE(SUBSTITUTE(SUBSTITUTE(B32," ",""),"0",""),"-",""))+LEN(SUBSTITUTE(SUBSTITUTE(SUBSTITUTE(C32," ",""),"0",""),"-","")))=(LEN(SUBSTITUTE(SUBSTITUTE(SUBSTITUTE(E32," ",""),"0",""),"-",""))+LEN(SUBSTITUTE(SUBSTITUTE(SUBSTITUTE(F32," ",""),"0",""),"-",""))))),1,0)+IF(OR(D33="X",D33="x",AND(COUNTA(B33,C33,E33,F33)>0,(LEN(SUBSTITUTE(SUBSTITUTE(SUBSTITUTE(B33," ",""),"0",""),"-",""))+LEN(SUBSTITUTE(SUBSTITUTE(SUBSTITUTE(C33," ",""),"0",""),"-","")))=(LEN(SUBSTITUTE(SUBSTITUTE(SUBSTITUTE(E33," ",""),"0",""),"-",""))+LEN(SUBSTITUTE(SUBSTITUTE(SUBSTITUTE(F33," ",""),"0",""),"-",""))))),1,0)),0)+IF(OR(COUNTA(B45:C49,E45:F49)>0,OR(D44="X",D44="x"),UPPER(D45)="X",UPPER(D46)="X",UPPER(D47)="X",UPPER(D48)="X",UPPER(D49)="X"),(IF(OR(D45="X",D45="x",AND(COUNTA(B45,C45,E45,F45)>0,(LEN(SUBSTITUTE(SUBSTITUTE(SUBSTITUTE(B45," ",""),"0",""),"-",""))+LEN(SUBSTITUTE(SUBSTITUTE(SUBSTITUTE(C45," ",""),"0",""),"-","")))=(LEN(SUBSTITUTE(SUBSTITUTE(SUBSTITUTE(E45," ",""),"0",""),"-",""))+LEN(SUBSTITUTE(SUBSTITUTE(SUBSTITUTE(F45," ",""),"0",""),"-",""))))),1,0)+IF(OR(D46="X",D46="x",AND(COUNTA(B46,C46,E46,F46)>0,(LEN(SUBSTITUTE(SUBSTITUTE(SUBSTITUTE(B46," ",""),"0",""),"-",""))+LEN(SUBSTITUTE(SUBSTITUTE(SUBSTITUTE(C46," ",""),"0",""),"-","")))=(LEN(SUBSTITUTE(SUBSTITUTE(SUBSTITUTE(E46," ",""),"0",""),"-",""))+LEN(SUBSTITUTE(SUBSTITUTE(SUBSTITUTE(F46," ",""),"0",""),"-",""))))),1,0)+IF(OR(D47="X",D47="x",AND(COUNTA(B47,C47,E47,F47)>0,(LEN(SUBSTITUTE(SUBSTITUTE(SUBSTITUTE(B47," ",""),"0",""),"-",""))+LEN(SUBSTITUTE(SUBSTITUTE(SUBSTITUTE(C47," ",""),"0",""),"-","")))=(LEN(SUBSTITUTE(SUBSTITUTE(SUBSTITUTE(E47," ",""),"0",""),"-",""))+LEN(SUBSTITUTE(SUBSTITUTE(SUBSTITUTE(F47," ",""),"0",""),"-",""))))),1,0)+IF(OR(D48="X",D48="x",AND(COUNTA(B48,C48,E48,F48)>0,(LEN(SUBSTITUTE(SUBSTITUTE(SUBSTITUTE(B48," ",""),"0",""),"-",""))+LEN(SUBSTITUTE(SUBSTITUTE(SUBSTITUTE(C48," ",""),"0",""),"-","")))=(LEN(SUBSTITUTE(SUBSTITUTE(SUBSTITUTE(E48," ",""),"0",""),"-",""))+LEN(SUBSTITUTE(SUBSTITUTE(SUBSTITUTE(F48," ",""),"0",""),"-",""))))),1,0)+IF(OR(D49="X",D49="x",AND(COUNTA(B49,C49,E49,F49)>0,(LEN(SUBSTITUTE(SUBSTITUTE(SUBSTITUTE(B49," ",""),"0",""),"-",""))+LEN(SUBSTITUTE(SUBSTITUTE(SUBSTITUTE(C49," ",""),"0",""),"-","")))=(LEN(SUBSTITUTE(SUBSTITUTE(SUBSTITUTE(E49," ",""),"0",""),"-",""))+LEN(SUBSTITUTE(SUBSTITUTE(SUBSTITUTE(F49," ",""),"0",""),"-",""))))),1,0)),0) | E62: =C20+C28+C44 | F62: =E20+E28+E44
O63: Ranking
N64: 1. | O64: =IFERROR(INDEX($I$53:$I$60, MATCH(1, $O$53:$O$60, 0)), "-")
G65: Ranking | N65: 2. | O65: =IFERROR(INDEX($I$53:$I$60, MATCH(2, $O$53:$O$60, 0)), "-")
F66: 1. | G66: =IFERROR(INDEX($A$53:$A$62, MATCH(1, $G$53:$G$62, 0)), "-") | N66: 3. | O66: =IFERROR(INDEX($I$53:$I$60, MATCH(3, $O$53:$O$60, 0)), "-")
F67: 2. | G67: =IFERROR(INDEX($A$53:$A$62, MATCH(2, $G$53:$G$62, 0)), "-")
F68: 3. | G68: =IFERROR(INDEX($A$53:$A$62, MATCH(3, $G$53:$G$62, 0)), "-")
F69: 4. | G69: =IFERROR(INDEX($A$53:$A$62, MATCH(4, $G$53:$G$62, 0)), "-")
A71: ='data'!$A$9
A72: White | D72: vs | G72: Red
A73: =data!$D$8&" "&data!$B$8 | B73: =IF(UPPER(D74)="X",0,IF((LEN(SUBSTITUTE(SUBSTITUTE(SUBSTITUTE(B74," ",""),"0",""),"-",""))+LEN(SUBSTITUTE(SUBSTITUTE(SUBSTITUTE(C74," ",""),"0",""),"-","")))>(LEN(SUBSTITUTE(SUBSTITUTE(SUBSTITUTE(E74," ",""),"0",""),"-",""))+LEN(SUBSTITUTE(SUBSTITUTE(SUBSTITUTE(F74," ",""),"0",""),"-",""))),1,0))+IF(UPPER(D75)="X",0,IF((LEN(SUBSTITUTE(SUBSTITUTE(SUBSTITUTE(B75," ",""),"0",""),"-",""))+LEN(SUBSTITUTE(SUBSTITUTE(SUBSTITUTE(C75," ",""),"0",""),"-","")))>(LEN(SUBSTITUTE(SUBSTITUTE(SUBSTITUTE(E75," ",""),"0",""),"-",""))+LEN(SUBSTITUTE(SUBSTITUTE(SUBSTITUTE(F75," ",""),"0",""),"-",""))),1,0))+IF(UPPER(D76)="X",0,IF((LEN(SUBSTITUTE(SUBSTITUTE(SUBSTITUTE(B76," ",""),"0",""),"-",""))+LEN(SUBSTITUTE(SUBSTITUTE(SUBSTITUTE(C76," ",""),"0",""),"-","")))>(LEN(SUBSTITUTE(SUBSTITUTE(SUBSTITUTE(E76," ",""),"0",""),"-",""))+LEN(SUBSTITUTE(SUBSTITUTE(SUBSTITUTE(F76," ",""),"0",""),"-",""))),1,0))+IF(UPPER(D77)="X",0,IF((LEN(SUBSTITUTE(SUBSTITUTE(SUBSTITUTE(B77," ",""),"0",""),"-",""))+LEN(SUBSTITUTE(SUBSTITUTE(SUBSTITUTE(C77," ",""),"0",""),"-","")))>(LEN(SUBSTITUTE(SUBSTITUTE(SUBSTITUTE(E77," ",""),"0",""),"-",""))+LEN(SUBSTITUTE(SUBSTITUTE(SUBSTITUTE(F77," ",""),"0",""),"-",""))),1,0))+IF(UPPER(D78)="X",0,IF((LEN(SUBSTITUTE(SUBSTITUTE(SUBSTITUTE(B78," ",""),"0",""),"-",""))+LEN(SUBSTITUTE(SUBSTITUTE(SUBSTITUTE(C78," ",""),"0",""),"-","")))>(LEN(SUBSTITUTE(SUBSTITUTE(SUBSTITUTE(E78," ",""),"0",""),"-",""))+LEN(SUBSTITUTE(SUBSTITUTE(SUBSTITUTE(F78," ",""),"0",""),"-",""))),1,0)) | C73: =LEN(SUBSTITUTE(SUBSTITUTE(SUBSTITUTE(B74," ",""),"0",""),"-",""))+LEN(SUBSTITUTE(SUBSTITUTE(SUBSTITUTE(C74," ",""),"0",""),"-",""))+LEN(SUBSTITUTE(SUBSTITUTE(SUBSTITUTE(B75," ",""),"0",""),"-",""))+LEN(SUBSTITUTE(SUBSTITUTE(SUBSTITUTE(C75," ",""),"0",""),"-",""))+LEN(SUBSTITUTE(SUBSTITUTE(SUBSTITUTE(B76," ",""),"0",""),"-",""))+LEN(SUBSTITUTE(SUBSTITUTE(SUBSTITUTE(C76," ",""),"0",""),"-",""))+LEN(SUBSTITUTE(SUBSTITUTE(SUBSTITUTE(B77," ",""),"0",""),"-",""))+LEN(SUBSTITUTE(SUBSTITUTE(SUBSTITUTE(C77," ",""),"0",""),"-",""))+LEN(SUBSTITUTE(SUBSTITUTE(SUBSTITUTE(B78," ",""),"0",""),"-",""))+LEN(SUBSTITUTE(SUBSTITUTE(SUBSTITUTE(C78," ",""),"0",""),"-","")) | E73: =LEN(SUBSTITUTE(SUBSTITUTE(SUBSTITUTE(E74," ",""),"0",""),"-",""))+LEN(SUBSTITUTE(SUBSTITUTE(SUBSTITUTE(F74," ",""),"0",""),"-",""))+LEN(SUBSTITUTE(SUBSTITUTE(SUBSTITUTE(E75," ",""),"0",""),"-",""))+LEN(SUBSTITUTE(SUBSTITUTE(SUBSTITUTE(F75," ",""),"0",""),"-",""))+LEN(SUBSTITUTE(SUBSTITUTE(SUBSTITUTE(E76," ",""),"0",""),"-",""))+LEN(SUBSTITUTE(SUBSTITUTE(SUBSTITUTE(F76," ",""),"0",""),"-",""))+LEN(SUBSTITUTE(SUBSTITUTE(SUBSTITUTE(E77," ",""),"0",""),"-",""))+LEN(SUBSTITUTE(SUBSTITUTE(SUBSTITUTE(F77," ",""),"0",""),"-",""))+LEN(SUBSTITUTE(SUBSTITUTE(SUBSTITUTE(E78," ",""),"0",""),"-",""))+LEN(SUBSTITUTE(SUBSTITUTE(SUBSTITUTE(F78," ",""),"0",""),"-","")) | F73: =IF(UPPER(D74)="X",0,IF((LEN(SUBSTITUTE(SUBSTITUTE(SUBSTITUTE(E74," ",""),"0",""),"-",""))+LEN(SUBSTITUTE(SUBSTITUTE(SUBSTITUTE(F74," ",""),"0",""),"-","")))>(LEN(SUBSTITUTE(SUBSTITUTE(SUBSTITUTE(B74," ",""),"0",""),"-",""))+LEN(SUBSTITUTE(SUBSTITUTE(SUBSTITUTE(C74," ",""),"0",""),"-",""))),1,0))+IF(UPPER(D75)="X",0,IF((LEN(SUBSTITUTE(SUBSTITUTE(SUBSTITUTE(E75," ",""),"0",""),"-",""))+LEN(SUBSTITUTE(SUBSTITUTE(SUBSTITUTE(F75," ",""),"0",""),"-","")))>(LEN(SUBSTITUTE(SUBSTITUTE(SUBSTITUTE(B75," ",""),"0",""),"-",""))+LEN(SUBSTITUTE(SUBSTITUTE(SUBSTITUTE(C75," ",""),"0",""),"-",""))),1,0))+IF(UPPER(D76)="X",0,IF((LEN(SUBSTITUTE(SUBSTITUTE(SUBSTITUTE(E76," ",""),"0",""),"-",""))+LEN(SUBSTITUTE(SUBSTITUTE(SUBSTITUTE(F76," ",""),"0",""),"-","")))>(LEN(SUBSTITUTE(SUBSTITUTE(SUBSTITUTE(B76," ",""),"0",""),"-",""))+LEN(SUBSTITUTE(SUBSTITUTE(SUBSTITUTE(C76," ",""),"0",""),"-",""))),1,0))+IF(UPPER(D77)="X",0,IF((LEN(SUBSTITUTE(SUBSTITUTE(SUBSTITUTE(E77," ",""),"0",""),"-",""))+LEN(SUBSTITUTE(SUBSTITUTE(SUBSTITUTE(F77," ",""),"0",""),"-","")))>(LEN(SUBSTITUTE(SUBSTITUTE(SUBSTITUTE(B77," ",""),"0",""),"-",""))+LEN(SUBSTITUTE(SUBSTITUTE(SUBSTITUTE(C77," ",""),"0",""),"-",""))),1,0))+IF(UPPER(D78)="X",0,IF((LEN(SUBSTITUTE(SUBSTITUTE(SUBSTITUTE(E78," ",""),"0",""),"-",""))+LEN(SUBSTITUTE(SUBSTITUTE(SUBSTITUTE(F78," ",""),"0",""),"-","")))>(LEN(SUBSTITUTE(SUBSTITUTE(SUBSTITUTE(B78," ",""),"0",""),"-",""))+LEN(SUBSTITUTE(SUBSTITUTE(SUBSTITUTE(C78," ",""),"0",""),"-",""))),1,0)) | G73: =data!$D$7&" "&data!$B$7
A74: 1 | G74: 1
A75: 2 | G75: 2
A76: 3 | G76: 3
A77: 4 | G77: 4
A78: 5 | G78: 5
A80: White | D80: vs | G80: Red
A81: =data!$D$9&" "&data!$B$9 | B81: =IF(UPPER(D82)="X",0,IF((LEN(SUBSTITUTE(SUBSTITUTE(SUBSTITUTE(B82," ",""),"0",""),"-",""))+LEN(SUBSTITUTE(SUBSTITUTE(SUBSTITUTE(C82," ",""),"0",""),"-","")))>(LEN(SUBSTITUTE(SUBSTITUTE(SUBSTITUTE(E82," ",""),"0",""),"-",""))+LEN(SUBSTITUTE(SUBSTITUTE(SUBSTITUTE(F82," ",""),"0",""),"-",""))),1,0))+IF(UPPER(D83)="X",0,IF((LEN(SUBSTITUTE(SUBSTITUTE(SUBSTITUTE(B83," ",""),"0",""),"-",""))+LEN(SUBSTITUTE(SUBSTITUTE(SUBSTITUTE(C83," ",""),"0",""),"-","")))>(LEN(SUBSTITUTE(SUBSTITUTE(SUBSTITUTE(E83," ",""),"0",""),"-",""))+LEN(SUBSTITUTE(SUBSTITUTE(SUBSTITUTE(F83," ",""),"0",""),"-",""))),1,0))+IF(UPPER(D84)="X",0,IF((LEN(SUBSTITUTE(SUBSTITUTE(SUBSTITUTE(B84," ",""),"0",""),"-",""))+LEN(SUBSTITUTE(SUBSTITUTE(SUBSTITUTE(C84," ",""),"0",""),"-","")))>(LEN(SUBSTITUTE(SUBSTITUTE(SUBSTITUTE(E84," ",""),"0",""),"-",""))+LEN(SUBSTITUTE(SUBSTITUTE(SUBSTITUTE(F84," ",""),"0",""),"-",""))),1,0))+IF(UPPER(D85)="X",0,IF((LEN(SUBSTITUTE(SUBSTITUTE(SUBSTITUTE(B85," ",""),"0",""),"-",""))+LEN(SUBSTITUTE(SUBSTITUTE(SUBSTITUTE(C85," ",""),"0",""),"-","")))>(LEN(SUBSTITUTE(SUBSTITUTE(SUBSTITUTE(E85," ",""),"0",""),"-",""))+LEN(SUBSTITUTE(SUBSTITUTE(SUBSTITUTE(F85," ",""),"0",""),"-",""))),1,0))+IF(UPPER(D86)="X",0,IF((LEN(SUBSTITUTE(SUBSTITUTE(SUBSTITUTE(B86," ",""),"0",""),"-",""))+LEN(SUBSTITUTE(SUBSTITUTE(SUBSTITUTE(C86," ",""),"0",""),"-","")))>(LEN(SUBSTITUTE(SUBSTITUTE(SUBSTITUTE(E86," ",""),"0",""),"-",""))+LEN(SUBSTITUTE(SUBSTITUTE(SUBSTITUTE(F86," ",""),"0",""),"-",""))),1,0)) | C81: =LEN(SUBSTITUTE(SUBSTITUTE(SUBSTITUTE(B82," ",""),"0",""),"-",""))+LEN(SUBSTITUTE(SUBSTITUTE(SUBSTITUTE(C82," ",""),"0",""),"-",""))+LEN(SUBSTITUTE(SUBSTITUTE(SUBSTITUTE(B83," ",""),"0",""),"-",""))+LEN(SUBSTITUTE(SUBSTITUTE(SUBSTITUTE(C83," ",""),"0",""),"-",""))+LEN(SUBSTITUTE(SUBSTITUTE(SUBSTITUTE(B84," ",""),"0",""),"-",""))+LEN(SUBSTITUTE(SUBSTITUTE(SUBSTITUTE(C84," ",""),"0",""),"-",""))+LEN(SUBSTITUTE(SUBSTITUTE(SUBSTITUTE(B85," ",""),"0",""),"-",""))+LEN(SUBSTITUTE(SUBSTITUTE(SUBSTITUTE(C85," ",""),"0",""),"-",""))+LEN(SUBSTITUTE(SUBSTITUTE(SUBSTITUTE(B86," ",""),"0",""),"-",""))+LEN(SUBSTITUTE(SUBSTITUTE(SUBSTITUTE(C86," ",""),"0",""),"-","")) | E81: =LEN(SUBSTITUTE(SUBSTITUTE(SUBSTITUTE(E82," ",""),"0",""),"-",""))+LEN(SUBSTITUTE(SUBSTITUTE(SUBSTITUTE(F82," ",""),"0",""),"-",""))+LEN(SUBSTITUTE(SUBSTITUTE(SUBSTITUTE(E83," ",""),"0",""),"-",""))+LEN(SUBSTITUTE(SUBSTITUTE(SUBSTITUTE(F83," ",""),"0",""),"-",""))+LEN(SUBSTITUTE(SUBSTITUTE(SUBSTITUTE(E84," ",""),"0",""),"-",""))+LEN(SUBSTITUTE(SUBSTITUTE(SUBSTITUTE(F84," ",""),"0",""),"-",""))+LEN(SUBSTITUTE(SUBSTITUTE(SUBSTITUTE(E85," ",""),"0",""),"-",""))+LEN(SUBSTITUTE(SUBSTITUTE(SUBSTITUTE(F85," ",""),"0",""),"-",""))+LEN(SUBSTITUTE(SUBSTITUTE(SUBSTITUTE(E86," ",""),"0",""),"-",""))+LEN(SUBSTITUTE(SUBSTITUTE(SUBSTITUTE(F86," ",""),"0",""),"-","")) | F81: =IF(UPPER(D82)="X",0,IF((LEN(SUBSTITUTE(SUBSTITUTE(SUBSTITUTE(E82," ",""),"0",""),"-",""))+LEN(SUBSTITUTE(SUBSTITUTE(SUBSTITUTE(F82," ",""),"0",""),"-","")))>(LEN(SUBSTITUTE(SUBSTITUTE(SUBSTITUTE(B82," ",""),"0",""),"-",""))+LEN(SUBSTITUTE(SUBSTITUTE(SUBSTITUTE(C82," ",""),"0",""),"-",""))),1,0))+IF(UPPER(D83)="X",0,IF((LEN(SUBSTITUTE(SUBSTITUTE(SUBSTITUTE(E83," ",""),"0",""),"-",""))+LEN(SUBSTITUTE(SUBSTITUTE(SUBSTITUTE(F83," ",""),"0",""),"-","")))>(LEN(SUBSTITUTE(SUBSTITUTE(SUBSTITUTE(B83," ",""),"0",""),"-",""))+LEN(SUBSTITUTE(SUBSTITUTE(SUBSTITUTE(C83," ",""),"0",""),"-",""))),1,0))+IF(UPPER(D84)="X",0,IF((LEN(SUBSTITUTE(SUBSTITUTE(SUBSTITUTE(E84," ",""),"0",""),"-",""))+LEN(SUBSTITUTE(SUBSTITUTE(SUBSTITUTE(F84," ",""),"0",""),"-","")))>(LEN(SUBSTITUTE(SUBSTITUTE(SUBSTITUTE(B84," ",""),"0",""),"-",""))+LEN(SUBSTITUTE(SUBSTITUTE(SUBSTITUTE(C84," ",""),"0",""),"-",""))),1,0))+IF(UPPER(D85)="X",0,IF((LEN(SUBSTITUTE(SUBSTITUTE(SUBSTITUTE(E85," ",""),"0",""),"-",""))+LEN(SUBSTITUTE(SUBSTITUTE(SUBSTITUTE(F85," ",""),"0",""),"-","")))>(LEN(SUBSTITUTE(SUBSTITUTE(SUBSTITUTE(B85," ",""),"0",""),"-",""))+LEN(SUBSTITUTE(SUBSTITUTE(SUBSTITUTE(C85," ",""),"0",""),"-",""))),1,0))+IF(UPPER(D86)="X",0,IF((LEN(SUBSTITUTE(SUBSTITUTE(SUBSTITUTE(E86," ",""),"0",""),"-",""))+LEN(SUBSTITUTE(SUBSTITUTE(SUBSTITUTE(F86," ",""),"0",""),"-","")))>(LEN(SUBSTITUTE(SUBSTITUTE(SUBSTITUTE(B86," ",""),"0",""),"-",""))+LEN(SUBSTITUTE(SUBSTITUTE(SUBSTITUTE(C86," ",""),"0",""),"-",""))),1,0)) | G81: =data!$D$7&" "&data!$B$7
A82: 1 | G82: 1
A83: 2 | G83: 2
A84: 3 | G84: 3
A85: 4 | G85: 4
A86: 5 | G86: 5
A88: White | D88: vs | G88: Red
A89: =data!$D$9&" "&data!$B$9 | B89: =IF(UPPER(D90)="X",0,IF((LEN(SUBSTITUTE(SUBSTITUTE(SUBSTITUTE(B90," ",""),"0",""),"-",""))+LEN(SUBSTITUTE(SUBSTITUTE(SUBSTITUTE(C90," ",""),"0",""),"-","")))>(LEN(SUBSTITUTE(SUBSTITUTE(SUBSTITUTE(E90," ",""),"0",""),"-",""))+LEN(SUBSTITUTE(SUBSTITUTE(SUBSTITUTE(F90," ",""),"0",""),"-",""))),1,0))+IF(UPPER(D91)="X",0,IF((LEN(SUBSTITUTE(SUBSTITUTE(SUBSTITUTE(B91," ",""),"0",""),"-",""))+LEN(SUBSTITUTE(SUBSTITUTE(SUBSTITUTE(C91," ",""),"0",""),"-","")))>(LEN(SUBSTITUTE(SUBSTITUTE(SUBSTITUTE(E91," ",""),"0",""),"-",""))+LEN(SUBSTITUTE(SUBSTITUTE(SUBSTITUTE(F91," ",""),"0",""),"-",""))),1,0))+IF(UPPER(D92)="X",0,IF((LEN(SUBSTITUTE(SUBSTITUTE(SUBSTITUTE(B92," ",""),"0",""),"-",""))+LEN(SUBSTITUTE(SUBSTITUTE(SUBSTITUTE(C92," ",""),"0",""),"-","")))>(LEN(SUBSTITUTE(SUBSTITUTE(SUBSTITUTE(E92," ",""),"0",""),"-",""))+LEN(SUBSTITUTE(SUBSTITUTE(SUBSTITUTE(F92," ",""),"0",""),"-",""))),1,0))+IF(UPPER(D93)="X",0,IF((LEN(SUBSTITUTE(SUBSTITUTE(SUBSTITUTE(B93," ",""),"0",""),"-",""))+LEN(SUBSTITUTE(SUBSTITUTE(SUBSTITUTE(C93," ",""),"0",""),"-","")))>(LEN(SUBSTITUTE(SUBSTITUTE(SUBSTITUTE(E93," ",""),"0",""),"-",""))+LEN(SUBSTITUTE(SUBSTITUTE(SUBSTITUTE(F93," ",""),"0",""),"-",""))),1,0))+IF(UPPER(D94)="X",0,IF((LEN(SUBSTITUTE(SUBSTITUTE(SUBSTITUTE(B94," ",""),"0",""),"-",""))+LEN(SUBSTITUTE(SUBSTITUTE(SUBSTITUTE(C94," ",""),"0",""),"-","")))>(LEN(SUBSTITUTE(SUBSTITUTE(SUBSTITUTE(E94," ",""),"0",""),"-",""))+LEN(SUBSTITUTE(SUBSTITUTE(SUBSTITUTE(F94," ",""),"0",""),"-",""))),1,0)) | C89: =LEN(SUBSTITUTE(SUBSTITUTE(SUBSTITUTE(B90," ",""),"0",""),"-",""))+LEN(SUBSTITUTE(SUBSTITUTE(SUBSTITUTE(C90," ",""),"0",""),"-",""))+LEN(SUBSTITUTE(SUBSTITUTE(SUBSTITUTE(B91," ",""),"0",""),"-",""))+LEN(SUBSTITUTE(SUBSTITUTE(SUBSTITUTE(C91," ",""),"0",""),"-",""))+LEN(SUBSTITUTE(SUBSTITUTE(SUBSTITUTE(B92," ",""),"0",""),"-",""))+LEN(SUBSTITUTE(SUBSTITUTE(SUBSTITUTE(C92," ",""),"0",""),"-",""))+LEN(SUBSTITUTE(SUBSTITUTE(SUBSTITUTE(B93," ",""),"0",""),"-",""))+LEN(SUBSTITUTE(SUBSTITUTE(SUBSTITUTE(C93," ",""),"0",""),"-",""))+LEN(SUBSTITUTE(SUBSTITUTE(SUBSTITUTE(B94," ",""),"0",""),"-",""))+LEN(SUBSTITUTE(SUBSTITUTE(SUBSTITUTE(C94," ",""),"0",""),"-","")) | E89: =LEN(SUBSTITUTE(SUBSTITUTE(SUBSTITUTE(E90," ",""),"0",""),"-",""))+LEN(SUBSTITUTE(SUBSTITUTE(SUBSTITUTE(F90," ",""),"0",""),"-",""))+LEN(SUBSTITUTE(SUBSTITUTE(SUBSTITUTE(E91," ",""),"0",""),"-",""))+LEN(SUBSTITUTE(SUBSTITUTE(SUBSTITUTE(F91," ",""),"0",""),"-",""))+LEN(SUBSTITUTE(SUBSTITUTE(SUBSTITUTE(E92," ",""),"0",""),"-",""))+LEN(SUBSTITUTE(SUBSTITUTE(SUBSTITUTE(F92," ",""),"0",""),"-",""))+LEN(SUBSTITUTE(SUBSTITUTE(SUBSTITUTE(E93," ",""),"0",""),"-",""))+LEN(SUBSTITUTE(SUBSTITUTE(SUBSTITUTE(F93," ",""),"0",""),"-",""))+LEN(SUBSTITUTE(SUBSTITUTE(SUBSTITUTE(E94," ",""),"0",""),"-",""))+LEN(SUBSTITUTE(SUBSTITUTE(SUBSTITUTE(F94," ",""),"0",""),"-","")) | F89: =IF(UPPER(D90)="X",0,IF((LEN(SUBSTITUTE(SUBSTITUTE(SUBSTITUTE(E90," ",""),"0",""),"-",""))+LEN(SUBSTITUTE(SUBSTITUTE(SUBSTITUTE(F90," ",""),"0",""),"-","")))>(LEN(SUBSTITUTE(SUBSTITUTE(SUBSTITUTE(B90," ",""),"0",""),"-",""))+LEN(SUBSTITUTE(SUBSTITUTE(SUBSTITUTE(C90," ",""),"0",""),"-",""))),1,0))+IF(UPPER(D91)="X",0,IF((LEN(SUBSTITUTE(SUBSTITUTE(SUBSTITUTE(E91," ",""),"0",""),"-",""))+LEN(SUBSTITUTE(SUBSTITUTE(SUBSTITUTE(F91," ",""),"0",""),"-","")))>(LEN(SUBSTITUTE(SUBSTITUTE(SUBSTITUTE(B91," ",""),"0",""),"-",""))+LEN(SUBSTITUTE(SUBSTITUTE(SUBSTITUTE(C91," ",""),"0",""),"-",""))),1,0))+IF(UPPER(D92)="X",0,IF((LEN(SUBSTITUTE(SUBSTITUTE(SUBSTITUTE(E92," ",""),"0",""),"-",""))+LEN(SUBSTITUTE(SUBSTITUTE(SUBSTITUTE(F92," ",""),"0",""),"-","")))>(LEN(SUBSTITUTE(SUBSTITUTE(SUBSTITUTE(B92," ",""),"0",""),"-",""))+LEN(SUBSTITUTE(SUBSTITUTE(SUBSTITUTE(C92," ",""),"0",""),"-",""))),1,0))+IF(UPPER(D93)="X",0,IF((LEN(SUBSTITUTE(SUBSTITUTE(SUBSTITUTE(E93," ",""),"0",""),"-",""))+LEN(SUBSTITUTE(SUBSTITUTE(SUBSTITUTE(F93," ",""),"0",""),"-","")))>(LEN(SUBSTITUTE(SUBSTITUTE(SUBSTITUTE(B93," ",""),"0",""),"-",""))+LEN(SUBSTITUTE(SUBSTITUTE(SUBSTITUTE(C93," ",""),"0",""),"-",""))),1,0))+IF(UPPER(D94)="X",0,IF((LEN(SUBSTITUTE(SUBSTITUTE(SUBSTITUTE(E94," ",""),"0",""),"-",""))+LEN(SUBSTITUTE(SUBSTITUTE(SUBSTITUTE(F94," ",""),"0",""),"-","")))>(LEN(SUBSTITUTE(SUBSTITUTE(SUBSTITUTE(B94," ",""),"0",""),"-",""))+LEN(SUBSTITUTE(SUBSTITUTE(SUBSTITUTE(C94," ",""),"0",""),"-",""))),1,0)) | G89: =data!$D$8&" "&data!$B$8
A90: 1 | G90: 1
A91: 2 | G91: 2
A92: 3 | G92: 3
A93: 4 | G93: 4
A94: 5 | G94: 5
A97: Team Results | B97: W | C97: L | D97: T | G97: Rank
A98: =data!$D$7&" "&data!$B$7 | B98: =IF(OR(COUNTA(B74:C78,E74:F78)>0,D74="X",D74="x",D75="X",D75="x",D76="X",D76="x",D77="X",D77="x",D78="X",D78="x",OR(D73="X",D73="x")),IF(OR(OR(D73="X",D73="x"),AND(B73=F73,C73=E73)),0,IF(OR(F73>B73,AND(F73=B73,E73>C73)),1,0)),0)+IF(OR(COUNTA(B82:C86,E82:F86)>0,D82="X",D82="x",D83="X",D83="x",D84="X",D84="x",D85="X",D85="x",D86="X",D86="x",OR(D81="X",D81="x")),IF(OR(OR(D81="X",D81="x"),AND(B81=F81,C81=E81)),0,IF(OR(F81>B81,AND(F81=B81,E81>C81)),1,0)),0) | C98: =IF(OR(COUNTA(B74:C78,E74:F78)>0,D74="X",D74="x",D75="X",D75="x",D76="X",D76="x",D77="X",D77="x",D78="X",D78="x",OR(D73="X",D73="x")),IF(OR(OR(D73="X",D73="x"),AND(B73=F73,C73=E73)),0,IF(OR(F73<B73,AND(F73=B73,E73<C73)),1,0)),0)+IF(OR(COUNTA(B82:C86,E82:F86)>0,D82="X",D82="x",D83="X",D83="x",D84="X",D84="x",D85="X",D85="x",D86="X",D86="x",OR(D81="X",D81="x")),IF(OR(OR(D81="X",D81="x"),AND(B81=F81,C81=E81)),0,IF(OR(F81<B81,AND(F81=B81,E81<C81)),1,0)),0) | D98: =IF(OR(COUNTA(B74:C78,E74:F78)>0,D74="X",D74="x",D75="X",D75="x",D76="X",D76="x",D77="X",D77="x",D78="X",D78="x",OR(D73="X",D73="x")),IF(OR(OR(D73="X",D73="x"),AND(B73=F73,C73=E73)),1,0),0)+IF(OR(COUNTA(B82:C86,E82:F86)>0,D82="X",D82="x",D83="X",D83="x",D84="X",D84="x",D85="X",D85="x",D86="X",D86="x",OR(D81="X",D81="x")),IF(OR(OR(D81="X",D81="x"),AND(B81=F81,C81=E81)),1,0),0) | G98: =RANK(U98,$U$98:$U$100)+COUNTIF($U$97:U97,U98) | U98: =(B98*1000000000)-(C98*10000000)+(D98*100000)+(B103*1000)-(C103*100)+(D103*10)+(E103*1)-(F103*0.01)
A99: =data!$D$8&" "&data!$B$8 | B99: =IF(OR(COUNTA(B74:C78,E74:F78)>0,D74="X",D74="x",D75="X",D75="x",D76="X",D76="x",D77="X",D77="x",D78="X",D78="x",OR(D73="X",D73="x")),IF(OR(OR(D73="X",D73="x"),AND(B73=F73,C73=E73)),0,IF(OR(B73>F73,AND(B73=F73,C73>E73)),1,0)),0)+IF(OR(COUNTA(B90:C94,E90:F94)>0,D90="X",D90="x",D91="X",D91="x",D92="X",D92="x",D93="X",D93="x",D94="X",D94="x",OR(D89="X",D89="x")),IF(OR(OR(D89="X",D89="x"),AND(B89=F89,C89=E89)),0,IF(OR(F89>B89,AND(F89=B89,E89>C89)),1,0)),0) | C99: =IF(OR(COUNTA(B74:C78,E74:F78)>0,D74="X",D74="x",D75="X",D75="x",D76="X",D76="x",D77="X",D77="x",D78="X",D78="x",OR(D73="X",D73="x")),IF(OR(OR(D73="X",D73="x"),AND(B73=F73,C73=E73)),0,IF(OR(B73<F73,AND(B73=F73,C73<E73)),1,0)),0)+IF(OR(COUNTA(B90:C94,E90:F94)>0,D90="X",D90="x",D91="X",D91="x",D92="X",D92="x",D93="X",D93="x",D94="X",D94="x",OR(D89="X",D89="x")),IF(OR(OR(D89="X",D89="x"),AND(B89=F89,C89=E89)),0,IF(OR(F89<B89,AND(F89=B89,E89<C89)),1,0)),0) | D99: =IF(OR(COUNTA(B74:C78,E74:F78)>0,D74="X",D74="x",D75="X",D75="x",D76="X",D76="x",D77="X",D77="x",D78="X",D78="x",OR(D73="X",D73="x")),IF(OR(OR(D73="X",D73="x"),AND(B73=F73,C73=E73)),1,0),0)+IF(OR(COUNTA(B90:C94,E90:F94)>0,D90="X",D90="x",D91="X",D91="x",D92="X",D92="x",D93="X",D93="x",D94="X",D94="x",OR(D89="X",D89="x")),IF(OR(OR(D89="X",D89="x"),AND(B89=F89,C89=E89)),1,0),0) | G99: =RANK(U99,$U$98:$U$100)+COUNTIF($U$97:U98,U99) | U99: =(B99*1000000000)-(C99*10000000)+(D99*100000)+(B104*1000)-(C104*100)+(D104*10)+(E104*1)-(F104*0.01)
A100: =data!$D$9&" "&data!$B$9 | B100: =IF(OR(COUNTA(B82:C86,E82:F86)>0,D82="X",D82="x",D83="X",D83="x",D84="X",D84="x",D85="X",D85="x",D86="X",D86="x",OR(D81="X",D81="x")),IF(OR(OR(D81="X",D81="x"),AND(B81=F81,C81=E81)),0,IF(OR(B81>F81,AND(B81=F81,C81>E81)),1,0)),0)+IF(OR(COUNTA(B90:C94,E90:F94)>0,D90="X",D90="x",D91="X",D91="x",D92="X",D92="x",D93="X",D93="x",D94="X",D94="x",OR(D89="X",D89="x")),IF(OR(OR(D89="X",D89="x"),AND(B89=F89,C89=E89)),0,IF(OR(B89>F89,AND(B89=F89,C89>E89)),1,0)),0) | C100: =IF(OR(COUNTA(B82:C86,E82:F86)>0,D82="X",D82="x",D83="X",D83="x",D84="X",D84="x",D85="X",D85="x",D86="X",D86="x",OR(D81="X",D81="x")),IF(OR(OR(D81="X",D81="x"),AND(B81=F81,C81=E81)),0,IF(OR(B81<F81,AND(B81=F81,C81<E81)),1,0)),0)+IF(OR(COUNTA(B90:C94,E90:F94)>0,D90="X",D90="x",D91="X",D91="x",D92="X",D92="x",D93="X",D93="x",D94="X",D94="x",OR(D89="X",D89="x")),IF(OR(OR(D89="X",D89="x"),AND(B89=F89,C89=E89)),0,IF(OR(B89<F89,AND(B89=F89,C89<E89)),1,0)),0) | D100: =IF(OR(COUNTA(B82:C86,E82:F86)>0,D82="X",D82="x",D83="X",D83="x",D84="X",D84="x",D85="X",D85="x",D86="X",D86="x",OR(D81="X",D81="x")),IF(OR(OR(D81="X",D81="x"),AND(B81=F81,C81=E81)),1,0),0)+IF(OR(COUNTA(B90:C94,E90:F94)>0,D90="X",D90="x",D91="X",D91="x",D92="X",D92="x",D93="X",D93="x",D94="X",D94="x",OR(D89="X",D89="x")),IF(OR(OR(D89="X",D89="x"),AND(B89=F89,C89=E89)),1,0),0) | G100: =RANK(U100,$U$98:$U$100)+COUNTIF($U$97:U99,U100) | U100: =(B100*1000000000)-(C100*10000000)+(D100*100000)+(B105*1000)-(C105*100)+(D105*10)+(E105*1)-(F105*0.01)
B102: IV | C102: IL | D102: IT | E102: PW | F102: PL
A103: =data!$D$7&" "&data!$B$7 | B103: =IF(OR(COUNTA(B74:C78,E74:F78)>0,OR(D73="X",D73="x"),UPPER(D74)="X",UPPER(D75)="X",UPPER(D76)="X",UPPER(D77)="X",UPPER(D78)="X"),F73,0)+IF(OR(COUNTA(B82:C86,E82:F86)>0,OR(D81="X",D81="x"),UPPER(D82)="X",UPPER(D83)="X",UPPER(D84)="X",UPPER(D85)="X",UPPER(D86)="X"),F81,0) | C103: =IF(OR(COUNTA(B74:C78,E74:F78)>0,OR(D73="X",D73="x"),UPPER(D74)="X",UPPER(D75)="X",UPPER(D76)="X",UPPER(D77)="X",UPPER(D78)="X"),B73,0)+IF(OR(COUNTA(B82:C86,E82:F86)>0,OR(D81="X",D81="x"),UPPER(D82)="X",UPPER(D83)="X",UPPER(D84)="X",UPPER(D85)="X",UPPER(D86)="X"),B81,0) | D103: =IF(OR(COUNTA(B74:C78,E74:F78)>0,OR(D73="X",D73="x"),UPPER(D74)="X",UPPER(D75)="X",UPPER(D76)="X",UPPER(D77)="X",UPPER(D78)="X"),(IF(OR(D74="X",D74="x",AND(COUNTA(B74,C74,E74,F74)>0,(LEN(SUBSTITUTE(SUBSTITUTE(SUBSTITUTE(B74," ",""),"0",""),"-",""))+LEN(SUBSTITUTE(SUBSTITUTE(SUBSTITUTE(C74," ",""),"0",""),"-","")))=(LEN(SUBSTITUTE(SUBSTITUTE(SUBSTITUTE(E74," ",""),"0",""),"-",""))+LEN(SUBSTITUTE(SUBSTITUTE(SUBSTITUTE(F74," ",""),"0",""),"-",""))))),1,0)+IF(OR(D75="X",D75="x",AND(COUNTA(B75,C75,E75,F75)>0,(LEN(SUBSTITUTE(SUBSTITUTE(SUBSTITUTE(B75," ",""),"0",""),"-",""))+LEN(SUBSTITUTE(SUBSTITUTE(SUBSTITUTE(C75," ",""),"0",""),"-","")))=(LEN(SUBSTITUTE(SUBSTITUTE(SUBSTITUTE(E75," ",""),"0",""),"-",""))+LEN(SUBSTITUTE(SUBSTITUTE(SUBSTITUTE(F75," ",""),"0",""),"-",""))))),1,0)+IF(OR(D76="X",D76="x",AND(COUNTA(B76,C76,E76,F76)>0,(LEN(SUBSTITUTE(SUBSTITUTE(SUBSTITUTE(B76," ",""),"0",""),"-",""))+LEN(SUBSTITUTE(SUBSTITUTE(SUBSTITUTE(C76," ",""),"0",""),"-","")))=(LEN(SUBSTITUTE(SUBSTITUTE(SUBSTITUTE(E76," ",""),"0",""),"-",""))+LEN(SUBSTITUTE(SUBSTITUTE(SUBSTITUTE(F76," ",""),"0",""),"-",""))))),1,0)+IF(OR(D77="X",D77="x",AND(COUNTA(B77,C77,E77,F77)>0,(LEN(SUBSTITUTE(SUBSTITUTE(SUBSTITUTE(B77," ",""),"0",""),"-",""))+LEN(SUBSTITUTE(SUBSTITUTE(SUBSTITUTE(C77," ",""),"0",""),"-","")))=(LEN(SUBSTITUTE(SUBSTITUTE(SUBSTITUTE(E77," ",""),"0",""),"-",""))+LEN(SUBSTITUTE(SUBSTITUTE(SUBSTITUTE(F77," ",""),"0",""),"-",""))))),1,0)+IF(OR(D78="X",D78="x",AND(COUNTA(B78,C78,E78,F78)>0,(LEN(SUBSTITUTE(SUBSTITUTE(SUBSTITUTE(B78," ",""),"0",""),"-",""))+LEN(SUBSTITUTE(SUBSTITUTE(SUBSTITUTE(C78," ",""),"0",""),"-","")))=(LEN(SUBSTITUTE(SUBSTITUTE(SUBSTITUTE(E78," ",""),"0",""),"-",""))+LEN(SUBSTITUTE(SUBSTITUTE(SUBSTITUTE(F78," ",""),"0",""),"-",""))))),1,0)),0)+IF(OR(COUNTA(B82:C86,E82:F86)>0,OR(D81="X",D81="x"),UPPER(D82)="X",UPPER(D83)="X",UPPER(D84)="X",UPPER(D85)="X",UPPER(D86)="X"),(IF(OR(D82="X",D82="x",AND(COUNTA(B82,C82,E82,F82)>0,(LEN(SUBSTITUTE(SUBSTITUTE(SUBSTITUTE(B82," ",""),"0",""),"-",""))+LEN(SUBSTITUTE(SUBSTITUTE(SUBSTITUTE(C82," ",""),"0",""),"-","")))=(LEN(SUBSTITUTE(SUBSTITUTE(SUBSTITUTE(E82," ",""),"0",""),"-",""))+LEN(SUBSTITUTE(SUBSTITUTE(SUBSTITUTE(F82," ",""),"0",""),"-",""))))),1,0)+IF(OR(D83="X",D83="x",AND(COUNTA(B83,C83,E83,F83)>0,(LEN(SUBSTITUTE(SUBSTITUTE(SUBSTITUTE(B83," ",""),"0",""),"-",""))+LEN(SUBSTITUTE(SUBSTITUTE(SUBSTITUTE(C83," ",""),"0",""),"-","")))=(LEN(SUBSTITUTE(SUBSTITUTE(SUBSTITUTE(E83," ",""),"0",""),"-",""))+LEN(SUBSTITUTE(SUBSTITUTE(SUBSTITUTE(F83," ",""),"0",""),"-",""))))),1,0)+IF(OR(D84="X",D84="x",AND(COUNTA(B84,C84,E84,F84)>0,(LEN(SUBSTITUTE(SUBSTITUTE(SUBSTITUTE(B84," ",""),"0",""),"-",""))+LEN(SUBSTITUTE(SUBSTITUTE(SUBSTITUTE(C84," ",""),"0",""),"-","")))=(LEN(SUBSTITUTE(SUBSTITUTE(SUBSTITUTE(E84," ",""),"0",""),"-",""))+LEN(SUBSTITUTE(SUBSTITUTE(SUBSTITUTE(F84," ",""),"0",""),"-",""))))),1,0)+IF(OR(D85="X",D85="x",AND(COUNTA(B85,C85,E85,F85)>0,(LEN(SUBSTITUTE(SUBSTITUTE(SUBSTITUTE(B85," ",""),"0",""),"-",""))+LEN(SUBSTITUTE(SUBSTITUTE(SUBSTITUTE(C85," ",""),"0",""),"-","")))=(LEN(SUBSTITUTE(SUBSTITUTE(SUBSTITUTE(E85," ",""),"0",""),"-",""))+LEN(SUBSTITUTE(SUBSTITUTE(SUBSTITUTE(F85," ",""),"0",""),"-",""))))),1,0)+IF(OR(D86="X",D86="x",AND(COUNTA(B86,C86,E86,F86)>0,(LEN(SUBSTITUTE(SUBSTITUTE(SUBSTITUTE(B86," ",""),"0",""),"-",""))+LEN(SUBSTITUTE(SUBSTITUTE(SUBSTITUTE(C86," ",""),"0",""),"-","")))=(LEN(SUBSTITUTE(SUBSTITUTE(SUBSTITUTE(E86," ",""),"0",""),"-",""))+LEN(SUBSTITUTE(SUBSTITUTE(SUBSTITUTE(F86," ",""),"0",""),"-",""))))),1,0)),0) | E103: =E73+E81 | F103: =C73+C81
A104: =data!$D$8&" "&data!$B$8 | B104: =IF(OR(COUNTA(B74:C78,E74:F78)>0,OR(D73="X",D73="x"),UPPER(D74)="X",UPPER(D75)="X",UPPER(D76)="X",UPPER(D77)="X",UPPER(D78)="X"),B73,0)+IF(OR(COUNTA(B90:C94,E90:F94)>0,OR(D89="X",D89="x"),UPPER(D90)="X",UPPER(D91)="X",UPPER(D92)="X",UPPER(D93)="X",UPPER(D94)="X"),F89,0) | C104: =IF(OR(COUNTA(B74:C78,E74:F78)>0,OR(D73="X",D73="x"),UPPER(D74)="X",UPPER(D75)="X",UPPER(D76)="X",UPPER(D77)="X",UPPER(D78)="X"),F73,0)+IF(OR(COUNTA(B90:C94,E90:F94)>0,OR(D89="X",D89="x"),UPPER(D90)="X",UPPER(D91)="X",UPPER(D92)="X",UPPER(D93)="X",UPPER(D94)="X"),B89,0) | D104: =IF(OR(COUNTA(B74:C78,E74:F78)>0,OR(D73="X",D73="x"),UPPER(D74)="X",UPPER(D75)="X",UPPER(D76)="X",UPPER(D77)="X",UPPER(D78)="X"),(IF(OR(D74="X",D74="x",AND(COUNTA(B74,C74,E74,F74)>0,(LEN(SUBSTITUTE(SUBSTITUTE(SUBSTITUTE(B74," ",""),"0",""),"-",""))+LEN(SUBSTITUTE(SUBSTITUTE(SUBSTITUTE(C74," ",""),"0",""),"-","")))=(LEN(SUBSTITUTE(SUBSTITUTE(SUBSTITUTE(E74," ",""),"0",""),"-",""))+LEN(SUBSTITUTE(SUBSTITUTE(SUBSTITUTE(F74," ",""),"0",""),"-",""))))),1,0)+IF(OR(D75="X",D75="x",AND(COUNTA(B75,C75,E75,F75)>0,(LEN(SUBSTITUTE(SUBSTITUTE(SUBSTITUTE(B75," ",""),"0",""),"-",""))+LEN(SUBSTITUTE(SUBSTITUTE(SUBSTITUTE(C75," ",""),"0",""),"-","")))=(LEN(SUBSTITUTE(SUBSTITUTE(SUBSTITUTE(E75," ",""),"0",""),"-",""))+LEN(SUBSTITUTE(SUBSTITUTE(SUBSTITUTE(F75," ",""),"0",""),"-",""))))),1,0)+IF(OR(D76="X",D76="x",AND(COUNTA(B76,C76,E76,F76)>0,(LEN(SUBSTITUTE(SUBSTITUTE(SUBSTITUTE(B76," ",""),"0",""),"-",""))+LEN(SUBSTITUTE(SUBSTITUTE(SUBSTITUTE(C76," ",""),"0",""),"-","")))=(LEN(SUBSTITUTE(SUBSTITUTE(SUBSTITUTE(E76," ",""),"0",""),"-",""))+LEN(SUBSTITUTE(SUBSTITUTE(SUBSTITUTE(F76," ",""),"0",""),"-",""))))),1,0)+IF(OR(D77="X",D77="x",AND(COUNTA(B77,C77,E77,F77)>0,(LEN(SUBSTITUTE(SUBSTITUTE(SUBSTITUTE(B77," ",""),"0",""),"-",""))+LEN(SUBSTITUTE(SUBSTITUTE(SUBSTITUTE(C77," ",""),"0",""),"-","")))=(LEN(SUBSTITUTE(SUBSTITUTE(SUBSTITUTE(E77," ",""),"0",""),"-",""))+LEN(SUBSTITUTE(SUBSTITUTE(SUBSTITUTE(F77," ",""),"0",""),"-",""))))),1,0)+IF(OR(D78="X",D78="x",AND(COUNTA(B78,C78,E78,F78)>0,(LEN(SUBSTITUTE(SUBSTITUTE(SUBSTITUTE(B78," ",""),"0",""),"-",""))+LEN(SUBSTITUTE(SUBSTITUTE(SUBSTITUTE(C78," ",""),"0",""),"-","")))=(LEN(SUBSTITUTE(SUBSTITUTE(SUBSTITUTE(E78," ",""),"0",""),"-",""))+LEN(SUBSTITUTE(SUBSTITUTE(SUBSTITUTE(F78," ",""),"0",""),"-",""))))),1,0)),0)+IF(OR(COUNTA(B90:C94,E90:F94)>0,OR(D89="X",D89="x"),UPPER(D90)="X",UPPER(D91)="X",UPPER(D92)="X",UPPER(D93)="X",UPPER(D94)="X"),(IF(OR(D90="X",D90="x",AND(COUNTA(B90,C90,E90,F90)>0,(LEN(SUBSTITUTE(SUBSTITUTE(SUBSTITUTE(B90," ",""),"0",""),"-",""))+LEN(SUBSTITUTE(SUBSTITUTE(SUBSTITUTE(C90," ",""),"0",""),"-","")))=(LEN(SUBSTITUTE(SUBSTITUTE(SUBSTITUTE(E90," ",""),"0",""),"-",""))+LEN(SUBSTITUTE(SUBSTITUTE(SUBSTITUTE(F90," ",""),"0",""),"-",""))))),1,0)+IF(OR(D91="X",D91="x",AND(COUNTA(B91,C91,E91,F91)>0,(LEN(SUBSTITUTE(SUBSTITUTE(SUBSTITUTE(B91," ",""),"0",""),"-",""))+LEN(SUBSTITUTE(SUBSTITUTE(SUBSTITUTE(C91," ",""),"0",""),"-","")))=(LEN(SUBSTITUTE(SUBSTITUTE(SUBSTITUTE(E91," ",""),"0",""),"-",""))+LEN(SUBSTITUTE(SUBSTITUTE(SUBSTITUTE(F91," ",""),"0",""),"-",""))))),1,0)+IF(OR(D92="X",D92="x",AND(COUNTA(B92,C92,E92,F92)>0,(LEN(SUBSTITUTE(SUBSTITUTE(SUBSTITUTE(B92," ",""),"0",""),"-",""))+LEN(SUBSTITUTE(SUBSTITUTE(SUBSTITUTE(C92," ",""),"0",""),"-","")))=(LEN(SUBSTITUTE(SUBSTITUTE(SUBSTITUTE(E92," ",""),"0",""),"-",""))+LEN(SUBSTITUTE(SUBSTITUTE(SUBSTITUTE(F92," ",""),"0",""),"-",""))))),1,0)+IF(OR(D93="X",D93="x",AND(COUNTA(B93,C93,E93,F93)>0,(LEN(SUBSTITUTE(SUBSTITUTE(SUBSTITUTE(B93," ",""),"0",""),"-",""))+LEN(SUBSTITUTE(SUBSTITUTE(SUBSTITUTE(C93," ",""),"0",""),"-","")))=(LEN(SUBSTITUTE(SUBSTITUTE(SUBSTITUTE(E93," ",""),"0",""),"-",""))+LEN(SUBSTITUTE(SUBSTITUTE(SUBSTITUTE(F93," ",""),"0",""),"-",""))))),1,0)+IF(OR(D94="X",D94="x",AND(COUNTA(B94,C94,E94,F94)>0,(LEN(SUBSTITUTE(SUBSTITUTE(SUBSTITUTE(B94," ",""),"0",""),"-",""))+LEN(SUBSTITUTE(SUBSTITUTE(SUBSTITUTE(C94," ",""),"0",""),"-","")))=(LEN(SUBSTITUTE(SUBSTITUTE(SUBSTITUTE(E94," ",""),"0",""),"-",""))+LEN(SUBSTITUTE(SUBSTITUTE(SUBSTITUTE(F94," ",""),"0",""),"-",""))))),1,0)),0) | E104: =C73+E89 | F104: =E73+C89
A105: =data!$D$9&" "&data!$B$9 | B105: =IF(OR(COUNTA(B82:C86,E82:F86)>0,OR(D81="X",D81="x"),UPPER(D82)="X",UPPER(D83)="X",UPPER(D84)="X",UPPER(D85)="X",UPPER(D86)="X"),B81,0)+IF(OR(COUNTA(B90:C94,E90:F94)>0,OR(D89="X",D89="x"),UPPER(D90)="X",UPPER(D91)="X",UPPER(D92)="X",UPPER(D93)="X",UPPER(D94)="X"),B89,0) | C105: =IF(OR(COUNTA(B82:C86,E82:F86)>0,OR(D81="X",D81="x"),UPPER(D82)="X",UPPER(D83)="X",UPPER(D84)="X",UPPER(D85)="X",UPPER(D86)="X"),F81,0)+IF(OR(COUNTA(B90:C94,E90:F94)>0,OR(D89="X",D89="x"),UPPER(D90)="X",UPPER(D91)="X",UPPER(D92)="X",UPPER(D93)="X",UPPER(D94)="X"),F89,0) | D105: =IF(OR(COUNTA(B82:C86,E82:F86)>0,OR(D81="X",D81="x"),UPPER(D82)="X",UPPER(D83)="X",UPPER(D84)="X",UPPER(D85)="X",UPPER(D86)="X"),(IF(OR(D82="X",D82="x",AND(COUNTA(B82,C82,E82,F82)>0,(LEN(SUBSTITUTE(SUBSTITUTE(SUBSTITUTE(B82," ",""),"0",""),"-",""))+LEN(SUBSTITUTE(SUBSTITUTE(SUBSTITUTE(C82," ",""),"0",""),"-","")))=(LEN(SUBSTITUTE(SUBSTITUTE(SUBSTITUTE(E82," ",""),"0",""),"-",""))+LEN(SUBSTITUTE(SUBSTITUTE(SUBSTITUTE(F82," ",""),"0",""),"-",""))))),1,0)+IF(OR(D83="X",D83="x",AND(COUNTA(B83,C83,E83,F83)>0,(LEN(SUBSTITUTE(SUBSTITUTE(SUBSTITUTE(B83," ",""),"0",""),"-",""))+LEN(SUBSTITUTE(SUBSTITUTE(SUBSTITUTE(C83," ",""),"0",""),"-","")))=(LEN(SUBSTITUTE(SUBSTITUTE(SUBSTITUTE(E83," ",""),"0",""),"-",""))+LEN(SUBSTITUTE(SUBSTITUTE(SUBSTITUTE(F83," ",""),"0",""),"-",""))))),1,0)+IF(OR(D84="X",D84="x",AND(COUNTA(B84,C84,E84,F84)>0,(LEN(SUBSTITUTE(SUBSTITUTE(SUBSTITUTE(B84," ",""),"0",""),"-",""))+LEN(SUBSTITUTE(SUBSTITUTE(SUBSTITUTE(C84," ",""),"0",""),"-","")))=(LEN(SUBSTITUTE(SUBSTITUTE(SUBSTITUTE(E84," ",""),"0",""),"-",""))+LEN(SUBSTITUTE(SUBSTITUTE(SUBSTITUTE(F84," ",""),"0",""),"-",""))))),1,0)+IF(OR(D85="X",D85="x",AND(COUNTA(B85,C85,E85,F85)>0,(LEN(SUBSTITUTE(SUBSTITUTE(SUBSTITUTE(B85," ",""),"0",""),"-",""))+LEN(SUBSTITUTE(SUBSTITUTE(SUBSTITUTE(C85," ",""),"0",""),"-","")))=(LEN(SUBSTITUTE(SUBSTITUTE(SUBSTITUTE(E85," ",""),"0",""),"-",""))+LEN(SUBSTITUTE(SUBSTITUTE(SUBSTITUTE(F85," ",""),"0",""),"-",""))))),1,0)+IF(OR(D86="X",D86="x",AND(COUNTA(B86,C86,E86,F86)>0,(LEN(SUBSTITUTE(SUBSTITUTE(SUBSTITUTE(B86," ",""),"0",""),"-",""))+LEN(SUBSTITUTE(SUBSTITUTE(SUBSTITUTE(C86," ",""),"0",""),"-","")))=(LEN(SUBSTITUTE(SUBSTITUTE(SUBSTITUTE(E86," ",""),"0",""),"-",""))+LEN(SUBSTITUTE(SUBSTITUTE(SUBSTITUTE(F86," ",""),"0",""),"-",""))))),1,0)),0)+IF(OR(COUNTA(B90:C94,E90:F94)>0,OR(D89="X",D89="x"),UPPER(D90)="X",UPPER(D91)="X",UPPER(D92)="X",UPPER(D93)="X",UPPER(D94)="X"),(IF(OR(D90="X",D90="x",AND(COUNTA(B90,C90,E90,F90)>0,(LEN(SUBSTITUTE(SUBSTITUTE(SUBSTITUTE(B90," ",""),"0",""),"-",""))+LEN(SUBSTITUTE(SUBSTITUTE(SUBSTITUTE(C90," ",""),"0",""),"-","")))=(LEN(SUBSTITUTE(SUBSTITUTE(SUBSTITUTE(E90," ",""),"0",""),"-",""))+LEN(SUBSTITUTE(SUBSTITUTE(SUBSTITUTE(F90," ",""),"0",""),"-",""))))),1,0)+IF(OR(D91="X",D91="x",AND(COUNTA(B91,C91,E91,F91)>0,(LEN(SUBSTITUTE(SUBSTITUTE(SUBSTITUTE(B91," ",""),"0",""),"-",""))+LEN(SUBSTITUTE(SUBSTITUTE(SUBSTITUTE(C91," ",""),"0",""),"-","")))=(LEN(SUBSTITUTE(SUBSTITUTE(SUBSTITUTE(E91," ",""),"0",""),"-",""))+LEN(SUBSTITUTE(SUBSTITUTE(SUBSTITUTE(F91," ",""),"0",""),"-",""))))),1,0)+IF(OR(D92="X",D92="x",AND(COUNTA(B92,C92,E92,F92)>0,(LEN(SUBSTITUTE(SUBSTITUTE(SUBSTITUTE(B92," ",""),"0",""),"-",""))+LEN(SUBSTITUTE(SUBSTITUTE(SUBSTITUTE(C92," ",""),"0",""),"-","")))=(LEN(SUBSTITUTE(SUBSTITUTE(SUBSTITUTE(E92," ",""),"0",""),"-",""))+LEN(SUBSTITUTE(SUBSTITUTE(SUBSTITUTE(F92," ",""),"0",""),"-",""))))),1,0)+IF(OR(D93="X",D93="x",AND(COUNTA(B93,C93,E93,F93)>0,(LEN(SUBSTITUTE(SUBSTITUTE(SUBSTITUTE(B93," ",""),"0",""),"-",""))+LEN(SUBSTITUTE(SUBSTITUTE(SUBSTITUTE(C93," ",""),"0",""),"-","")))=(LEN(SUBSTITUTE(SUBSTITUTE(SUBSTITUTE(E93," ",""),"0",""),"-",""))+LEN(SUBSTITUTE(SUBSTITUTE(SUBSTITUTE(F93," ",""),"0",""),"-",""))))),1,0)+IF(OR(D94="X",D94="x",AND(COUNTA(B94,C94,E94,F94)>0,(LEN(SUBSTITUTE(SUBSTITUTE(SUBSTITUTE(B94," ",""),"0",""),"-",""))+LEN(SUBSTITUTE(SUBSTITUTE(SUBSTITUTE(C94," ",""),"0",""),"-","")))=(LEN(SUBSTITUTE(SUBSTITUTE(SUBSTITUTE(E94," ",""),"0",""),"-",""))+LEN(SUBSTITUTE(SUBSTITUTE(SUBSTITUTE(F94," ",""),"0",""),"-",""))))),1,0)),0) | E105: =C81+C89 | F105: =E81+E89
G108: Ranking
F109: 1. | G109: =IFERROR(INDEX($A$98:$A$105, MATCH(1, $G$98:$G$105, 0)), "-")
F110: 2. | G110: =IFERROR(INDEX($A$98:$A$105, MATCH(2, $G$98:$G$105, 0)), "-")
F111: 3. | G111: =IFERROR(INDEX($A$98:$A$105, MATCH(3, $G$98:$G$105, 0)), "-")

Sheet Elimination Matches
A1: Shiaijo A | I1: Shiaijo B
A2: Round 1 - Match 1 | I2: Round 1 - Match 2
A3: White | D3: vs | G3: Red | I3: White | L3: vs | O3: Red
A4: =CONCATENATE("Pool C-2nd ",'Pool Matches'!O65) | G4: =CONCATENATE("Pool B-1st ",'Pool Matches'!G109) | I4: =CONCATENATE("Pool B-2nd ",'Pool Matches'!G110) | O4: =CONCATENATE("Pool A-2nd ",'Pool Matches'!G67)
A5: 1 | G5: 1 | I5: 1 | O5: 1
A6: 2 | G6: 2 | I6: 2 | O6: 2
A7: 3 | G7: 3 | I7: 3 | O7: 3
A8: 4 | G8: 4 | I8: 4 | O8: 4
A9: 5 | G9: 5 | I9: 5 | O9: 5
A11: =CONCATENATE("Pool C-2nd ",'Pool Matches'!O65) | B11: IV | C11: PW | E11: PW | F11: IV | G11: =CONCATENATE("Pool B-1st ",'Pool Matches'!G109) | I11: =CONCATENATE("Pool B-2nd ",'Pool Matches'!G110) | J11: IV | K11: PW | M11: PW | N11: IV | O11: =CONCATENATE("Pool A-2nd ",'Pool Matches'!G67)
A12: Victories / Points | B12: =IF(UPPER(D5)="X",0,IF((LEN(SUBSTITUTE(SUBSTITUTE(SUBSTITUTE(B5," ",""),"0",""),"-",""))+LEN(SUBSTITUTE(SUBSTITUTE(SUBSTITUTE(C5," ",""),"0",""),"-","")))>(LEN(SUBSTITUTE(SUBSTITUTE(SUBSTITUTE(E5," ",""),"0",""),"-",""))+LEN(SUBSTITUTE(SUBSTITUTE(SUBSTITUTE(F5," ",""),"0",""),"-",""))),1,0))+IF(UPPER(D6)="X",0,IF((LEN(SUBSTITUTE(SUBSTITUTE(SUBSTITUTE(B6," ",""),"0",""),"-",""))+LEN(SUBSTITUTE(SUBSTITUTE(SUBSTITUTE(C6," ",""),"0",""),"-","")))>(LEN(SUBSTITUTE(SUBSTITUTE(SUBSTITUTE(E6," ",""),"0",""),"-",""))+LEN(SUBSTITUTE(SUBSTITUTE(SUBSTITUTE(F6," ",""),"0",""),"-",""))),1,0))+IF(UPPER(D7)="X",0,IF((LEN(SUBSTITUTE(SUBSTITUTE(SUBSTITUTE(B7," ",""),"0",""),"-",""))+LEN(SUBSTITUTE(SUBSTITUTE(SUBSTITUTE(C7," ",""),"0",""),"-","")))>(LEN(SUBSTITUTE(SUBSTITUTE(SUBSTITUTE(E7," ",""),"0",""),"-",""))+LEN(SUBSTITUTE(SUBSTITUTE(SUBSTITUTE(F7," ",""),"0",""),"-",""))),1,0))+IF(UPPER(D8)="X",0,IF((LEN(SUBSTITUTE(SUBSTITUTE(SUBSTITUTE(B8," ",""),"0",""),"-",""))+LEN(SUBSTITUTE(SUBSTITUTE(SUBSTITUTE(C8," ",""),"0",""),"-","")))>(LEN(SUBSTITUTE(SUBSTITUTE(SUBSTITUTE(E8," ",""),"0",""),"-",""))+LEN(SUBSTITUTE(SUBSTITUTE(SUBSTITUTE(F8," ",""),"0",""),"-",""))),1,0))+IF(UPPER(D9)="X",0,IF((LEN(SUBSTITUTE(SUBSTITUTE(SUBSTITUTE(B9," ",""),"0",""),"-",""))+LEN(SUBSTITUTE(SUBSTITUTE(SUBSTITUTE(C9," ",""),"0",""),"-","")))>(LEN(SUBSTITUTE(SUBSTITUTE(SUBSTITUTE(E9," ",""),"0",""),"-",""))+LEN(SUBSTITUTE(SUBSTITUTE(SUBSTITUTE(F9," ",""),"0",""),"-",""))),1,0)) | C12: =LEN(SUBSTITUTE(SUBSTITUTE(SUBSTITUTE(B5," ",""),"0",""),"-",""))+LEN(SUBSTITUTE(SUBSTITUTE(SUBSTITUTE(C5," ",""),"0",""),"-",""))+LEN(SUBSTITUTE(SUBSTITUTE(SUBSTITUTE(B6," ",""),"0",""),"-",""))+LEN(SUBSTITUTE(SUBSTITUTE(SUBSTITUTE(C6," ",""),"0",""),"-",""))+LEN(SUBSTITUTE(SUBSTITUTE(SUBSTITUTE(B7," ",""),"0",""),"-",""))+LEN(SUBSTITUTE(SUBSTITUTE(SUBSTITUTE(C7," ",""),"0",""),"-",""))+LEN(SUBSTITUTE(SUBSTITUTE(SUBSTITUTE(B8," ",""),"0",""),"-",""))+LEN(SUBSTITUTE(SUBSTITUTE(SUBSTITUTE(C8," ",""),"0",""),"-",""))+LEN(SUBSTITUTE(SUBSTITUTE(SUBSTITUTE(B9," ",""),"0",""),"-",""))+LEN(SUBSTITUTE(SUBSTITUTE(SUBSTITUTE(C9," ",""),"0",""),"-","")) | E12: =LEN(SUBSTITUTE(SUBSTITUTE(SUBSTITUTE(E5," ",""),"0",""),"-",""))+LEN(SUBSTITUTE(SUBSTITUTE(SUBSTITUTE(F5," ",""),"0",""),"-",""))+LEN(SUBSTITUTE(SUBSTITUTE(SUBSTITUTE(E6," ",""),"0",""),"-",""))+LEN(SUBSTITUTE(SUBSTITUTE(SUBSTITUTE(F6," ",""),"0",""),"-",""))+LEN(SUBSTITUTE(SUBSTITUTE(SUBSTITUTE(E7," ",""),"0",""),"-",""))+LEN(SUBSTITUTE(SUBSTITUTE(SUBSTITUTE(F7," ",""),"0",""),"-",""))+LEN(SUBSTITUTE(SUBSTITUTE(SUBSTITUTE(E8," ",""),"0",""),"-",""))+LEN(SUBSTITUTE(SUBSTITUTE(SUBSTITUTE(F8," ",""),"0",""),"-",""))+LEN(SUBSTITUTE(SUBSTITUTE(SUBSTITUTE(E9," ",""),"0",""),"-",""))+LEN(SUBSTITUTE(SUBSTITUTE(SUBSTITUTE(F9," ",""),"0",""),"-","")) | F12: =IF(UPPER(D5)="X",0,IF((LEN(SUBSTITUTE(SUBSTITUTE(SUBSTITUTE(E5," ",""),"0",""),"-",""))+LEN(SUBSTITUTE(SUBSTITUTE(SUBSTITUTE(F5," ",""),"0",""),"-","")))>(LEN(SUBSTITUTE(SUBSTITUTE(SUBSTITUTE(B5," ",""),"0",""),"-",""))+LEN(SUBSTITUTE(SUBSTITUTE(SUBSTITUTE(C5," ",""),"0",""),"-",""))),1,0))+IF(UPPER(D6)="X",0,IF((LEN(SUBSTITUTE(SUBSTITUTE(SUBSTITUTE(E6," ",""),"0",""),"-",""))+LEN(SUBSTITUTE(SUBSTITUTE(SUBSTITUTE(F6," ",""),"0",""),"-","")))>(LEN(SUBSTITUTE(SUBSTITUTE(SUBSTITUTE(B6," ",""),"0",""),"-",""))+LEN(SUBSTITUTE(SUBSTITUTE(SUBSTITUTE(C6," ",""),"0",""),"-",""))),1,0))+IF(UPPER(D7)="X",0,IF((LEN(SUBSTITUTE(SUBSTITUTE(SUBSTITUTE(E7," ",""),"0",""),"-",""))+LEN(SUBSTITUTE(SUBSTITUTE(SUBSTITUTE(F7," ",""),"0",""),"-","")))>(LEN(SUBSTITUTE(SUBSTITUTE(SUBSTITUTE(B7," ",""),"0",""),"-",""))+LEN(SUBSTITUTE(SUBSTITUTE(SUBSTITUTE(C7," ",""),"0",""),"-",""))),1,0))+IF(UPPER(D8)="X",0,IF((LEN(SUBSTITUTE(SUBSTITUTE(SUBSTITUTE(E8," ",""),"0",""),"-",""))+LEN(SUBSTITUTE(SUBSTITUTE(SUBSTITUTE(F8," ",""),"0",""),"-","")))>(LEN(SUBSTITUTE(SUBSTITUTE(SUBSTITUTE(B8," ",""),"0",""),"-",""))+LEN(SUBSTITUTE(SUBSTITUTE(SUBSTITUTE(C8," ",""),"0",""),"-",""))),1,0))+IF(UPPER(D9)="X",0,IF((LEN(SUBSTITUTE(SUBSTITUTE(SUBSTITUTE(E9," ",""),"0",""),"-",""))+LEN(SUBSTITUTE(SUBSTITUTE(SUBSTITUTE(F9," ",""),"0",""),"-","")))>(LEN(SUBSTITUTE(SUBSTITUTE(SUBSTITUTE(B9," ",""),"0",""),"-",""))+LEN(SUBSTITUTE(SUBSTITUTE(SUBSTITUTE(C9," ",""),"0",""),"-",""))),1,0)) | G12: Victories / Points | I12: Victories / Points | J12: =IF(UPPER(L5)="X",0,IF((LEN(SUBSTITUTE(SUBSTITUTE(SUBSTITUTE(J5," ",""),"0",""),"-",""))+LEN(SUBSTITUTE(SUBSTITUTE(SUBSTITUTE(K5," ",""),"0",""),"-","")))>(LEN(SUBSTITUTE(SUBSTITUTE(SUBSTITUTE(M5," ",""),"0",""),"-",""))+LEN(SUBSTITUTE(SUBSTITUTE(SUBSTITUTE(N5," ",""),"0",""),"-",""))),1,0))+IF(UPPER(L6)="X",0,IF((LEN(SUBSTITUTE(SUBSTITUTE(SUBSTITUTE(J6," ",""),"0",""),"-",""))+LEN(SUBSTITUTE(SUBSTITUTE(SUBSTITUTE(K6," ",""),"0",""),"-","")))>(LEN(SUBSTITUTE(SUBSTITUTE(SUBSTITUTE(M6," ",""),"0",""),"-",""))+LEN(SUBSTITUTE(SUBSTITUTE(SUBSTITUTE(N6," ",""),"0",""),"-",""))),1,0))+IF(UPPER(L7)="X",0,IF((LEN(SUBSTITUTE(SUBSTITUTE(SUBSTITUTE(J7," ",""),"0",""),"-",""))+LEN(SUBSTITUTE(SUBSTITUTE(SUBSTITUTE(K7," ",""),"0",""),"-","")))>(LEN(SUBSTITUTE(SUBSTITUTE(SUBSTITUTE(M7," ",""),"0",""),"-",""))+LEN(SUBSTITUTE(SUBSTITUTE(SUBSTITUTE(N7," ",""),"0",""),"-",""))),1,0))+IF(UPPER(L8)="X",0,IF((LEN(SUBSTITUTE(SUBSTITUTE(SUBSTITUTE(J8," ",""),"0",""),"-",""))+LEN(SUBSTITUTE(SUBSTITUTE(SUBSTITUTE(K8," ",""),"0",""),"-","")))>(LEN(SUBSTITUTE(SUBSTITUTE(SUBSTITUTE(M8," ",""),"0",""),"-",""))+LEN(SUBSTITUTE(SUBSTITUTE(SUBSTITUTE(N8," ",""),"0",""),"-",""))),1,0))+IF(UPPER(L9)="X",0,IF((LEN(SUBSTITUTE(SUBSTITUTE(SUBSTITUTE(J9," ",""),"0",""),"-",""))+LEN(SUBSTITUTE(SUBSTITUTE(SUBSTITUTE(K9," ",""),"0",""),"-","")))>(LEN(SUBSTITUTE(SUBSTITUTE(SUBSTITUTE(M9," ",""),"0",""),"-",""))+LEN(SUBSTITUTE(SUBSTITUTE(SUBSTITUTE(N9," ",""),"0",""),"-",""))),1,0)) | K12: =LEN(SUBSTITUTE(SUBSTITUTE(SUBSTITUTE(J5," ",""),"0",""),"-",""))+LEN(SUBSTITUTE(SUBSTITUTE(SUBSTITUTE(K5," ",""),"0",""),"-",""))+LEN(SUBSTITUTE(SUBSTITUTE(SUBSTITUTE(J6," ",""),"0",""),"-",""))+LEN(SUBSTITUTE(SUBSTITUTE(SUBSTITUTE(K6," ",""),"0",""),"-",""))+LEN(SUBSTITUTE(SUBSTITUTE(SUBSTITUTE(J7," ",""),"0",""),"-",""))+LEN(SUBSTITUTE(SUBSTITUTE(SUBSTITUTE(K7," ",""),"0",""),"-",""))+LEN(SUBSTITUTE(SUBSTITUTE(SUBSTITUTE(J8," ",""),"0",""),"-",""))+LEN(SUBSTITUTE(SUBSTITUTE(SUBSTITUTE(K8," ",""),"0",""),"-",""))+LEN(SUBSTITUTE(SUBSTITUTE(SUBSTITUTE(J9," ",""),"0",""),"-",""))+LEN(SUBSTITUTE(SUBSTITUTE(SUBSTITUTE(K9," ",""),"0",""),"-","")) | M12: =LEN(SUBSTITUTE(SUBSTITUTE(SUBSTITUTE(M5," ",""),"0",""),"-",""))+LEN(SUBSTITUTE(SUBSTITUTE(SUBSTITUTE(N5," ",""),"0",""),"-",""))+LEN(SUBSTITUTE(SUBSTITUTE(SUBSTITUTE(M6," ",""),"0",""),"-",""))+LEN(SUBSTITUTE(SUBSTITUTE(SUBSTITUTE(N6," ",""),"0",""),"-",""))+LEN(SUBSTITUTE(SUBSTITUTE(SUBSTITUTE(M7," ",""),"0",""),"-",""))+LEN(SUBSTITUTE(SUBSTITUTE(SUBSTITUTE(N7," ",""),"0",""),"-",""))+LEN(SUBSTITUTE(SUBSTITUTE(SUBSTITUTE(M8," ",""),"0",""),"-",""))+LEN(SUBSTITUTE(SUBSTITUTE(SUBSTITUTE(N8," ",""),"0",""),"-",""))+LEN(SUBSTITUTE(SUBSTITUTE(SUBSTITUTE(M9," ",""),"0",""),"-",""))+LEN(SUBSTITUTE(SUBSTITUTE(SUBSTITUTE(N9," ",""),"0",""),"-","")) | N12: =IF(UPPER(L5)="X",0,IF((LEN(SUBSTITUTE(SUBSTITUTE(SUBSTITUTE(M5," ",""),"0",""),"-",""))+LEN(SUBSTITUTE(SUBSTITUTE(SUBSTITUTE(N5," ",""),"0",""),"-","")))>(LEN(SUBSTITUTE(SUBSTITUTE(SUBSTITUTE(J5," ",""),"0",""),"-",""))+LEN(SUBSTITUTE(SUBSTITUTE(SUBSTITUTE(K5," ",""),"0",""),"-",""))),1,0))+IF(UPPER(L6)="X",0,IF((LEN(SUBSTITUTE(SUBSTITUTE(SUBSTITUTE(M6," ",""),"0",""),"-",""))+LEN(SUBSTITUTE(SUBSTITUTE(SUBSTITUTE(N6," ",""),"0",""),"-","")))>(LEN(SUBSTITUTE(SUBSTITUTE(SUBSTITUTE(J6," ",""),"0",""),"-",""))+LEN(SUBSTITUTE(SUBSTITUTE(SUBSTITUTE(K6," ",""),"0",""),"-",""))),1,0))+IF(UPPER(L7)="X",0,IF((LEN(SUBSTITUTE(SUBSTITUTE(SUBSTITUTE(M7," ",""),"0",""),"-",""))+LEN(SUBSTITUTE(SUBSTITUTE(SUBSTITUTE(N7," ",""),"0",""),"-","")))>(LEN(SUBSTITUTE(SUBSTITUTE(SUBSTITUTE(J7," ",""),"0",""),"-",""))+LEN(SUBSTITUTE(SUBSTITUTE(SUBSTITUTE(K7," ",""),"0",""),"-",""))),1,0))+IF(UPPER(L8)="X",0,IF((LEN(SUBSTITUTE(SUBSTITUTE(SUBSTITUTE(M8," ",""),"0",""),"-",""))+LEN(SUBSTITUTE(SUBSTITUTE(SUBSTITUTE(N8," ",""),"0",""),"-","")))>(LEN(SUBSTITUTE(SUBSTITUTE(SUBSTITUTE(J8," ",""),"0",""),"-",""))+LEN(SUBSTITUTE(SUBSTITUTE(SUBSTITUTE(K8," ",""),"0",""),"-",""))),1,0))+IF(UPPER(L9)="X",0,IF((LEN(SUBSTITUTE(SUBSTITUTE(SUBSTITUTE(M9," ",""),"0",""),"-",""))+LEN(SUBSTITUTE(SUBSTITUTE(SUBSTITUTE(N9," ",""),"0",""),"-","")))>(LEN(SUBSTITUTE(SUBSTITUTE(SUBSTITUTE(J9," ",""),"0",""),"-",""))+LEN(SUBSTITUTE(SUBSTITUTE(SUBSTITUTE(K9," ",""),"0",""),"-",""))),1,0)) | O12: Victories / Points
F15: 1. | N15: 1.
F16: 2. | N16: 2.
A23: Round 2 - Match 3 | I23: Round 2 - Match 4
A24: White | D24: vs | G24: Red | I24: White | L24: vs | O24: Red
A25: =CONCATENATE("M 1 ",G15) | G25: =CONCATENATE("Pool A-1st ",'Pool Matches'!G66) | I25: =CONCATENATE("M 2 ",O15) | O25: =CONCATENATE("Pool C-1st ",'Pool Matches'!O64)
A26: 1 | G26: 1 | I26: 1 | O26: 1
A27: 2 | G27: 2 | I27: 2 | O27: 2
A28: 3 | G28: 3 | I28: 3 | O28: 3
A29: 4 | G29: 4 | I29: 4 | O29: 4
A30: 5 | G30: 5 | I30: 5 | O30: 5
A32: =CONCATENATE("M 1 ",G15) | B32: IV | C32: PW | E32: PW | F32: IV | G32: =CONCATENATE("Pool A-1st ",'Pool Matches'!G66) | I32: =CONCATENATE("M 2 ",O15) | J32: IV | K32: PW | M32: PW | N32: IV | O32: =CONCATENATE("Pool C-1st ",'Pool Matches'!O64)
A33: Victories / Points | B33: =IF(UPPER(D26)="X",0,IF((LEN(SUBSTITUTE(SUBSTITUTE(SUBSTITUTE(B26," ",""),"0",""),"-",""))+LEN(SUBSTITUTE(SUBSTITUTE(SUBSTITUTE(C26," ",""),"0",""),"-","")))>(LEN(SUBSTITUTE(SUBSTITUTE(SUBSTITUTE(E26," ",""),"0",""),"-",""))+LEN(SUBSTITUTE(SUBSTITUTE(SUBSTITUTE(F26," ",""),"0",""),"-",""))),1,0))+IF(UPPER(D27)="X",0,IF((LEN(SUBSTITUTE(SUBSTITUTE(SUBSTITUTE(B27," ",""),"0",""),"-",""))+LEN(SUBSTITUTE(SUBSTITUTE(SUBSTITUTE(C27," ",""),"0",""),"-","")))>(LEN(SUBSTITUTE(SUBSTITUTE(SUBSTITUTE(E27," ",""),"0",""),"-",""))+LEN(SUBSTITUTE(SUBSTITUTE(SUBSTITUTE(F27," ",""),"0",""),"-",""))),1,0))+IF(UPPER(D28)="X",0,IF((LEN(SUBSTITUTE(SUBSTITUTE(SUBSTITUTE(B28," ",""),"0",""),"-",""))+LEN(SUBSTITUTE(SUBSTITUTE(SUBSTITUTE(C28," ",""),"0",""),"-","")))>(LEN(SUBSTITUTE(SUBSTITUTE(SUBSTITUTE(E28," ",""),"0",""),"-",""))+LEN(SUBSTITUTE(SUBSTITUTE(SUBSTITUTE(F28," ",""),"0",""),"-",""))),1,0))+IF(UPPER(D29)="X",0,IF((LEN(SUBSTITUTE(SUBSTITUTE(SUBSTITUTE(B29," ",""),"0",""),"-",""))+LEN(SUBSTITUTE(SUBSTITUTE(SUBSTITUTE(C29," ",""),"0",""),"-","")))>(LEN(SUBSTITUTE(SUBSTITUTE(SUBSTITUTE(E29," ",""),"0",""),"-",""))+LEN(SUBSTITUTE(SUBSTITUTE(SUBSTITUTE(F29," ",""),"0",""),"-",""))),1,0))+IF(UPPER(D30)="X",0,IF((LEN(SUBSTITUTE(SUBSTITUTE(SUBSTITUTE(B30," ",""),"0",""),"-",""))+LEN(SUBSTITUTE(SUBSTITUTE(SUBSTITUTE(C30," ",""),"0",""),"-","")))>(LEN(SUBSTITUTE(SUBSTITUTE(SUBSTITUTE(E30," ",""),"0",""),"-",""))+LEN(SUBSTITUTE(SUBSTITUTE(SUBSTITUTE(F30," ",""),"0",""),"-",""))),1,0)) | C33: =LEN(SUBSTITUTE(SUBSTITUTE(SUBSTITUTE(B26," ",""),"0",""),"-",""))+LEN(SUBSTITUTE(SUBSTITUTE(SUBSTITUTE(C26," ",""),"0",""),"-",""))+LEN(SUBSTITUTE(SUBSTITUTE(SUBSTITUTE(B27," ",""),"0",""),"-",""))+LEN(SUBSTITUTE(SUBSTITUTE(SUBSTITUTE(C27," ",""),"0",""),"-",""))+LEN(SUBSTITUTE(SUBSTITUTE(SUBSTITUTE(B28," ",""),"0",""),"-",""))+LEN(SUBSTITUTE(SUBSTITUTE(SUBSTITUTE(C28," ",""),"0",""),"-",""))+LEN(SUBSTITUTE(SUBSTITUTE(SUBSTITUTE(B29," ",""),"0",""),"-",""))+LEN(SUBSTITUTE(SUBSTITUTE(SUBSTITUTE(C29," ",""),"0",""),"-",""))+LEN(SUBSTITUTE(SUBSTITUTE(SUBSTITUTE(B30," ",""),"0",""),"-",""))+LEN(SUBSTITUTE(SUBSTITUTE(SUBSTITUTE(C30," ",""),"0",""),"-","")) | E33: =LEN(SUBSTITUTE(SUBSTITUTE(SUBSTITUTE(E26," ",""),"0",""),"-",""))+LEN(SUBSTITUTE(SUBSTITUTE(SUBSTITUTE(F26," ",""),"0",""),"-",""))+LEN(SUBSTITUTE(SUBSTITUTE(SUBSTITUTE(E27," ",""),"0",""),"-",""))+LEN(SUBSTITUTE(SUBSTITUTE(SUBSTITUTE(F27," ",""),"0",""),"-",""))+LEN(SUBSTITUTE(SUBSTITUTE(SUBSTITUTE(E28," ",""),"0",""),"-",""))+LEN(SUBSTITUTE(SUBSTITUTE(SUBSTITUTE(F28," ",""),"0",""),"-",""))+LEN(SUBSTITUTE(SUBSTITUTE(SUBSTITUTE(E29," ",""),"0",""),"-",""))+LEN(SUBSTITUTE(SUBSTITUTE(SUBSTITUTE(F29," ",""),"0",""),"-",""))+LEN(SUBSTITUTE(SUBSTITUTE(SUBSTITUTE(E30," ",""),"0",""),"-",""))+LEN(SUBSTITUTE(SUBSTITUTE(SUBSTITUTE(F30," ",""),"0",""),"-","")) | F33: =IF(UPPER(D26)="X",0,IF((LEN(SUBSTITUTE(SUBSTITUTE(SUBSTITUTE(E26," ",""),"0",""),"-",""))+LEN(SUBSTITUTE(SUBSTITUTE(SUBSTITUTE(F26," ",""),"0",""),"-","")))>(LEN(SUBSTITUTE(SUBSTITUTE(SUBSTITUTE(B26," ",""),"0",""),"-",""))+LEN(SUBSTITUTE(SUBSTITUTE(SUBSTITUTE(C26," ",""),"0",""),"-",""))),1,0))+IF(UPPER(D27)="X",0,IF((LEN(SUBSTITUTE(SUBSTITUTE(SUBSTITUTE(E27," ",""),"0",""),"-",""))+LEN(SUBSTITUTE(SUBSTITUTE(SUBSTITUTE(F27," ",""),"0",""),"-","")))>(LEN(SUBSTITUTE(SUBSTITUTE(SUBSTITUTE(B27," ",""),"0",""),"-",""))+LEN(SUBSTITUTE(SUBSTITUTE(SUBSTITUTE(C27," ",""),"0",""),"-",""))),1,0))+IF(UPPER(D28)="X",0,IF((LEN(SUBSTITUTE(SUBSTITUTE(SUBSTITUTE(E28," ",""),"0",""),"-",""))+LEN(SUBSTITUTE(SUBSTITUTE(SUBSTITUTE(F28," ",""),"0",""),"-","")))>(LEN(SUBSTITUTE(SUBSTITUTE(SUBSTITUTE(B28," ",""),"0",""),"-",""))+LEN(SUBSTITUTE(SUBSTITUTE(SUBSTITUTE(C28," ",""),"0",""),"-",""))),1,0))+IF(UPPER(D29)="X",0,IF((LEN(SUBSTITUTE(SUBSTITUTE(SUBSTITUTE(E29," ",""),"0",""),"-",""))+LEN(SUBSTITUTE(SUBSTITUTE(SUBSTITUTE(F29," ",""),"0",""),"-","")))>(LEN(SUBSTITUTE(SUBSTITUTE(SUBSTITUTE(B29," ",""),"0",""),"-",""))+LEN(SUBSTITUTE(SUBSTITUTE(SUBSTITUTE(C29," ",""),"0",""),"-",""))),1,0))+IF(UPPER(D30)="X",0,IF((LEN(SUBSTITUTE(SUBSTITUTE(SUBSTITUTE(E30," ",""),"0",""),"-",""))+LEN(SUBSTITUTE(SUBSTITUTE(SUBSTITUTE(F30," ",""),"0",""),"-","")))>(LEN(SUBSTITUTE(SUBSTITUTE(SUBSTITUTE(B30," ",""),"0",""),"-",""))+LEN(SUBSTITUTE(SUBSTITUTE(SUBSTITUTE(C30," ",""),"0",""),"-",""))),1,0)) | G33: Victories / Points | I33: Victories / Points | J33: =IF(UPPER(L26)="X",0,IF((LEN(SUBSTITUTE(SUBSTITUTE(SUBSTITUTE(J26," ",""),"0",""),"-",""))+LEN(SUBSTITUTE(SUBSTITUTE(SUBSTITUTE(K26," ",""),"0",""),"-","")))>(LEN(SUBSTITUTE(SUBSTITUTE(SUBSTITUTE(M26," ",""),"0",""),"-",""))+LEN(SUBSTITUTE(SUBSTITUTE(SUBSTITUTE(N26," ",""),"0",""),"-",""))),1,0))+IF(UPPER(L27)="X",0,IF((LEN(SUBSTITUTE(SUBSTITUTE(SUBSTITUTE(J27," ",""),"0",""),"-",""))+LEN(SUBSTITUTE(SUBSTITUTE(SUBSTITUTE(K27," ",""),"0",""),"-","")))>(LEN(SUBSTITUTE(SUBSTITUTE(SUBSTITUTE(M27," ",""),"0",""),"-",""))+LEN(SUBSTITUTE(SUBSTITUTE(SUBSTITUTE(N27," ",""),"0",""),"-",""))),1,0))+IF(UPPER(L28)="X",0,IF((LEN(SUBSTITUTE(SUBSTITUTE(SUBSTITUTE(J28," ",""),"0",""),"-",""))+LEN(SUBSTITUTE(SUBSTITUTE(SUBSTITUTE(K28," ",""),"0",""),"-","")))>(LEN(SUBSTITUTE(SUBSTITUTE(SUBSTITUTE(M28," ",""),"0",""),"-",""))+LEN(SUBSTITUTE(SUBSTITUTE(SUBSTITUTE(N28," ",""),"0",""),"-",""))),1,0))+IF(UPPER(L29)="X",0,IF((LEN(SUBSTITUTE(SUBSTITUTE(SUBSTITUTE(J29," ",""),"0",""),"-",""))+LEN(SUBSTITUTE(SUBSTITUTE(SUBSTITUTE(K29," ",""),"0",""),"-","")))>(LEN(SUBSTITUTE(SUBSTITUTE(SUBSTITUTE(M29," ",""),"0",""),"-",""))+LEN(SUBSTITUTE(SUBSTITUTE(SUBSTITUTE(N29," ",""),"0",""),"-",""))),1,0))+IF(UPPER(L30)="X",0,IF((LEN(SUBSTITUTE(SUBSTITUTE(SUBSTITUTE(J30," ",""),"0",""),"-",""))+LEN(SUBSTITUTE(SUBSTITUTE(SUBSTITUTE(K30," ",""),"0",""),"-","")))>(LEN(SUBSTITUTE(SUBSTITUTE(SUBSTITUTE(M30," ",""),"0",""),"-",""))+LEN(SUBSTITUTE(SUBSTITUTE(SUBSTITUTE(N30," ",""),"0",""),"-",""))),1,0)) | K33: =LEN(SUBSTITUTE(SUBSTITUTE(SUBSTITUTE(J26," ",""),"0",""),"-",""))+LEN(SUBSTITUTE(SUBSTITUTE(SUBSTITUTE(K26," ",""),"0",""),"-",""))+LEN(SUBSTITUTE(SUBSTITUTE(SUBSTITUTE(J27," ",""),"0",""),"-",""))+LEN(SUBSTITUTE(SUBSTITUTE(SUBSTITUTE(K27," ",""),"0",""),"-",""))+LEN(SUBSTITUTE(SUBSTITUTE(SUBSTITUTE(J28," ",""),"0",""),"-",""))+LEN(SUBSTITUTE(SUBSTITUTE(SUBSTITUTE(K28," ",""),"0",""),"-",""))+LEN(SUBSTITUTE(SUBSTITUTE(SUBSTITUTE(J29," ",""),"0",""),"-",""))+LEN(SUBSTITUTE(SUBSTITUTE(SUBSTITUTE(K29," ",""),"0",""),"-",""))+LEN(SUBSTITUTE(SUBSTITUTE(SUBSTITUTE(J30," ",""),"0",""),"-",""))+LEN(SUBSTITUTE(SUBSTITUTE(SUBSTITUTE(K30," ",""),"0",""),"-","")) | M33: =LEN(SUBSTITUTE(SUBSTITUTE(SUBSTITUTE(M26," ",""),"0",""),"-",""))+LEN(SUBSTITUTE(SUBSTITUTE(SUBSTITUTE(N26," ",""),"0",""),"-",""))+LEN(SUBSTITUTE(SUBSTITUTE(SUBSTITUTE(M27," ",""),"0",""),"-",""))+LEN(SUBSTITUTE(SUBSTITUTE(SUBSTITUTE(N27," ",""),"0",""),"-",""))+LEN(SUBSTITUTE(SUBSTITUTE(SUBSTITUTE(M28," ",""),"0",""),"-",""))+LEN(SUBSTITUTE(SUBSTITUTE(SUBSTITUTE(N28," ",""),"0",""),"-",""))+LEN(SUBSTITUTE(SUBSTITUTE(SUBSTITUTE(M29," ",""),"0",""),"-",""))+LEN(SUBSTITUTE(SUBSTITUTE(SUBSTITUTE(N29," ",""),"0",""),"-",""))+LEN(SUBSTITUTE(SUBSTITUTE(SUBSTITUTE(M30," ",""),"0",""),"-",""))+LEN(SUBSTITUTE(SUBSTITUTE(SUBSTITUTE(N30," ",""),"0",""),"-","")) | N33: =IF(UPPER(L26)="X",0,IF((LEN(SUBSTITUTE(SUBSTITUTE(SUBSTITUTE(M26," ",""),"0",""),"-",""))+LEN(SUBSTITUTE(SUBSTITUTE(SUBSTITUTE(N26," ",""),"0",""),"-","")))>(LEN(SUBSTITUTE(SUBSTITUTE(SUBSTITUTE(J26," ",""),"0",""),"-",""))+LEN(SUBSTITUTE(SUBSTITUTE(SUBSTITUTE(K26," ",""),"0",""),"-",""))),1,0))+IF(UPPER(L27)="X",0,IF((LEN(SUBSTITUTE(SUBSTITUTE(SUBSTITUTE(M27," ",""),"0",""),"-",""))+LEN(SUBSTITUTE(SUBSTITUTE(SUBSTITUTE(N27," ",""),"0",""),"-","")))>(LEN(SUBSTITUTE(SUBSTITUTE(SUBSTITUTE(J27," ",""),"0",""),"-",""))+LEN(SUBSTITUTE(SUBSTITUTE(SUBSTITUTE(K27," ",""),"0",""),"-",""))),1,0))+IF(UPPER(L28)="X",0,IF((LEN(SUBSTITUTE(SUBSTITUTE(SUBSTITUTE(M28," ",""),"0",""),"-",""))+LEN(SUBSTITUTE(SUBSTITUTE(SUBSTITUTE(N28," ",""),"0",""),"-","")))>(LEN(SUBSTITUTE(SUBSTITUTE(SUBSTITUTE(J28," ",""),"0",""),"-",""))+LEN(SUBSTITUTE(SUBSTITUTE(SUBSTITUTE(K28," ",""),"0",""),"-",""))),1,0))+IF(UPPER(L29)="X",0,IF((LEN(SUBSTITUTE(SUBSTITUTE(SUBSTITUTE(M29," ",""),"0",""),"-",""))+LEN(SUBSTITUTE(SUBSTITUTE(SUBSTITUTE(N29," ",""),"0",""),"-","")))>(LEN(SUBSTITUTE(SUBSTITUTE(SUBSTITUTE(J29," ",""),"0",""),"-",""))+LEN(SUBSTITUTE(SUBSTITUTE(SUBSTITUTE(K29," ",""),"0",""),"-",""))),1,0))+IF(UPPER(L30)="X",0,IF((LEN(SUBSTITUTE(SUBSTITUTE(SUBSTITUTE(M30," ",""),"0",""),"-",""))+LEN(SUBSTITUTE(SUBSTITUTE(SUBSTITUTE(N30," ",""),"0",""),"-","")))>(LEN(SUBSTITUTE(SUBSTITUTE(SUBSTITUTE(J30," ",""),"0",""),"-",""))+LEN(SUBSTITUTE(SUBSTITUTE(SUBSTITUTE(K30," ",""),"0",""),"-",""))),1,0)) | O33: Victories / Points
F36: 1. | N36: 1.
F37: 2. | N37: 2.
A44: Round 3 - Match 5
A45: White | D45: vs | G45: Red
A46: =CONCATENATE("M 4 ",O36) | G46: =CONCATENATE("M 3 ",G36)
A47: 1 | G47: 1
A48: 2 | G48: 2
A49: 3 | G49: 3
A50: 4 | G50: 4
A51: 5 | G51: 5
A53: =CONCATENATE("M 4 ",O36) | B53: IV | C53: PW | E53: PW | F53: IV | G53: =CONCATENATE("M 3 ",G36)
A54: Victories / Points | B54: =IF(UPPER(D47)="X",0,IF((LEN(SUBSTITUTE(SUBSTITUTE(SUBSTITUTE(B47," ",""),"0",""),"-",""))+LEN(SUBSTITUTE(SUBSTITUTE(SUBSTITUTE(C47," ",""),"0",""),"-","")))>(LEN(SUBSTITUTE(SUBSTITUTE(SUBSTITUTE(E47," ",""),"0",""),"-",""))+LEN(SUBSTITUTE(SUBSTITUTE(SUBSTITUTE(F47," ",""),"0",""),"-",""))),1,0))+IF(UPPER(D48)="X",0,IF((LEN(SUBSTITUTE(SUBSTITUTE(SUBSTITUTE(B48," ",""),"0",""),"-",""))+LEN(SUBSTITUTE(SUBSTITUTE(SUBSTITUTE(C48," ",""),"0",""),"-","")))>(LEN(SUBSTITUTE(SUBSTITUTE(SUBSTITUTE(E48," ",""),"0",""),"-",""))+LEN(SUBSTITUTE(SUBSTITUTE(SUBSTITUTE(F48," ",""),"0",""),"-",""))),1,0))+IF(UPPER(D49)="X",0,IF((LEN(SUBSTITUTE(SUBSTITUTE(SUBSTITUTE(B49," ",""),"0",""),"-",""))+LEN(SUBSTITUTE(SUBSTITUTE(SUBSTITUTE(C49," ",""),"0",""),"-","")))>(LEN(SUBSTITUTE(SUBSTITUTE(SUBSTITUTE(E49," ",""),"0",""),"-",""))+LEN(SUBSTITUTE(SUBSTITUTE(SUBSTITUTE(F49," ",""),"0",""),"-",""))),1,0))+IF(UPPER(D50)="X",0,IF((LEN(SUBSTITUTE(SUBSTITUTE(SUBSTITUTE(B50," ",""),"0",""),"-",""))+LEN(SUBSTITUTE(SUBSTITUTE(SUBSTITUTE(C50," ",""),"0",""),"-","")))>(LEN(SUBSTITUTE(SUBSTITUTE(SUBSTITUTE(E50," ",""),"0",""),"-",""))+LEN(SUBSTITUTE(SUBSTITUTE(SUBSTITUTE(F50," ",""),"0",""),"-",""))),1,0))+IF(UPPER(D51)="X",0,IF((LEN(SUBSTITUTE(SUBSTITUTE(SUBSTITUTE(B51," ",""),"0",""),"-",""))+LEN(SUBSTITUTE(SUBSTITUTE(SUBSTITUTE(C51," ",""),"0",""),"-","")))>(LEN(SUBSTITUTE(SUBSTITUTE(SUBSTITUTE(E51," ",""),"0",""),"-",""))+LEN(SUBSTITUTE(SUBSTITUTE(SUBSTITUTE(F51," ",""),"0",""),"-",""))),1,0)) | C54: =LEN(SUBSTITUTE(SUBSTITUTE(SUBSTITUTE(B47," ",""),"0",""),"-",""))+LEN(SUBSTITUTE(SUBSTITUTE(SUBSTITUTE(C47," ",""),"0",""),"-",""))+LEN(SUBSTITUTE(SUBSTITUTE(SUBSTITUTE(B48," ",""),"0",""),"-",""))+LEN(SUBSTITUTE(SUBSTITUTE(SUBSTITUTE(C48," ",""),"0",""),"-",""))+LEN(SUBSTITUTE(SUBSTITUTE(SUBSTITUTE(B49," ",""),"0",""),"-",""))+LEN(SUBSTITUTE(SUBSTITUTE(SUBSTITUTE(C49," ",""),"0",""),"-",""))+LEN(SUBSTITUTE(SUBSTITUTE(SUBSTITUTE(B50," ",""),"0",""),"-",""))+LEN(SUBSTITUTE(SUBSTITUTE(SUBSTITUTE(C50," ",""),"0",""),"-",""))+LEN(SUBSTITUTE(SUBSTITUTE(SUBSTITUTE(B51," ",""),"0",""),"-",""))+LEN(SUBSTITUTE(SUBSTITUTE(SUBSTITUTE(C51," ",""),"0",""),"-","")) | E54: =LEN(SUBSTITUTE(SUBSTITUTE(SUBSTITUTE(E47," ",""),"0",""),"-",""))+LEN(SUBSTITUTE(SUBSTITUTE(SUBSTITUTE(F47," ",""),"0",""),"-",""))+LEN(SUBSTITUTE(SUBSTITUTE(SUBSTITUTE(E48," ",""),"0",""),"-",""))+LEN(SUBSTITUTE(SUBSTITUTE(SUBSTITUTE(F48," ",""),"0",""),"-",""))+LEN(SUBSTITUTE(SUBSTITUTE(SUBSTITUTE(E49," ",""),"0",""),"-",""))+LEN(SUBSTITUTE(SUBSTITUTE(SUBSTITUTE(F49," ",""),"0",""),"-",""))+LEN(SUBSTITUTE(SUBSTITUTE(SUBSTITUTE(E50," ",""),"0",""),"-",""))+LEN(SUBSTITUTE(SUBSTITUTE(SUBSTITUTE(F50," ",""),"0",""),"-",""))+LEN(SUBSTITUTE(SUBSTITUTE(SUBSTITUTE(E51," ",""),"0",""),"-",""))+LEN(SUBSTITUTE(SUBSTITUTE(SUBSTITUTE(F51," ",""),"0",""),"-","")) | F54: =IF(UPPER(D47)="X",0,IF((LEN(SUBSTITUTE(SUBSTITUTE(SUBSTITUTE(E47," ",""),"0",""),"-",""))+LEN(SUBSTITUTE(SUBSTITUTE(SUBSTITUTE(F47," ",""),"0",""),"-","")))>(LEN(SUBSTITUTE(SUBSTITUTE(SUBSTITUTE(B47," ",""),"0",""),"-",""))+LEN(SUBSTITUTE(SUBSTITUTE(SUBSTITUTE(C47," ",""),"0",""),"-",""))),1,0))+IF(UPPER(D48)="X",0,IF((LEN(SUBSTITUTE(SUBSTITUTE(SUBSTITUTE(E48," ",""),"0",""),"-",""))+LEN(SUBSTITUTE(SUBSTITUTE(SUBSTITUTE(F48," ",""),"0",""),"-","")))>(LEN(SUBSTITUTE(SUBSTITUTE(SUBSTITUTE(B48," ",""),"0",""),"-",""))+LEN(SUBSTITUTE(SUBSTITUTE(SUBSTITUTE(C48," ",""),"0",""),"-",""))),1,0))+IF(UPPER(D49)="X",0,IF((LEN(SUBSTITUTE(SUBSTITUTE(SUBSTITUTE(E49," ",""),"0",""),"-",""))+LEN(SUBSTITUTE(SUBSTITUTE(SUBSTITUTE(F49," ",""),"0",""),"-","")))>(LEN(SUBSTITUTE(SUBSTITUTE(SUBSTITUTE(B49," ",""),"0",""),"-",""))+LEN(SUBSTITUTE(SUBSTITUTE(SUBSTITUTE(C49," ",""),"0",""),"-",""))),1,0))+IF(UPPER(D50)="X",0,IF((LEN(SUBSTITUTE(SUBSTITUTE(SUBSTITUTE(E50," ",""),"0",""),"-",""))+LEN(SUBSTITUTE(SUBSTITUTE(SUBSTITUTE(F50," ",""),"0",""),"-","")))>(LEN(SUBSTITUTE(SUBSTITUTE(SUBSTITUTE(B50," ",""),"0",""),"-",""))+LEN(SUBSTITUTE(SUBSTITUTE(SUBSTITUTE(C50," ",""),"0",""),"-",""))),1,0))+IF(UPPER(D51)="X",0,IF((LEN(SUBSTITUTE(SUBSTITUTE(SUBSTITUTE(E51," ",""),"0",""),"-",""))+LEN(SUBSTITUTE(SUBSTITUTE(SUBSTITUTE(F51," ",""),"0",""),"-","")))>(LEN(SUBSTITUTE(SUBSTITUTE(SUBSTITUTE(B51," ",""),"0",""),"-",""))+LEN(SUBSTITUTE(SUBSTITUTE(SUBSTITUTE(C51," ",""),"0",""),"-",""))),1,0)) | G54: Victories / Points
F57: 1.
F58: 2.

Sheet Tree 1
A1: =IF(data!$B$1="","Shiaijo A",data!$B$1&" - Shiaijo A")
A4: ='data'!$A$6
A5: =data!$D$3&" "&data!$B$3
A6: =data!$D$4&" "&data!$B$4 | E6: =CONCATENATE("Pool A-1st ",'Pool Matches'!G66)
A7: =data!$D$5&" "&data!$B$5
A8: =data!$D$6&" "&data!$B$6 | G8: 3
C9: =CONCATENATE("Pool B-1st ",'Pool Matches'!G109)
A10: ='data'!$A$9 | E10: 1
A11: =data!$D$7&" "&data!$B$7 | C11: =CONCATENATE("Pool C-2nd ",'Pool Matches'!O65)
A12: =data!$D$8&" "&data!$B$8
A13: =data!$D$9&" "&data!$B$9

Sheet Tree 2
A1: =IF(data!$B$1="","Shiaijo B",data!$B$1&" - Shiaijo B")
A4: ='data'!$A$12
A5: =data!$D$10&" "&data!$B$10
A6: =data!$D$11&" "&data!$B$11 | E6: =CONCATENATE("Pool C-1st ",'Pool Matches'!O64)
A7: =data!$D$12&" "&data!$B$12
G8: 4
C9: =CONCATENATE("Pool A-2nd ",'Pool Matches'!G67)
E10: 2
C11: =CONCATENATE("Pool B-2nd ",'Pool Matches'!G110)

Sheet Names to Print A
A1: ='data'!$D$3 | B1: ='data'!$B$3
A2: ='data'!$D$4 | B2: ='data'!$B$4
A3: ='data'!$D$5 | B3: ='data'!$B$5
A4: ='data'!$D$6 | B4: ='data'!$B$6
A5: ='data'!$D$7 | B5: ='data'!$B$7
A6: ='data'!$D$8 | B6: ='data'!$B$8
A7: ='data'!$D$9 | B7: ='data'!$B$9

Sheet Names to Print B
A1: ='data'!$D$10 | B1: ='data'!$B$10
A2: ='data'!$D$11 | B2: ='data'!$B$11
A3: ='data'!$D$12 | B3: ='data'!$B$12

Sheet Tags
A1: K1
A2: K1
A3: K2
A4: K2
A5: K3
A6: K3
A7: K4
A8: K4
A9: K5
A10: K5
A11: K6
A12: K6
... A20: K10
