Workbook

Sheet data
A1: Title prefix: | B1: Engi Mixed
A2: Pool | B2: Player Name | C2: Player Dojo | D2: Display Name | E2: Player Number | F2: Metadata
A3: Pool A | B3: Sora Yamamoto | C3: Chuo Dojo | D3: Hana Kato | E3: A1
A4: Pool A | B4: Yuki Tanaka | C4: Kita Dojo | D4: Jun Ito | E4: A2
A5: Pool A | B5: Aoi Ito | C5: Nishi Dojo | D5: Taro Kobayashi | E5: A3
A6: Pool A | B6: Mei Kato | C6: Take Dojo | D6: Dai Suzuki | E6: A4
A7: Pool B | B7: Ren Suzuki | C7: Higashi Dojo | D7: Emi Nakamura | E7: A5
A8: Pool B | B8: Haru Sato | C8: Minami Dojo | D8: Nao Yamamoto | E8: A6
A9: Pool B | B9: Kai Nakamura | C9: Sakura Dojo | D9: Ken Tanaka | E9: A7
A10: Pool B | B10: Rin Kobayashi | C10: Ume Dojo | D10: Yui Sato | E10: A8

Sheet Time Estimator
A1: Number of pools | B1: Team size | C1: Matches per pool | D1: Time per match | E1: Total time for matches | F1: Padding time for rotation | G1: Time for breaks | H1: Total Time
A2: 2 | B2: 1 | C2: 12 | D2: 0.0020833333 | E2: =(A2*B2*C2*D2) | F2: 0.00034722222 | G2: 0.020833333 | H2: =C2*I2+J2
A3: 0 | B3: 0 | C3: 0 | D3: 0.0020833333 | E3: =(A3*B3*C3*D3) | F3: 0.00034722222 | G3: 0.020833333 | H3: =E3+(A3*C3*F3)+G3
A7: Number of Elimination Matches | B7: Team size | D7: Time per match | E7: Total time for matches | F7: Padding time for rotation | G7: Time for breaks | H7: Total Time
A8: 3 | B8: 1 | D8: 0.0027777778 | E8: =(A8*B8*D8) | F8: 0.00034722222 | G8: 0.020833333 | H8: =E8+(A8*F8)+G8
E13: Tournament Summary
A14: 1 | E14: Total Pool Time | H14: =H2
E15: Total Elimination Time | H15: =H8
E16: Grand Total (Sequential) | H16: =H14+H15
E17: Grand Total (Parallel across Courts) | H17: =H16/A14
E18: Start Time: | H18: 0.375
E19: Estimated Finish Time | H19: =H18+H17

Sheet Pool Draw
B2: =IF(data!$B$1="","Tournament Pools",data!$B$1&" - Tournament Pools")
B5: ='data'!$A$6 | D5: ='data'!$A$10
B6: =data!$E$3&" "&data!$B$3 | D6: =data!$E$7&" "&data!$B$7
B7: =data!$E$4&" "&data!$B$4 | D7: =data!$E$8&" "&data!$B$8
B8: =data!$E$5&" "&data!$B$5 | D8: =data!$E$9&" "&data!$B$9
B9: =data!$E$6&" "&data!$B$6 | D9: =data!$E$10&" "&data!$B$10

Sheet Pool Matches
A1: Shiaijo A
A2: ='data'!$A$6
A3: White | D3: vs | G3: Red
A4: =data!$E$4&" "&data!$B$4 | G4: =data!$E$3&" "&data!$B$3
A5: =data!$E$4&" "&data!$B$4 | G5: =data!$E$5&" "&data!$B$5
A6: =data!$E$6&" "&data!$B$6 | G6: =data!$E$5&" "&data!$B$5
A7: =data!$E$6&" "&data!$B$6 | G7: =data!$E$3&" "&data!$B$3
A8: =data!$E$5&" "&data!$B$5 | G8: =data!$E$3&" "&data!$B$3
A9: =data!$E$6&" "&data!$B$6 | G9: =data!$E$4&" "&data!$B$4
A11: Results | B11: W | C11: L | D11: Flags | G11: Rank
A12: =data!$E$3&" "&data!$B$3 | B12: =IF(OR(ISNUMBER(B4),ISNUMBER(F4)),(N(F4)>N(B4))*1,0)+IF(OR(ISNUMBER(B7),ISNUMBER(F7)),(N(F7)>N(B7))*1,0)+IF(OR(ISNUMBER(B8),ISNUMBER(F8)),(N(F8)>N(B8))*1,0) | C12: =IF(OR(ISNUMBER(B4),ISNUMBER(F4)),(N(F4)<N(B4))*1,0)+IF(OR(ISNUMBER(B7),ISNUMBER(F7)),(N(F7)<N(B7))*1,0)+IF(OR(ISNUMBER(B8),ISNUMBER(F8)),(N(F8)<N(B8))*1,0) | D12: =N(F4)+N(F7)+N(F8) | G12: =RANK(U12,$U$12:$U$15)+COUNTIF($U$11:U11,U12) | U12: =(B12*1000000)+(D12)
A13: =data!$E$4&" "&data!$B$4 | B13: =IF(OR(ISNUMBER(B4),ISNUMBER(F4)),(N(B4)>N(F4))*1,0)+IF(OR(ISNUMBER(B5),ISNUMBER(F5)),(N(B5)>N(F5))*1,0)+IF(OR(ISNUMBER(B9),ISNUMBER(F9)),(N(F9)>N(B9))*1,0) | C13: =IF(OR(ISNUMBER(B4),ISNUMBER(F4)),(N(B4)<N(F4))*1,0)+IF(OR(ISNUMBER(B5),ISNUMBER(F5)),(N(B5)<N(F5))*1,0)+IF(OR(ISNUMBER(B9),ISNUMBER(F9)),(N(F9)<N(B9))*1,0) | D13: =N(B4)+N(B5)+N(F9) | G13: =RANK(U13,$U$12:$U$15)+COUNTIF($U$11:U12,U13) | U13: =(B13*1000000)+(D13)
A14: =data!$E$5&" "&data!$B$5 | B14: =IF(OR(ISNUMBER(B5),ISNUMBER(F5)),(N(F5)>N(B5))*1,0)+IF(OR(ISNUMBER(B6),ISNUMBER(F6)),(N(F6)>N(B6))*1,0)+IF(OR(ISNUMBER(B8),ISNUMBER(F8)),(N(B8)>N(F8))*1,0) | C14: =IF(OR(ISNUMBER(B5),ISNUMBER(F5)),(N(F5)<N(B5))*1,0)+IF(OR(ISNUMBER(B6),ISNUMBER(F6)),(N(F6)<N(B6))*1,0)+IF(OR(ISNUMBER(B8),ISNUMBER(F8)),(N(B8)<N(F8))*1,0) | D14: =N(F5)+N(F6)+N(B8) | G14: =RANK(U14,$U$12:$U$15)+COUNTIF($U$11:U13,U14) | U14: =(B14*1000000)+(D14)
A15: =data!$E$6&" "&data!$B$6 | B15: =IF(OR(ISNUMBER(B6),ISNUMBER(F6)),(N(B6)>N(F6))*1,0)+IF(OR(ISNUMBER(B7),ISNUMBER(F7)),(N(B7)>N(F7))*1,0)+IF(OR(ISNUMBER(B9),ISNUMBER(F9)),(N(B9)>N(F9))*1,0) | C15: =IF(OR(ISNUMBER(B6),ISNUMBER(F6)),(N(B6)<N(F6))*1,0)+IF(OR(ISNUMBER(B7),ISNUMBER(F7)),(N(B7)<N(F7))*1,0)+IF(OR(ISNUMBER(B9),ISNUMBER(F9)),(N(B9)<N(F9))*1,0) | D15: =N(B6)+N(B7)+N(B9) | G15: =RANK(U15,$U$12:$U$15)+COUNTIF($U$11:U14,U15) | U15: =(B15*1000000)+(D15)
G18: Ranking
F19: 1. | G19: =IFERROR(INDEX($A$12:$A$15, MATCH(1, $G$12:$G$15, 0)), "-")
F20: 2. | G20: =IFERROR(INDEX($A$12:$A$15, MATCH(2, $G$12:$G$15, 0)), "-")
F21: 3. | G21: =IFERROR(INDEX($A$12:$A$15, MATCH(3, $G$12:$G$15, 0)), "-")
F22: 4. | G22: =IFERROR(INDEX($A$12:$A$15, MATCH(4, $G$12:$G$15, 0)), "-")
A24: ='data'!$A$10
A25: White | D25: vs | G25: Red
A26: =data!$E$8&" "&data!$B$8 | G26: =data!$E$7&" "&data!$B$7
A27: =data!$E$8&" "&data!$B$8 | G27: =data!$E$9&" "&data!$B$9
A28: =data!$E$10&" "&data!$B$10 | G28: =data!$E$9&" "&data!$B$9
A29: =data!$E$10&" "&data!$B$10 | G29: =data!$E$7&" "&data!$B$7
A30: =data!$E$9&" "&data!$B$9 | G30: =data!$E$7&" "&data!$B$7
A31: =data!$E$10&" "&data!$B$10 | G31: =data!$E$8&" "&data!$B$8
A33: Results | B33: W | C33: L | D33: Flags | G33: Rank
A34: =data!$E$7&" "&data!$B$7 | B34: =IF(OR(ISNUMBER(B26),ISNUMBER(F26)),(N(F26)>N(B26))*1,0)+IF(OR(ISNUMBER(B29),ISNUMBER(F29)),(N(F29)>N(B29))*1,0)+IF(OR(ISNUMBER(B30),ISNUMBER(F30)),(N(F30)>N(B30))*1,0) | C34: =IF(OR(ISNUMBER(B26),ISNUMBER(F26)),(N(F26)<N(B26))*1,0)+IF(OR(ISNUMBER(B29),ISNUMBER(F29)),(N(F29)<N(B29))*1,0)+IF(OR(ISNUMBER(B30),ISNUMBER(F30)),(N(F30)<N(B30))*1,0) | D34: =N(F26)+N(F29)+N(F30) | G34: =RANK(U34,$U$34:$U$37)+COUNTIF($U$33:U33,U34) | U34: =(B34*1000000)+(D34)
A35: =data!$E$8&" "&data!$B$8 | B35: =IF(OR(ISNUMBER(B26),ISNUMBER(F26)),(N(B26)>N(F26))*1,0)+IF(OR(ISNUMBER(B27),ISNUMBER(F27)),(N(B27)>N(F27))*1,0)+IF(OR(ISNUMBER(B31),ISNUMBER(F31)),(N(F31)>N(B31))*1,0) | C35: =IF(OR(ISNUMBER(B26),ISNUMBER(F26)),(N(B26)<N(F26))*1,0)+IF(OR(ISNUMBER(B27),ISNUMBER(F27)),(N(B27)<N(F27))*1,0)+IF(OR(ISNUMBER(B31),ISNUMBER(F31)),(N(F31)<N(B31))*1,0) | D35: =N(B26)+N(B27)+N(F31) | G35: =RANK(U35,$U$34:$U$37)+COUNTIF($U$33:U34,U35) | U35: =(B35*1000000)+(D35)
A36: =data!$E$9&" "&data!$B$9 | B36: =IF(OR(ISNUMBER(B27),ISNUMBER(F27)),(N(F27)>N(B27))*1,0)+IF(OR(ISNUMBER(B28),ISNUMBER(F28)),(N(F28)>N(B28))*1,0)+IF(OR(ISNUMBER(B30),ISNUMBER(F30)),(N(B30)>N(F30))*1,0) | C36: =IF(OR(ISNUMBER(B27),ISNUMBER(F27)),(N(F27)<N(B27))*1,0)+IF(OR(ISNUMBER(B28),ISNUMBER(F28)),(N(F28)<N(B28))*1,0)+IF(OR(ISNUMBER(B30),ISNUMBER(F30)),(N(B30)<N(F30))*1,0) | D36: =N(F27)+N(F28)+N(B30) | G36: =RANK(U36,$U$34:$U$37)+COUNTIF($U$33:U35,U36) | U36: =(B36*1000000)+(D36)
A37: =data!$E$10&" "&data!$B$10 | B37: =IF(OR(ISNUMBER(B28),ISNUMBER(F28)),(N(B28)>N(F28))*1,0)+IF(OR(ISNUMBER(B29),ISNUMBER(F29)),(N(B29)>N(F29))*1,0)+IF(OR(ISNUMBER(B31),ISNUMBER(F31)),(N(B31)>N(F31))*1,0) | C37: =IF(OR(ISNUMBER(B28),ISNUMBER(F28)),(N(B28)<N(F28))*1,0)+IF(OR(ISNUMBER(B29),ISNUMBER(F29)),(N(B29)<N(F29))*1,0)+IF(OR(ISNUMBER(B31),ISNUMBER(F31)),(N(B31)<N(F31))*1,0) | D37: =N(B28)+N(B29)+N(B31) | G37: =RANK(U37,$U$34:$U$37)+COUNTIF($U$33:U36,U37) | U37: =(B37*1000000)+(D37)
G40: Ranking
F41: 1. | G41: =IFERROR(INDEX($A$34:$A$37, MATCH(1, $G$34:$G$37, 0)), "-")
F42: 2. | G42: =IFERROR(INDEX($A$34:$A$37, MATCH(2, $G$34:$G$37, 0)), "-")
F43: 3. | G43: =IFERROR(INDEX($A$34:$A$37, MATCH(3, $G$34:$G$37, 0)), "-")
F44: 4. | G44: =IFERROR(INDEX($A$34:$A$37, MATCH(4, $G$34:$G$37, 0)), "-")

Sheet Elimination Matches
A1: Shiaijo A
A2: Round 1 - Match 1
A3: White | D3: vs | G3: Red
A4: =CONCATENATE("Pool B-2nd ",'Pool Matches'!G42) | G4: =CONCATENATE("Pool A-1st ",'Pool Matches'!G19)
F6: 1.
F7: 2.
A10: Round 1 - Match 2
A11: White | D11: vs | G11: Red
A12: =CONCATENATE("Pool A-2nd ",'Pool Matches'!G20) | G12: =CONCATENATE("Pool B-1st ",'Pool Matches'!G41)
F14: 1.
F15: 2.
A23: Round 2 - Match 3
A24: White | D24: vs | G24: Red
A25: =CONCATENATE("M 2 ",G14) | G25: =CONCATENATE("M 1 ",G6)
F27: 1.
F28: 2.
A36: 3rd Place
A37: White | D37: vs | G37: Red
F40: 1.
F41: 2.

Sheet Tree 1
A1: =IF(data!$B$1="","Shiaijo A",data!$B$1&" - Shiaijo A")
A4: ='data'!$A$6
A5: =data!$E$3&" "&data!$B$3 | C5: =CONCATENATE("Pool A-1st ",'Pool Matches'!G19)
A6: =data!$E$4&" "&data!$B$4 | E6: 1
A7: =data!$E$5&" "&data!$B$5 | C7: =CONCATENATE("Pool B-2nd ",'Pool Matches'!G42)
A8: =data!$E$6&" "&data!$B$6 | G8: 3
C9: =CONCATENATE("Pool B-1st ",'Pool Matches'!G41)
A10: ='data'!$A$10 | E10: 2
A11: =data!$E$7&" "&data!$B$7 | C11: =CONCATENATE("Pool A-2nd ",'Pool Matches'!G20)
A12: =data!$E$8&" "&data!$B$8
A13: =data!$E$9&" "&data!$B$9
A14: =data!$E$10&" "&data!$B$10

Sheet Names to Print A
A1: ='data'!$E$3 | B1: ='data'!D3
A2: ='data'!$E$4 | B2: ='data'!D4
A3: ='data'!$E$5 | B3: ='data'!D5
A4: ='data'!$E$6 | B4: ='data'!D6
A5: ='data'!$E$7 | B5: ='data'!D7
A6: ='data'!$E$8 | B6: ='data'!D8
A7: ='data'!$E$9 | B7: ='data'!D9
A8: ='data'!$E$10 | B8: ='data'!D10

Sheet Tags
A1: A1
A2: A1
A3: A2
A4: A2
A5: A3
A6: A3
A7: A4
A8: A4
A9: A5
A10: A5
A11: A6
A12: A6
... A16: A8
