Workbook

Sheet data
A1: Title prefix: | B1: Engi League
A2: Pool | B2: Player Name | C2: Player Dojo | D2: Display Name | E2: Metadata
A3: Pool A | B3: Hikaru Mori | C3: Kaede Dojo | D3: Aya Shimizu
A4: Pool A | B4: Tsubasa Hayashi | C4: Momiji Dojo | D4: Riko Ogawa
A5: Pool A | B5: Itsuki Ishikawa | C5: Fuji Dojo | D5: Saki Maeda
A6: Pool A | B6: Ryo Fujita | C6: Kawa Dojo | D6: Nana Okada
A7: Pool A | B7: Sho Matsumoto | C7: Yama Dojo | D7: Mio Ueda
A8: Pool A | B8: Daiki Hasegawa | C8: Umi Dojo | D8: Koharu Ono

Sheet Time Estimator
A1: Number of pools | B1: Team size | C1: Matches per pool | D1: Time per match | E1: Total time for matches | F1: Padding time for rotation | G1: Time for breaks | H1: Total Time
A2: 2 | B2: 3 | C2: 3 | D2: 0.0020833333 | E2: =(A2*B2*C2*D2) | F2: 0.00034722222 | G2: 0.020833333
A3: 0 | B3: 0 | C3: 0 | D3: 0.0020833333 | E3: =(A3*B3*C3*D3) | F3: 0.00034722222 | G3: 0.020833333 | H3: =E3+(A3*C3*F3)+G3
A7: Number of Elimination Matches | B7: Team size | D7: Time per match | E7: Total time for matches | F7: Padding time for rotation | G7: Time for breaks | H7: Total Time
A8: 5 | B8: 3 | D8: 0.0027777778 | E8: =(A8*B8*D8) | F8: 0.00034722222 | G8: 0.020833333 | H8: =E8+(A8*F8)+G8

Sheet Pool Draw
B2: =IF(data!$B$1="","Tournament Pools",data!$B$1&" - Tournament Pools")
B5: ='data'!$A$8
B6: ="1. " & data!$B$3
B7: ="2. " & data!$B$4
B8: ="3. " & data!$B$5
B9: ="4. " & data!$B$6
B10: ="5. " & data!$B$7
B11: ="6. " & data!$B$8

Sheet Pool Matches
A1: Shiaijo A
A2: ='data'!$A$8
A3: White | D3: vs | G3: Red
A4: ='data'!$B$4 | B4: 4 | F4: 1 | G4: ='data'!$B$3
A5: ='data'!$B$4 | B5: 2 | F5: 1 | G5: ='data'!$B$5
A6: ='data'!$B$6 | B6: 2 | F6: 3 | G6: ='data'!$B$5
A7: ='data'!$B$6 | B7: 3 | F7: 0 | G7: ='data'!$B$7
A8: ='data'!$B$8 | B8: 3 | F8: 2 | G8: ='data'!$B$7
A9: ='data'!$B$5 | B9: 2 | F9: 1 | G9: ='data'!$B$3
A10: ='data'!$B$6 | B10: 0 | F10: 5 | G10: ='data'!$B$4
A11: ='data'!$B$7 | B11: 2 | F11: 3 | G11: ='data'!$B$5
A12: ='data'!$B$8 | B12: 2 | F12: 3 | G12: ='data'!$B$6
A13: ='data'!$B$3 | B13: 1 | F13: 0 | G13: ='data'!$B$6
A14: ='data'!$B$7 | B14: 3 | F14: 2 | G14: ='data'!$B$4
A15: ='data'!$B$8 | B15: 1 | F15: 2 | G15: ='data'!$B$5
A16: ='data'!$B$7 | B16: 3 | F16: 0 | G16: ='data'!$B$3
A17: ='data'!$B$8 | B17: 3 | F17: 2 | G17: ='data'!$B$4
A18: ='data'!$B$8 | B18: 5 | F18: 0 | G18: ='data'!$B$3
A20: Results | B20: W | C20: L | D20: Flags | G20: Rank
A21: ='data'!$B$3 | B21: 1 | C21: 4 | D21: 3 | G21: 6 | U21: =(B21*1000000)+(D21)
A22: ='data'!$B$4 | B22: 3 | C22: 2 | D22: 15 | G22: 2 | U22: =(B22*1000000)+(D22)
A23: ='data'!$B$5 | B23: 4 | C23: 1 | D23: 11 | G23: 1 | U23: =(B23*1000000)+(D23)
A24: ='data'!$B$6 | B24: 2 | C24: 3 | D24: 8 | G24: 5 | U24: =(B24*1000000)+(D24)
A25: ='data'!$B$7 | B25: 2 | C25: 3 | D25: 10 | G25: 4 | U25: =(B25*1000000)+(D25)
A26: ='data'!$B$8 | B26: 3 | C26: 2 | D26: 14 | G26: 3 | U26: =(B26*1000000)+(D26)
G29: Ranking
F30: 1. | G30: Itsuki Ishikawa
F31: 2. | G31: Tsubasa Hayashi
F32: 3. | G32: Daiki Hasegawa
F33: 4. | G33: Sho Matsumoto
F34: 5. | G34: Ryo Fujita
F35: 6. | G35: Hikaru Mori

Sheet Elimination Matches

Sheet Tree

Sheet Names to Print A
A1: A1 | B1: ='data'!D3
A2: A2 | B2: ='data'!D4
A3: A3 | B3: ='data'!D5
A4: A4 | B4: ='data'!D6
A5: A5 | B5: ='data'!D7
A6: A6 | B6: ='data'!D8
