Workbook

Sheet data
A1: Title prefix: | B1: Engi Sample (mixed)
A2: Pool | B2: Player Name | C2: Player Dojo | D2: Display Name | E2: Metadata
A3: Pool A | B3: Yuki Tanaka | C3: Kita Dojo | D3: Jun Ito
A4: Pool A | B4: Ren Suzuki | C4: Higashi Dojo | D4: Emi Nakamura
A5: Pool A | B5: Sora Yamamoto | C5: Chuo Dojo | D5: Hana Kato
A6: Pool A | B6: Rin Kobayashi | C6: Ume Dojo | D6: Yui Sato
A7: Pool B | B7: Haru Sato | C7: Minami Dojo | D7: Nao Yamamoto
A8: Pool B | B8: Aoi Ito | C8: Nishi Dojo | D8: Taro Kobayashi
A9: Pool B | B9: Kai Nakamura | C9: Sakura Dojo | D9: Ken Tanaka
A10: Pool B | B10: Mei Kato | C10: Take Dojo | D10: Dai Suzuki

Sheet Time Estimator
A1: Number of pools | B1: Team size | C1: Matches per pool | D1: Time per match | E1: Total time for matches | F1: Padding time for rotation | G1: Time for breaks | H1: Total Time
A2: 2 | B2: 3 | C2: 3 | D2: 0.0020833333 | E2: =(A2*B2*C2*D2) | F2: 0.00034722222 | G2: 0.020833333
A3: 0 | B3: 0 | C3: 0 | D3: 0.0020833333 | E3: =(A3*B3*C3*D3) | F3: 0.00034722222 | G3: 0.020833333 | H3: =E3+(A3*C3*F3)+G3
A7: Number of Elimination Matches | B7: Team size | D7: Time per match | E7: Total time for matches | F7: Padding time for rotation | G7: Time for breaks | H7: Total Time
A8: 5 | B8: 3 | D8: 0.0027777778 | E8: =(A8*B8*D8) | F8: 0.00034722222 | G8: 0.020833333 | H8: =E8+(A8*F8)+G8

Sheet Pool Draw
B2: =IF(data!$B$1="","Tournament Pools",data!$B$1&" - Tournament Pools")
B5: ='data'!$A$6 | D5: ='data'!$A$10
B6: ="1. " & data!$B$3 | D6: ="1. " & data!$B$7
B7: ="2. " & data!$B$4 | D7: ="2. " & data!$B$8
B8: ="3. " & data!$B$5 | D8: ="3. " & data!$B$9
B9: ="4. " & data!$B$6 | D9: ="4. " & data!$B$10

Sheet Pool Matches
A1: Shiaijo A
A2: ='data'!$A$6
A3: Red | D3: vs | G3: White
A4: ='data'!$B$3 | G4: ='data'!$B$4
A5: ='data'!$B$5 | G5: ='data'!$B$4
A6: ='data'!$B$5 | G6: ='data'!$B$6
A7: ='data'!$B$3 | G7: ='data'!$B$6
A8: ='data'!$B$3 | G8: ='data'!$B$5
A9: ='data'!$B$4 | G9: ='data'!$B$6
A11: Results | B11: W | C11: L | D11: Flags | G11: Rank
A12: ='data'!$B$3 | B12: =0 | C12: =0 | D12: =0 | G12: =RANK(U12,$U$12:$U$15)+COUNTIF($U$11:U11,U12) | U12: =(B12*1000000)+(D12)
A13: ='data'!$B$4 | B13: =0 | C13: =0 | D13: =0 | G13: =RANK(U13,$U$12:$U$15)+COUNTIF($U$11:U12,U13) | U13: =(B13*1000000)+(D13)
A14: ='data'!$B$5 | B14: =0 | C14: =0 | D14: =0 | G14: =RANK(U14,$U$12:$U$15)+COUNTIF($U$11:U13,U14) | U14: =(B14*1000000)+(D14)
A15: ='data'!$B$6 | B15: =0 | C15: =0 | D15: =0 | G15: =RANK(U15,$U$12:$U$15)+COUNTIF($U$11:U14,U15) | U15: =(B15*1000000)+(D15)
G18: Ranking
F19: 1. | G19: =IFERROR(INDEX($A$12:$A$15, MATCH(1, $G$12:$G$15, 0)), "-")
F20: 2. | G20: =IFERROR(INDEX($A$12:$A$15, MATCH(2, $G$12:$G$15, 0)), "-")
F21: 3. | G21: =IFERROR(INDEX($A$12:$A$15, MATCH(3, $G$12:$G$15, 0)), "-")
F22: 4. | G22: =IFERROR(INDEX($A$12:$A$15, MATCH(4, $G$12:$G$15, 0)), "-")
A24: ='data'!$A$10
A25: Red | D25: vs | G25: White
A26: ='data'!$B$7 | G26: ='data'!$B$8
A27: ='data'!$B$9 | G27: ='data'!$B$8
A28: ='data'!$B$9 | G28: ='data'!$B$10
A29: ='data'!$B$7 | G29: ='data'!$B$10
A30: ='data'!$B$7 | G30: ='data'!$B$9
A31: ='data'!$B$8 | G31: ='data'!$B$10
A33: Results | B33: W | C33: L | D33: Flags | G33: Rank
A34: ='data'!$B$7 | B34: =0 | C34: =0 | D34: =0 | G34: =RANK(U34,$U$34:$U$37)+COUNTIF($U$33:U33,U34) | U34: =(B34*1000000)+(D34)
A35: ='data'!$B$8 | B35: =0 | C35: =0 | D35: =0 | G35: =RANK(U35,$U$34:$U$37)+COUNTIF($U$33:U34,U35) | U35: =(B35*1000000)+(D35)
A36: ='data'!$B$9 | B36: =0 | C36: =0 | D36: =0 | G36: =RANK(U36,$U$34:$U$37)+COUNTIF($U$33:U35,U36) | U36: =(B36*1000000)+(D36)
A37: ='data'!$B$10 | B37: =0 | C37: =0 | D37: =0 | G37: =RANK(U37,$U$34:$U$37)+COUNTIF($U$33:U36,U37) | U37: =(B37*1000000)+(D37)
G40: Ranking
F41: 1. | G41: =IFERROR(INDEX($A$34:$A$37, MATCH(1, $G$34:$G$37, 0)), "-")
F42: 2. | G42: =IFERROR(INDEX($A$34:$A$37, MATCH(2, $G$34:$G$37, 0)), "-")
F43: 3. | G43: =IFERROR(INDEX($A$34:$A$37, MATCH(3, $G$34:$G$37, 0)), "-")
F44: 4. | G44: =IFERROR(INDEX($A$34:$A$37, MATCH(4, $G$34:$G$37, 0)), "-")

Sheet Elimination Matches
A2: 3rd Place
A3: Red | D3: vs | G3: White
F6: 1.
F7: 2.

Sheet Tree
A1: =IF(data!$B$1="","Engi Sample (mixed)",data!$B$1&" - Engi Sample (mixed)")
C2: =CONCATENATE("Pool A-1st ",'Pool Matches'!G19)
C4: =CONCATENATE("Pool B-2nd ",'Pool Matches'!G42)
C6: =CONCATENATE("Pool B-1st ",'Pool Matches'!G41)
C8: =CONCATENATE("Pool A-2nd ",'Pool Matches'!G20)

Sheet Names to Print A
A1: A1 | B1: ='data'!D3
A2: A2 | B2: ='data'!D4
A3: A3 | B3: ='data'!D5
A4: A4 | B4: ='data'!D6
A5: B1 | B5: ='data'!D7
A6: B2 | B6: ='data'!D8
A7: B3 | B7: ='data'!D9
A8: B4 | B8: ='data'!D10

Sheet Tags
A1: A1
A2: A1
A3: A2
A4: A2
A5: A3
A6: A3
A7: A4
A8: A4
A9: B1
A10: B1
A11: B2
A12: B2
... A16: B4
